id,e_00,e_01,e_02,e_03,e_04,e_05,e_06,e_07,e_08,e_09,e_10,e_11,e_12,e_13,e_14,e_15,e_16,e_17,e_18,e_19,e_20,e_21,e_22,e_23
mm_caa07d34afbbd2,0.016938,0.329552,0.223208,0.107136,0.035128,0.007679,0.000071,0.029332,0.078142,0.087240,0.079196,0.100974,0.000810,0.007721,0.016856,0.015701,0.020513,0.012107,0.000061,0.000147,0.038994,0.046451,0.058453,0.042764
mm_6d81d40d95c981,0.016938,0.044214,0.040560,0.042801,0.044397,0.031239,0.001619,0.000001,0.005620,0.007513,0.010705,0.028540,0.000403,0.000050,0.218255,0.127346,0.130050,0.150750,0.001867,0.000004,0.015528,0.012748,0.013290,0.030937
mm_e3c77cb450083b,0.016938,0.000000,0.001643,0.004308,0.003764,0.002362,0.000000,0.000010,0.115705,0.171154,0.126804,0.028626,0.000018,0.281972,0.365474,0.417590,0.438132,0.459948,0.004048,0.045888,0.048041,0.041014,0.055656,0.054005
mm_e41d3f5ad76015,0.016938,0.510008,0.063456,0.025804,0.019426,0.001492,0.000090,0.000001,0.064196,0.165098,0.199519,0.261673,0.068216,0.145180,0.152996,0.126313,0.141803,0.084967,0.031832,0.132911,0.101172,0.170106,0.029610,0.033837
mm_b7eae5d248a65f,0.016938,0.002278,0.005379,0.003788,0.000945,0.000299,0.000000,0.000959,0.032275,0.021787,0.006832,0.004191,0.000019,0.083662,0.094863,0.101561,0.199258,0.090325,0.000601,0.092560,0.160595,0.118246,0.096457,0.067840
mm_19f4a31e912b3a,0.016938,0.176971,0.147165,0.128559,0.183829,0.085516,0.008242,0.000015,0.064727,0.105179,0.113982,0.322638,0.187917,0.171740,0.152282,0.190078,0.306295,0.434892,0.115387,0.035161,0.037268,0.095103,0.027887,0.026552
mm_023b05c1855dd5,0.016938,0.003335,0.000945,0.001615,0.000192,0.000057,0.000000,0.104008,0.175020,0.184480,0.219405,0.341268,0.808903,0.002804,0.017864,0.016638,0.005751,0.008306,0.000107,0.063002,0.034584,0.029164,0.011784,0.013059
mm_3636455394954a,0.016938,0.000000,0.000000,0.000000,0.000002,0.000001,0.000000,0.000076,0.000043,0.000008,0.000014,0.000026,0.000001,0.000000,0.000009,0.000000,0.000010,0.000051,0.000001,0.000168,0.001099,0.000272,0.000825,0.001859
mm_ec059f1030a66f,0.016938,0.002431,0.000253,0.000149,0.000030,0.000036,0.000004,0.000000,0.000062,0.000095,0.000063,0.000021,0.000000,0.010583,0.048885,0.063938,0.162662,0.314807,0.019683,0.012332,0.008728,0.003102,0.001652,0.002163
mm_bd57cb41b5f4d8,0.016938,0.048879,0.111667,0.068077,0.071751,0.021576,0.003377,0.153613,0.174115,0.139682,0.068931,0.201604,0.040849,0.095180,0.025696,0.031703,0.003361,0.005292,0.004395,0.017460,0.016034,0.013435,0.020360,0.020690
mm_370caabdc80be6,0.016938,0.002720,0.005420,0.012644,0.010222,0.008472,0.000005,0.026818,0.091866,0.073971,0.081557,0.053422,0.000796,0.447839,0.173058,0.122342,0.129372,0.018791,0.001866,0.028099,0.071164,0.044639,0.090870,0.057918
mm_33f426002d5394,0.016938,0.032721,0.052801,0.050285,0.029978,0.011224,0.000449,0.000001,0.037878,0.045917,0.034583,0.008188,0.000088,0.001999,0.004738,0.001545,0.004838,0.000517,0.000110,0.028017,0.036806,0.026746,0.013085,0.017064
mm_8fbba247657793,0.016938,0.008485,0.010187,0.012362,0.028235,0.027090,0.040564,0.181347,0.323561,0.314966,0.339814,0.261828,0.305948,0.053542,0.010228,0.022816,0.004082,0.000658,0.004613,0.000002,0.001588,0.000966,0.006904,0.011907
mm_aeab3d0ed33ad8,0.016938,0.001886,0.001563,0.000611,0.002694,0.001683,0.000475,0.002726,0.001306,0.001073,0.000155,0.000176,0.000342,0.000003,0.003282,0.006669,0.006065,0.000968,0.000542,0.001369,0.003462,0.000417,0.002367,0.034629
mm_360c5227d11ea4,0.016938,0.172172,0.355734,0.305652,0.234010,0.105030,0.000704,0.000000,0.011184,0.067354,0.083889,0.154253,0.006879,0.000000,0.009577,0.013796,0.096244,0.095760,0.000067,0.152335,0.097963,0.063056,0.075581,0.062945
mm_1154399ebc3cb0,0.016938,0.091401,0.044501,0.036197,0.014580,0.007074,0.001803,0.832149,0.538465,0.282723,0.017224,0.067298,0.012402,0.046992,0.033696,0.038926,0.067685,0.057529,0.179574,0.069839,0.045903,0.043802,0.035488,0.022640
mm_e2acdbee4153c9,0.016938,0.223760,0.143125,0.090400,0.104678,0.029806,0.011468,0.080539,0.058791,0.046980,0.026194,0.015859,0.007910,0.019564,0.029037,0.057604,0.119498,0.215099,0.815817,0.082193,0.048870,0.048966,0.008038,0.010086
mm_e5747f7a0f7dc9,0.016938,0.014830,0.083844,0.142480,0.133472,0.159571,0.000852,0.037784,0.026993,0.015915,0.006687,0.002158,0.000066,0.349674,0.085271,0.037934,0.002657,0.005377,0.000243,0.177510,0.122565,0.090526,0.077898,0.069085
mm_cbb221501fb3bb,0.016938,0.000000,0.000333,0.000212,0.000556,0.000713,0.000021,0.002639,0.029364,0.022370,0.018413,0.009271,0.000200,0.056788,0.012685,0.004941,0.002395,0.000409,0.000003,0.000000,0.002712,0.000697,0.005494,0.017834
mm_68e566a98220ee,0.016938,0.000070,0.001080,0.001709,0.005445,0.013082,0.000067,0.000061,0.028304,0.039111,0.043012,0.221891,0.215525,0.000001,0.000318,0.000364,0.000569,0.000133,0.000000,0.021302,0.019311,0.005549,0.009430,0.016763
mm_7052aa3a516fe0,0.016938,0.000000,0.000266,0.000158,0.000228,0.000094,0.000007,0.000094,0.000348,0.000054,0.000061,0.000225,0.000112,0.000000,0.000007,0.000001,0.000001,0.000007,0.000000,0.000175,0.001028,0.000068,0.000724,0.001788
mm_5b8e559da81dab,0.016938,0.029410,0.020965,0.014282,0.017783,0.011913,0.001775,0.001775,0.001620,0.001905,0.000574,0.000150,0.000010,0.498005,0.300217,0.291819,0.284565,0.149671,0.008493,0.162911,0.034053,0.043917,0.004666,0.003515
mm_8b1418cf8169d7,0.016938,0.166984,0.174185,0.191970,0.079974,0.031085,0.001379,0.000518,0.001093,0.001136,0.000675,0.002304,0.000073,0.067560,0.027303,0.021898,0.012488,0.006850,0.000064,0.050431,0.037113,0.028031,0.020808,0.016511
mm_1713990f697700,0.016938,0.000235,0.010253,0.010077,0.067040,0.154963,0.331128,0.001003,0.073026,0.072650,0.058533,0.225769,0.065289,0.000001,0.000527,0.000336,0.002394,0.001150,0.000002,0.000002,0.003831,0.000530,0.002592,0.010994
mm_5e23486ed0dd1c,0.016938,0.094620,0.103245,0.074512,0.085962,0.049011,0.001079,0.003194,0.009640,0.008003,0.008779,0.006402,0.000049,0.136099,0.076045,0.028171,0.004249,0.002994,0.000016,0.005476,0.010784,0.001817,0.003138,0.011589
mm_8958864f60c85e,0.016938,0.001838,0.002347,0.004531,0.000952,0.000579,0.000005,0.000153,0.236841,0.240148,0.157440,0.170635,0.003085,0.041734,0.009609,0.005332,0.001801,0.000964,0.000015,0.176905,0.092611,0.076338,0.061450,0.026238
mm_84d8cf7f8242fd,0.016938,0.000002,0.001940,0.003846,0.001620,0.000642,0.000305,0.000000,0.000204,0.000113,0.000300,0.000216,0.000003,0.000151,0.000133,0.000004,0.000018,0.000067,0.000000,0.006687,0.005020,0.000746,0.002469,0.002690
mm_09adcc53c1c603,0.016938,0.000000,0.007535,0.017524,0.041003,0.017023,0.007497,0.006296,0.032845,0.034029,0.012723,0.016311,0.003104,0.000055,0.000956,0.000278,0.004060,0.004546,0.000392,0.006220,0.041453,0.053036,0.034459,0.031574
mm_e2f8d32a9c3fe7,0.016938,0.000084,0.042745,0.094665,0.175714,0.473452,0.589498,0.000011,0.022431,0.070115,0.051696,0.039819,0.000077,0.000000,0.000698,0.000959,0.001927,0.002360,0.000002,0.145355,0.232674,0.191444,0.099413,0.122622
mm_c62f6ed8bb5f21,0.016938,0.002026,0.005630,0.003037,0.005373,0.000814,0.000017,0.028007,0.082160,0.073914,0.032827,0.037856,0.000080,0.000000,0.000174,0.000045,0.000414,0.002281,0.000216,0.013323,0.042295,0.057649,0.060963,0.070120
mm_d6d5b1e3dde3b9,0.016938,0.000183,0.007043,0.006858,0.012068,0.138191,0.042805,0.074953,0.247087,0.249986,0.204859,0.261023,0.002528,0.000000,0.000492,0.000523,0.000823,0.000099,0.000006,0.130283,0.132398,0.099381,0.089534,0.048219
mm_3759c88969c407,0.016938,0.009547,0.084306,0.127334,0.142333,0.277136,0.926662,0.311463,0.339221,0.231165,0.228370,0.105399,0.002843,0.213901,0.241069,0.210202,0.219734,0.150289,0.001959,0.024886,0.026185,0.015126,0.008804,0.011354
mm_40bea11bd77b55,0.016938,0.000663,0.002634,0.002549,0.002054,0.000897,0.000024,0.000000,0.000013,0.000001,0.000002,0.000007,0.000000,0.000656,0.002431,0.003623,0.001379,0.000240,0.000004,0.015638,0.032937,0.025666,0.040608,0.045157
mm_e0e2eeff841af4,0.016938,0.000037,0.018349,0.012926,0.007391,0.001628,0.000047,0.006914,0.013539,0.012618,0.023604,0.197099,0.974813,0.004572,0.068601,0.102250,0.152802,0.144234,0.028543,0.073325,0.085053,0.080400,0.085784,0.093965
mm_4138c7abbfeccc,0.016938,0.004637,0.008385,0.021361,0.031678,0.034651,0.000977,0.115097,0.133595,0.123716,0.134598,0.278055,0.900451,0.132592,0.145887,0.119223,0.221556,0.179599,0.039586,0.052035,0.062587,0.063622,0.060097,0.071942
mm_556efb090f5121,0.016938,0.450544,0.124268,0.061075,0.027413,0.004215,0.000122,0.035330,0.028418,0.030616,0.022223,0.012337,0.000354,0.000335,0.000442,0.001248,0.001235,0.000548,0.000016,0.022050,0.055547,0.091877,0.051530,0.019908
mm_96af98564abeff,0.016938,0.000000,0.000128,0.000394,0.000732,0.000929,0.000000,0.004420,0.033370,0.037164,0.059490,0.340725,0.653329,0.109341,0.032285,0.021798,0.019820,0.004682,0.000199,0.000137,0.046194,0.054568,0.085558,0.073922
mm_b7565ebb130aa2,0.016938,0.035290,0.068696,0.053695,0.067393,0.306319,0.955067,0.019389,0.048849,0.047330,0.066856,0.050306,0.000641,0.031291,0.077794,0.136200,0.178986,0.382829,0.462451,0.000049,0.033395,0.050212,0.041626,0.031979
mm_b7c60aa91cef74,0.016938,0.088933,0.080936,0.064431,0.016690,0.043278,0.028788,0.075192,0.116670,0.127164,0.194359,0.262111,0.267326,0.011127,0.005753,0.014248,0.010552,0.004157,0.005322,0.000003,0.004411,0.003379,0.006447,0.015370
mm_2e491b79a549bd,0.016938,0.000027,0.035083,0.041654,0.029074,0.004875,0.000808,0.000030,0.021253,0.028078,0.023298,0.001406,0.000080,0.000003,0.000050,0.000022,0.000143,0.000017,0.000008,0.031240,0.020691,0.009976,0.012932,0.025480
mm_99da0eee3d36ed,0.016938,0.321186,0.170153,0.136876,0.160824,0.050993,0.002898,0.032868,0.016997,0.010106,0.007879,0.002172,0.000141,0.129186,0.148369,0.152091,0.042553,0.088485,0.029707,0.064766,0.039936,0.070829,0.028608,0.031833
mm_24ab1a7a117192,0.016938,0.000001,0.000406,0.000229,0.002154,0.001078,0.000212,0.000000,0.000005,0.000001,0.000001,0.000004,0.000000,0.000070,0.000077,0.000004,0.000011,0.000038,0.000003,0.000015,0.002889,0.001031,0.003091,0.003094
mm_64ca4b498e297b,0.016938,0.035597,0.015466,0.012414,0.027322,0.018477,0.020049,0.005240,0.216234,0.164967,0.133325,0.037652,0.001024,0.009489,0.003874,0.003674,0.003453,0.001220,0.000414,0.000001,0.006297,0.005764,0.019001,0.041634
mm_ba928b453eeb8a,0.016938,0.000000,0.000261,0.000434,0.001229,0.002881,0.001944,0.002294,0.002787,0.002119,0.000858,0.000939,0.000005,0.000880,0.000448,0.000177,0.000791,0.000193,0.000001,0.006495,0.004553,0.001462,0.003533,0.004597
mm_203c08cf59f78a,0.016938,0.002554,0.000568,0.000408,0.000072,0.000165,0.000186,0.001537,0.001614,0.000726,0.001818,0.004801,0.000786,0.006746,0.006924,0.005584,0.010501,0.011889,0.001858,0.005803,0.008423,0.000889,0.002009,0.005716
mm_617b1de33c239f,0.016938,0.000001,0.015029,0.034095,0.055218,0.013049,0.000057,0.000000,0.000022,0.000022,0.000036,0.000019,0.000000,0.051665,0.016851,0.008046,0.012365,0.001474,0.000014,0.066685,0.050817,0.035058,0.022916,0.014677
mm_42b2e41e68ba79,0.016938,0.000000,0.000004,0.000002,0.000026,0.000015,0.000002,0.000000,0.000009,0.000002,0.000004,0.000011,0.000001,0.000001,0.000016,0.000001,0.000043,0.000127,0.000021,0.000001,0.002950,0.000764,0.005419,0.030177
mm_d5709e8abc8f13,0.016938,0.026476,0.032849,0.039113,0.098367,0.091264,0.118211,0.198038,0.199445,0.158956,0.155616,0.135600,0.029910,0.063131,0.024792,0.030832,0.016222,0.004764,0.000547,0.000413,0.014698,0.026946,0.021311,0.009348
mm_872a8165e42d3d,0.016938,0.235997,0.181887,0.117463,0.109201,0.043223,0.000221,0.001094,0.186872,0.151708,0.135305,0.062118,0.001977,0.000210,0.000434,0.000640,0.000653,0.000799,0.000000,0.091530,0.155235,0.144787,0.119957,0.141993
mm_7afe25f15ac97d,0.016938,0.000000,0.000652,0.000329,0.001654,0.000546,0.000019,0.000000,0.000005,0.000000,0.000001,0.000002,0.000000,0.000000,0.000013,0.000000,0.000001,0.000026,0.000004,0.000000,0.000172,0.000003,0.000069,0.000473
mm_6d368a4d269528,0.016938,0.000044,0.000026,0.000003,0.000011,0.000009,0.000000,0.000000,0.000004,0.000000,0.000001,0.000002,0.000000,0.001563,0.010592,0.006271,0.011636,0.002584,0.000045,0.059100,0.030795,0.013331,0.006326,0.005378
mm_d99a842a8d574c,0.016938,0.001426,0.030630,0.067908,0.138463,0.122877,0.149351,0.005442,0.003909,0.002715,0.001675,0.000693,0.000033,0.109877,0.029860,0.045504,0.010304,0.004497,0.014391,0.000191,0.040691,0.051148,0.051451,0.028997
mm_f6df3a997b0ef8,0.016938,0.000027,0.000017,0.000002,0.000008,0.000023,0.000043,0.000028,0.003685,0.004153,0.003148,0.003929,0.000320,0.000000,0.000013,0.000000,0.000002,0.000048,0.000002,0.004404,0.005014,0.002061,0.003535,0.003742
mm_882f11cbc1eb53,0.016938,0.000004,0.000179,0.000051,0.000073,0.000076,0.000246,0.000000,0.000015,0.000007,0.000023,0.000060,0.000023,0.000000,0.000022,0.000000,0.000021,0.000555,0.000113,0.000000,0.001447,0.000078,0.000445,0.010123
mm_631ccae79bf2f7,0.016938,0.055466,0.044265,0.062576,0.033211,0.024070,0.001184,0.001033,0.001328,0.000834,0.000664,0.000361,0.000002,0.005703,0.115526,0.107764,0.078979,0.066211,0.000927,0.014764,0.019514,0.012564,0.006409,0.007444
mm_88631a08431c04,0.016938,0.046102,0.079749,0.086249,0.166406,0.196658,0.000413,0.000006,0.024167,0.027786,0.086677,0.017127,0.000249,0.123805,0.135278,0.145411,0.263630,0.305773,0.040630,0.000001,0.013090,0.012597,0.049953,0.029782
mm_a6bf416c227e14,0.016938,0.004779,0.017822,0.019816,0.042358,0.069049,0.000609,0.000627,0.285271,0.446145,0.314271,0.264066,0.000240,0.544738,0.326899,0.223228,0.187892,0.042073,0.000188,0.049358,0.103212,0.077682,0.071608,0.058887
mm_239235f8040bd6,0.016938,0.011541,0.021025,0.019370,0.019929,0.016056,0.000102,0.000000,0.014598,0.023657,0.018695,0.014043,0.000002,0.117462,0.230801,0.252368,0.128859,0.206093,0.003073,0.048081,0.020003,0.009736,0.003983,0.005796
mm_1441bd6fa628ef,0.016938,0.000313,0.163772,0.152588,0.100787,0.022230,0.023239,0.013091,0.033829,0.028180,0.013436,0.031733,0.007821,0.006506,0.006899,0.008709,0.026852,0.110968,0.764544,0.059117,0.083670,0.201708,0.045096,0.046759
mm_d37a6f8f0b9e4d,0.016938,0.000013,0.000652,0.000896,0.001302,0.000875,0.000131,0.022571,0.011888,0.008486,0.005035,0.002976,0.000460,0.011059,0.006482,0.004679,0.000436,0.000432,0.000006,0.000268,0.006206,0.001889,0.006641,0.011514
mm_0d77de32c88512,0.016938,0.000041,0.001130,0.001741,0.004009,0.114624,0.899585,0.047791,0.022157,0.010914,0.003284,0.003164,0.000060,0.264732,0.158004,0.091010,0.029811,0.006027,0.000029,0.226775,0.124592,0.088900,0.097536,0.041608
mm_b5fcfb1b397a4b,0.016938,0.000000,0.000009,0.000002,0.000009,0.000007,0.000000,0.053322,0.101314,0.080761,0.061087,0.048457,0.000276,0.004338,0.023180,0.020023,0.056899,0.020683,0.000073,0.006467,0.053572,0.052901,0.047716,0.036773
mm_abfa80268df0e1,0.016938,0.060340,0.051568,0.052065,0.102167,0.148105,0.191704,0.103993,0.222107,0.244047,0.371780,0.514529,0.036517,0.011111,0.039111,0.036673,0.048286,0.010981,0.000123,0.006523,0.006328,0.001457,0.003229,0.003579
mm_dbe46fed14a132,0.016938,0.015088,0.044071,0.028629,0.035884,0.233234,0.973873,0.047386,0.056757,0.031930,0.022541,0.007531,0.000080,0.000207,0.001264,0.001930,0.000513,0.000399,0.000000,0.000022,0.028659,0.036075,0.030756,0.027417
mm_b63bb2a70ffdda,0.016938,0.000000,0.000091,0.000023,0.000115,0.000065,0.000004,0.000000,0.000062,0.000003,0.000065,0.000300,0.000001,0.000004,0.000020,0.000001,0.000005,0.000017,0.000000,0.000000,0.000440,0.000017,0.000175,0.001162
mm_40dd139fb3daa9,0.016938,0.000003,0.003656,0.006808,0.016961,0.002117,0.000018,0.046310,0.018091,0.009305,0.000839,0.000908,0.000058,0.000000,0.001270,0.000186,0.000911,0.002182,0.000074,0.000018,0.000870,0.000120,0.000952,0.001792
mm_e0700a570df27d,0.016938,0.002631,0.006139,0.031762,0.078610,0.176847,0.846297,0.000003,0.129424,0.128032,0.104475,0.149284,0.028871,0.066412,0.054740,0.043867,0.056460,0.046269,0.028819,0.140210,0.080657,0.142362,0.039881,0.026475
mm_c1206e1dab5c15,0.016938,0.004912,0.012298,0.048457,0.071597,0.091868,0.016666,0.264027,0.081528,0.063150,0.037250,0.007648,0.001460,0.032072,0.123400,0.152261,0.164516,0.151412,0.174279,0.076048,0.060958,0.089125,0.068643,0.079837
mm_775566a7cbb5b3,0.016938,0.028961,0.048401,0.070138,0.093770,0.070674,0.004320,0.101604,0.069819,0.037424,0.035897,0.007420,0.000239,0.000000,0.000021,0.000016,0.000307,0.001639,0.000735,0.020498,0.019647,0.023414,0.023101,0.030997
mm_47420345031743,0.016938,0.000000,0.000003,0.000000,0.000002,0.000003,0.000000,0.000005,0.000233,0.000036,0.000028,0.000107,0.000083,0.000000,0.000132,0.000004,0.000030,0.000737,0.000137,0.000004,0.006595,0.001535,0.006414,0.033181
mm_6a4e3cf0b79754,0.016938,0.017242,0.035874,0.030169,0.042085,0.016153,0.001940,0.025641,0.038738,0.042799,0.051213,0.089458,0.009400,0.285741,0.065119,0.119379,0.017424,0.015935,0.010269,0.000078,0.005139,0.005342,0.006199,0.004137
mm_4c18fe6b05153d,0.016938,0.000000,0.000121,0.000282,0.000370,0.000077,0.000003,0.001187,0.049356,0.065949,0.008876,0.015814,0.001434,0.000000,0.000157,0.000162,0.000379,0.000128,0.000000,0.001493,0.016068,0.002231,0.013770,0.043517
mm_ff940459cefd5a,0.016938,0.000855,0.000089,0.000069,0.000025,0.000036,0.000024,0.082945,0.048947,0.074908,0.036974,0.077905,0.074762,0.000034,0.159433,0.188148,0.500597,0.138694,0.017876,0.103018,0.086344,0.067262,0.062757,0.050495
mm_225d0885812160,0.016938,0.203167,0.069884,0.042990,0.059360,0.011178,0.000169,0.000001,0.002181,0.006535,0.006628,0.004902,0.001795,0.018443,0.048978,0.079621,0.209230,0.359896,0.673785,0.133456,0.086044,0.071151,0.069882,0.035782
mm_f3458225798f65,0.016938,0.000000,0.000026,0.000008,0.000046,0.000013,0.000000,0.000000,0.000053,0.000077,0.000019,0.000009,0.000001,0.021129,0.108391,0.058251,0.188090,0.052103,0.002413,0.006385,0.003590,0.000698,0.000752,0.000581
mm_280bd803fff43e,0.016938,0.177421,0.156192,0.126609,0.231426,0.102279,0.011043,0.005581,0.010484,0.007414,0.006395,0.005501,0.001157,0.020683,0.105505,0.131147,0.152906,0.122846,0.056356,0.154274,0.078972,0.095232,0.018113,0.011888
mm_ca6004c1a8bac3,0.016938,0.000000,0.000090,0.000279,0.000349,0.000164,0.000000,0.000255,0.278135,0.246310,0.054194,0.022712,0.000017,0.002706,0.001510,0.001119,0.001051,0.000641,0.000001,0.014420,0.014589,0.003673,0.003616,0.004839
mm_ae62f88c5cfe4f,0.016938,0.002824,0.000850,0.000904,0.000866,0.000806,0.000175,0.000001,0.000103,0.000030,0.000026,0.000024,0.000001,0.000000,0.000219,0.000004,0.000172,0.006868,0.000476,0.000005,0.000387,0.000047,0.000457,0.000803
mm_fd61fde6b36a9f,0.016938,0.061430,0.132969,0.135076,0.239261,0.442666,0.056646,0.219431,0.292996,0.200204,0.136951,0.128396,0.000117,0.000351,0.068524,0.062169,0.049831,0.006460,0.000006,0.110488,0.145864,0.140256,0.133478,0.108809
mm_f2542aa79079c8,0.016938,0.000000,0.000004,0.000000,0.000007,0.000011,0.000000,0.005375,0.003006,0.002054,0.001145,0.001120,0.000061,0.022790,0.007274,0.005825,0.001625,0.000641,0.000010,0.037354,0.044202,0.038620,0.027009,0.033203
mm_cc556cbfee900b,0.016938,0.035939,0.022982,0.020003,0.007713,0.010879,0.000640,0.000971,0.003620,0.002468,0.000762,0.002099,0.002184,0.000014,0.000020,0.000001,0.000009,0.000059,0.000005,0.000000,0.000913,0.000065,0.000858,0.006131
mm_f04e5347884c98,0.016938,0.032641,0.041615,0.048348,0.007955,0.011003,0.001993,0.000049,0.000019,0.000004,0.000002,0.000007,0.000001,0.000193,0.000587,0.000201,0.001259,0.000887,0.000075,0.001456,0.003347,0.000598,0.001047,0.002943
mm_6e4257c3b65379,0.016938,0.156828,0.148683,0.127018,0.088403,0.231610,0.031052,0.080230,0.050008,0.041242,0.075124,0.179890,0.159578,0.000425,0.001027,0.000829,0.000817,0.000219,0.000020,0.012861,0.011958,0.007237,0.002348,0.004434
mm_e818a96a239ec3,0.016938,0.000084,0.058128,0.076234,0.162636,0.083155,0.002788,0.019736,0.051977,0.026499,0.011833,0.006603,0.000002,0.048124,0.045275,0.040194,0.029434,0.165634,0.479020,0.106248,0.050910,0.019944,0.010880,0.017112
mm_acc4d677045b10,0.016938,0.000000,0.000077,0.000167,0.001202,0.000743,0.000001,0.872575,0.440924,0.221805,0.053792,0.028590,0.000167,0.137258,0.044117,0.029598,0.004631,0.003943,0.000018,0.161548,0.140563,0.103186,0.115127,0.069944
mm_adc4a0cf04dce1,0.016938,0.000113,0.238477,0.312536,0.260693,0.049797,0.000377,0.000434,0.000459,0.000673,0.000217,0.000340,0.000189,0.064176,0.092963,0.113150,0.187622,0.206021,0.036297,0.084639,0.058115,0.088237,0.049502,0.036885
mm_8b02f6fbedf59d,0.016938,0.000002,0.001001,0.001304,0.002182,0.000622,0.000050,0.000080,0.226236,0.330117,0.167618,0.093321,0.001975,0.037358,0.089502,0.179249,0.179575,0.105003,0.013215,0.049767,0.024894,0.036945,0.015362,0.009131
mm_3deccb3389bf58,0.016938,0.153423,0.084188,0.060053,0.074768,0.014468,0.000025,0.005133,0.205671,0.164238,0.131097,0.038999,0.000050,0.039054,0.029781,0.030557,0.043011,0.082428,0.087474,0.266489,0.151929,0.100706,0.120845,0.042566
mm_49c7a4a45f2909,0.016938,0.000000,0.000017,0.000009,0.000101,0.000066,0.000038,0.000010,0.000070,0.000003,0.000008,0.000125,0.000011,0.000473,0.000651,0.000047,0.000095,0.000975,0.000108,0.002640,0.003321,0.000906,0.002529,0.003771
mm_0f88a892ec5806,0.016938,0.006573,0.010421,0.010350,0.007341,0.011265,0.000184,0.229065,0.226360,0.226116,0.289555,0.281290,0.039329,0.034919,0.117519,0.106785,0.151511,0.298362,0.554583,0.045093,0.021828,0.038166,0.029013,0.025836
mm_3b69fc6b3b4b6d,0.016938,0.435679,0.410217,0.329746,0.213827,0.121652,0.000181,0.000299,0.001016,0.002449,0.001519,0.001953,0.000008,0.249069,0.113888,0.078418,0.086921,0.017946,0.000339,0.000129,0.026177,0.030990,0.033895,0.020211
mm_abadc57d9e644d,0.016938,0.025821,0.144166,0.174191,0.211668,0.302910,0.718498,0.000578,0.002798,0.001743,0.000939,0.003304,0.000399,0.000004,0.000014,0.000001,0.000004,0.000011,0.000004,0.000057,0.001005,0.000119,0.001014,0.002968
mm_b160426f6d25e2,0.016938,0.000501,0.000132,0.000027,0.000007,0.000014,0.000006,0.000157,0.000391,0.000045,0.000201,0.002034,0.000755,0.002013,0.003439,0.000635,0.002111,0.003026,0.000397,0.000000,0.002876,0.001241,0.011100,0.020051
mm_0f3f229f2801c4,0.016938,0.000152,0.000094,0.000028,0.000047,0.000079,0.000007,0.000001,0.000004,0.000000,0.000001,0.000008,0.000001,0.180772,0.131555,0.101720,0.022076,0.076985,0.085695,0.078218,0.033290,0.048680,0.022836,0.018773
mm_cd83e16923b281,0.016938,0.154470,0.326185,0.316108,0.176877,0.197574,0.000703,0.006262,0.118000,0.094129,0.025813,0.047054,0.019674,0.070287,0.062285,0.067990,0.039921,0.016255,0.001430,0.039141,0.025658,0.033590,0.029776,0.052466
mm_6601bc407986f2,0.016938,0.072954,0.116911,0.133408,0.139571,0.163567,0.001033,0.017420,0.012816,0.017347,0.004383,0.002456,0.000092,0.000142,0.058228,0.081257,0.058224,0.018116,0.003028,0.000117,0.016438,0.033746,0.028086,0.009791
mm_8842bdc6307726,0.016938,0.054242,0.007263,0.008171,0.001198,0.000981,0.000093,0.000000,0.000027,0.000006,0.000038,0.000016,0.000001,0.000181,0.000313,0.000037,0.000106,0.000174,0.000005,0.000119,0.002200,0.000464,0.003067,0.005191
mm_9ca1637f031765,0.016938,0.000000,0.000042,0.000060,0.000119,0.000025,0.000000,0.000000,0.000781,0.001091,0.001113,0.000215,0.000003,0.010479,0.009474,0.004325,0.007566,0.000505,0.000014,0.000231,0.001797,0.000113,0.000362,0.001239
mm_a21e7b2978ed61,0.016938,0.039185,0.010851,0.015691,0.005807,0.002620,0.001051,0.000002,0.000794,0.001166,0.000402,0.000219,0.000008,0.011507,0.014896,0.013885,0.018728,0.024321,0.019569,0.014642,0.020287,0.014592,0.011275,0.025856
mm_3b7f04cab8c457,0.016938,0.000000,0.001102,0.000629,0.002860,0.006642,0.002337,0.000000,0.001900,0.001537,0.002325,0.015065,0.006328,0.001079,0.000299,0.000069,0.000033,0.000021,0.000001,0.000000,0.002112,0.000509,0.004062,0.004955
mm_81031e5c414290,0.016938,0.142166,0.135011,0.134967,0.177768,0.086884,0.018276,0.000053,0.180679,0.254861,0.268021,0.168188,0.033587,0.054012,0.030510,0.037711,0.011794,0.002797,0.000601,0.038486,0.019258,0.042925,0.009068,0.004071
mm_6e36b4963427e5,0.016938,0.022010,0.050698,0.060262,0.103824,0.312421,0.168827,0.000004,0.004444,0.006497,0.011473,0.007799,0.000006,0.000064,0.000053,0.000004,0.000040,0.000040,0.000001,0.019713,0.031785,0.021635,0.037507,0.032825
mm_a8eb2eb8cca822,0.016938,0.000006,0.000002,0.000001,0.000002,0.000004,0.000004,0.417558,0.193641,0.067970,0.018026,0.003988,0.000473,0.000011,0.000466,0.000475,0.000977,0.000076,0.000070,0.000009,0.005354,0.002350,0.005686,0.024251
mm_6421cd7df9d4df,0.016938,0.005830,0.217069,0.154726,0.087480,0.034193,0.000002,0.000001,0.000971,0.001303,0.001412,0.000327,0.000002,0.013164,0.057897,0.050341,0.121927,0.164306,0.004599,0.016275,0.017926,0.006439,0.021807,0.027809
mm_c07527904f6680,0.016938,0.628976,0.170337,0.069315,0.045976,0.006534,0.001854,0.003727,0.024884,0.020954,0.018923,0.018569,0.005224,0.025181,0.026944,0.039818,0.039937,0.053812,0.024290,0.129767,0.080946,0.131143,0.058446,0.041178
mm_81c2009787f855,0.016938,0.000000,0.000022,0.000008,0.000205,0.000113,0.000001,0.000011,0.000062,0.000003,0.000006,0.000021,0.000000,0.000000,0.000004,0.000000,0.000001,0.000014,0.000001,0.000000,0.000998,0.000196,0.002265,0.009476
mm_5aef083c16cec6,0.016938,0.000000,0.000329,0.000867,0.000373,0.000117,0.000000,0.000337,0.008779,0.007040,0.023283,0.140618,0.212510,0.034163,0.115870,0.126592,0.146545,0.234332,0.139760,0.076266,0.046734,0.064280,0.066807,0.049144
mm_e0123c5bf9acc1,0.016938,0.000001,0.005347,0.007909,0.018038,0.003339,0.000035,0.000007,0.002733,0.003279,0.000936,0.000674,0.000031,0.072978,0.051490,0.009651,0.010004,0.004681,0.000178,0.006129,0.010208,0.003812,0.003344,0.004898
mm_dcd24e4057ccf0,0.016938,0.000002,0.000229,0.000705,0.000763,0.000409,0.000004,0.000000,0.009200,0.032747,0.049726,0.248677,0.706734,0.785660,0.434904,0.368144,0.136873,0.079859,0.004711,0.047465,0.062813,0.063136,0.023177,0.031377
mm_cf1f0c124ec6b8,0.016938,0.000050,0.000036,0.000056,0.000381,0.000541,0.000246,0.004945,0.003709,0.002375,0.003229,0.004280,0.000034,0.008361,0.012970,0.005053,0.014848,0.003715,0.000011,0.035001,0.020844,0.011168,0.009000,0.008510
mm_6e6b8c4e977e9c,0.016938,0.000185,0.000158,0.000032,0.000111,0.000072,0.000010,0.000009,0.000173,0.000016,0.000017,0.000189,0.000086,0.000000,0.000039,0.000002,0.000054,0.000264,0.000045,0.000000,0.001195,0.000147,0.000923,0.005211
mm_509f65a5e20463,0.016938,0.000008,0.021549,0.033883,0.042631,0.022868,0.000213,0.000769,0.180580,0.286896,0.031356,0.020365,0.000005,0.000001,0.000120,0.000084,0.000515,0.000306,0.000021,0.000006,0.003501,0.001182,0.007346,0.012315
mm_076571b1026c99,0.016938,0.071370,0.109945,0.112941,0.119848,0.083071,0.006141,0.000000,0.000887,0.001911,0.003192,0.020286,0.001934,0.075164,0.124380,0.129415,0.124118,0.127256,0.036641,0.121136,0.066986,0.132716,0.066939,0.052234
mm_508b44e2262243,0.016938,0.001487,0.008079,0.020811,0.045555,0.269443,0.631072,0.014432,0.011196,0.013403,0.004514,0.004366,0.000038,0.002518,0.003481,0.003112,0.002491,0.000933,0.000021,0.080181,0.056890,0.044338,0.043599,0.040192
mm_3033c915341b7e,0.016938,0.008096,0.044518,0.099765,0.079879,0.121192,0.000078,0.001710,0.002180,0.002005,0.001636,0.000868,0.000007,0.000288,0.008436,0.008706,0.031219,0.017860,0.000351,0.000002,0.007608,0.003660,0.028241,0.019364
mm_16845dfe267c30,0.016938,0.001449,0.139529,0.166262,0.124999,0.204407,0.000466,0.229759,0.090752,0.046151,0.006443,0.004085,0.000020,0.130377,0.063566,0.046572,0.063988,0.013542,0.000028,0.057807,0.048224,0.040377,0.024812,0.015456
mm_e3730d1d9d544c,0.016938,0.000007,0.000008,0.000001,0.000002,0.000004,0.000001,0.019925,0.050209,0.020282,0.025779,0.124293,0.073340,0.011313,0.008071,0.004165,0.000594,0.002367,0.000370,0.036181,0.017207,0.002212,0.001802,0.004695
mm_175730363fcf3f,0.016938,0.082711,0.122854,0.111907,0.152694,0.086955,0.020396,0.171170,0.057818,0.033880,0.019329,0.004452,0.000540,0.000000,0.000136,0.000028,0.000416,0.000430,0.000034,0.003131,0.025762,0.004641,0.009810,0.064585
mm_5e848ab969a071,0.016938,0.364069,0.249871,0.216175,0.145137,0.119343,0.002763,0.000001,0.000091,0.000028,0.000062,0.000070,0.000001,0.000316,0.001813,0.000114,0.000470,0.004035,0.000083,0.000015,0.016199,0.021937,0.035475,0.036656
mm_481fb8c08e7b99,0.016938,0.039620,0.042052,0.036527,0.051766,0.105025,0.928328,0.019699,0.016476,0.016934,0.017312,0.011641,0.005869,0.113556,0.137618,0.168247,0.193460,0.287301,0.504113,0.001015,0.046639,0.102144,0.083612,0.062612
mm_8818e009efa52f,0.016938,0.323744,0.305537,0.232130,0.186884,0.199434,0.051119,0.001026,0.013894,0.022506,0.007955,0.008602,0.000875,0.027559,0.016831,0.014442,0.004138,0.009010,0.000290,0.033975,0.057052,0.016852,0.019044,0.049891
mm_c8a52f3ae659ac,0.016938,0.059431,0.048355,0.029869,0.014681,0.007795,0.001483,0.000003,0.127641,0.211534,0.139209,0.093167,0.003188,0.017726,0.062281,0.091618,0.120193,0.061130,0.010051,0.166607,0.119895,0.109346,0.069767,0.075152
mm_f9fdb074be248a,0.016938,0.000000,0.000019,0.000003,0.000016,0.000009,0.000000,0.002469,0.007443,0.009119,0.012093,0.020690,0.000029,0.000000,0.000393,0.000434,0.000320,0.000092,0.000000,0.134420,0.140555,0.090513,0.038881,0.047727
mm_46f4f45c0b18e2,0.016938,0.212835,0.127426,0.085208,0.054772,0.024451,0.000395,0.036499,0.072304,0.053339,0.015100,0.079008,0.431611,0.006536,0.001398,0.002378,0.000943,0.000988,0.000015,0.048330,0.032466,0.032151,0.023499,0.010222
mm_29f6ff14166831,0.016938,0.000044,0.000046,0.000033,0.000080,0.000035,0.000001,0.046344,0.037314,0.048195,0.013522,0.013044,0.000876,0.085451,0.056470,0.049383,0.043762,0.278737,0.859256,0.038329,0.022489,0.027417,0.020392,0.012247
mm_6d62dd5cfa34af,0.016938,0.008765,0.054543,0.068734,0.072476,0.054029,0.015993,0.065237,0.039867,0.016418,0.009080,0.004114,0.000292,0.004715,0.003675,0.003359,0.000831,0.002232,0.007939,0.000119,0.002670,0.000820,0.002631,0.005837
mm_a50d0c3870bf2e,0.016938,0.000002,0.000043,0.000005,0.000031,0.000060,0.000011,0.000064,0.000191,0.000013,0.000052,0.000284,0.000064,0.000000,0.000879,0.000032,0.000755,0.006434,0.002032,0.000003,0.007540,0.000808,0.001987,0.010900
mm_8e6b8f3698b41e,0.016938,0.022301,0.016070,0.022296,0.038118,0.028717,0.012481,0.000062,0.084295,0.140295,0.199918,0.252575,0.095350,0.138902,0.045100,0.042531,0.019934,0.012600,0.004192,0.026653,0.024065,0.018778,0.017305,0.009641
mm_4ec7547db74f0a,0.016938,0.007619,0.001062,0.001427,0.000198,0.000221,0.000072,0.304482,0.095796,0.037516,0.024950,0.014296,0.004880,0.191580,0.061975,0.044578,0.012717,0.003177,0.001747,0.048353,0.029403,0.036395,0.008036,0.007520
mm_5e4e3160837a33,0.016938,0.010169,0.005605,0.008060,0.002390,0.001172,0.001038,0.000048,0.000246,0.000029,0.000049,0.000179,0.000002,0.053656,0.058543,0.064518,0.102764,0.140565,0.199557,0.094363,0.081763,0.096073,0.051521,0.071837
mm_b17959639b6747,0.016938,0.000157,0.003915,0.001659,0.001731,0.001128,0.000036,0.006889,0.002588,0.001040,0.000687,0.000797,0.000062,0.000025,0.000596,0.000819,0.000445,0.000229,0.000021,0.004673,0.002942,0.000668,0.000938,0.001312
mm_b283e530d40e04,0.016938,0.019028,0.043620,0.033266,0.056138,0.207400,0.886312,0.005905,0.008166,0.009445,0.009500,0.016748,0.000811,0.003223,0.010007,0.006469,0.033942,0.227715,0.288867,0.009405,0.011824,0.004420,0.005243,0.007436
mm_74f3657fb6d59d,0.016938,0.071539,0.161220,0.205775,0.315418,0.423248,0.061663,0.000756,0.018901,0.023886,0.005299,0.002823,0.000015,0.000003,0.015014,0.019422,0.009487,0.002103,0.000000,0.118530,0.091750,0.068509,0.062856,0.042783
mm_8fd6466086d1bf,0.016938,0.002079,0.003310,0.005045,0.002884,0.001614,0.000015,0.003864,0.204295,0.273207,0.247782,0.524068,0.001659,0.182473,0.143451,0.146514,0.203498,0.039305,0.000190,0.029296,0.063543,0.047041,0.084487,0.051094
mm_5d53ead241f725,0.016938,0.059579,0.054202,0.068914,0.199713,0.289718,0.578430,0.107769,0.073647,0.071133,0.043381,0.022016,0.009158,0.001801,0.003667,0.004302,0.001978,0.001624,0.000685,0.000028,0.026080,0.045908,0.035026,0.040067
mm_b35ca8565d9f1c,0.016938,0.005450,0.007409,0.011994,0.017974,0.025047,0.000509,0.000002,0.045760,0.060886,0.048740,0.029136,0.000008,0.092289,0.222574,0.252613,0.283781,0.353813,0.318398,0.085553,0.067830,0.120078,0.109037,0.075125
mm_e25298f2cf1f5c,0.016938,0.141562,0.351378,0.350888,0.461011,0.320495,0.001004,0.365118,0.350129,0.330018,0.274149,0.312941,0.001043,0.006098,0.002349,0.003356,0.001034,0.001417,0.000022,0.000001,0.018562,0.023701,0.032585,0.027266
mm_188b962d539d1f,0.016938,0.024106,0.002078,0.001873,0.000804,0.000132,0.000013,0.000000,0.000005,0.000001,0.000011,0.000013,0.000001,0.000047,0.000043,0.000015,0.000013,0.000022,0.000001,0.004803,0.003016,0.000696,0.001679,0.004777
mm_68b6cae38d2cc9,0.016938,0.000000,0.014851,0.032277,0.041911,0.009955,0.001284,0.180249,0.139857,0.072237,0.023261,0.016214,0.001273,0.231396,0.089527,0.131375,0.024843,0.023945,0.005400,0.097606,0.068002,0.091863,0.042622,0.029757
mm_74473265d38cd4,0.016938,0.190158,0.264248,0.309597,0.215411,0.098642,0.000104,0.111622,0.239469,0.194020,0.180389,0.174025,0.001534,0.020133,0.049355,0.034121,0.031864,0.010223,0.000115,0.062113,0.056875,0.031333,0.016566,0.019420
mm_61416c8e6f33f8,0.016938,0.091653,0.094755,0.107830,0.207963,0.214430,0.354177,0.017571,0.043180,0.027932,0.022589,0.032624,0.030355,0.003587,0.003443,0.001728,0.007010,0.014286,0.007724,0.000127,0.016055,0.016265,0.015392,0.013243
mm_40a9a227df2ac0,0.016938,0.000000,0.017394,0.075740,0.147337,0.180439,0.029605,0.779589,0.159176,0.059300,0.016165,0.003301,0.000587,0.000004,0.009194,0.020935,0.037580,0.018521,0.006411,0.000023,0.017972,0.019768,0.014493,0.028573
mm_298efca543f7db,0.016938,0.000005,0.007599,0.008125,0.006697,0.000956,0.000027,0.010256,0.016389,0.022157,0.008151,0.019512,0.001913,0.150237,0.148552,0.112235,0.084355,0.041299,0.002376,0.000085,0.056990,0.089147,0.087184,0.047590
mm_66ff59f9dc1f79,0.016938,0.064793,0.034738,0.028498,0.026748,0.005631,0.000006,0.000006,0.008299,0.019505,0.020509,0.013624,0.000386,0.075668,0.057997,0.120211,0.143976,0.165595,0.046276,0.143564,0.126671,0.098599,0.129780,0.079477
mm_3f644114eb8ef0,0.016938,0.000557,0.000567,0.000922,0.000129,0.000154,0.000002,0.000001,0.006060,0.006368,0.001133,0.000556,0.000000,0.005477,0.004999,0.002404,0.001386,0.000337,0.000000,0.029977,0.032672,0.024963,0.015219,0.015045
mm_8c7e0d3304cca4,0.016938,0.013876,0.018111,0.017459,0.041760,0.022935,0.003659,0.001426,0.056763,0.064370,0.104748,0.141229,0.149165,0.029074,0.154353,0.106703,0.192080,0.068225,0.003404,0.079653,0.057468,0.073253,0.037849,0.035676
mm_acada0f94d2bc4,0.016938,0.036570,0.056686,0.069087,0.212049,0.308763,0.428090,0.000001,0.003539,0.011455,0.009979,0.002948,0.001228,0.000003,0.000181,0.000103,0.000355,0.000337,0.000342,0.000005,0.009509,0.009436,0.030548,0.030550
mm_6e89508744e835,0.016938,0.000000,0.000922,0.001063,0.002105,0.000277,0.000000,0.195756,0.080125,0.054503,0.046041,0.024169,0.000309,0.025846,0.010970,0.013025,0.004959,0.001296,0.000066,0.165990,0.110078,0.138420,0.109350,0.053541
mm_1d7d2000f73e02,0.016938,0.001345,0.000363,0.000374,0.000067,0.000042,0.000024,0.000000,0.000002,0.000000,0.000001,0.000004,0.000000,0.000000,0.000011,0.000001,0.000020,0.000052,0.000020,0.000004,0.002505,0.000246,0.001410,0.010567
mm_55a49048ae70f4,0.016938,0.000168,0.078800,0.123871,0.291856,0.314271,0.517633,0.003820,0.006582,0.004178,0.002105,0.001647,0.000036,0.009484,0.023565,0.044113,0.067639,0.300278,0.858979,0.016222,0.010408,0.003639,0.005508,0.022765
mm_19b5853dc4109e,0.016938,0.000007,0.000023,0.000005,0.000016,0.000008,0.000000,0.000113,0.000279,0.000068,0.000169,0.000361,0.000014,0.000000,0.000002,0.000000,0.000001,0.000001,0.000000,0.000791,0.003470,0.000293,0.004410,0.011402
mm_5bf68a3622f2f2,0.016938,0.000001,0.000944,0.002380,0.001654,0.000481,0.000001,0.000623,0.000723,0.000350,0.000081,0.000072,0.000004,0.000004,0.000010,0.000000,0.000002,0.000007,0.000000,0.004872,0.006105,0.000782,0.005581,0.012073
mm_3dad76b1007047,0.016938,0.024796,0.013066,0.018801,0.018907,0.013141,0.005780,0.000913,0.009154,0.005045,0.002996,0.003717,0.001506,0.052860,0.068086,0.068974,0.082433,0.206782,0.686777,0.000170,0.048103,0.126857,0.069278,0.018893
mm_77dbdd6a307ebf,0.016938,0.027899,0.030552,0.047439,0.022273,0.018924,0.000051,0.082822,0.069918,0.060640,0.010374,0.008737,0.000025,0.000040,0.009808,0.014885,0.054098,0.089675,0.016912,0.000002,0.024808,0.016102,0.022894,0.059688
mm_0f319bc6ab3514,0.016938,0.002527,0.002281,0.000216,0.000787,0.003605,0.002007,0.000000,0.000033,0.000004,0.000012,0.000124,0.000010,0.000146,0.001424,0.000129,0.003113,0.006770,0.000275,0.001126,0.002539,0.000347,0.000515,0.001681
mm_b998a7f379112f,0.016938,0.002585,0.014854,0.021848,0.035402,0.118184,0.034624,0.259151,0.068729,0.024052,0.010942,0.002141,0.000014,0.175795,0.211024,0.178905,0.078481,0.105530,0.002241,0.212261,0.135238,0.162305,0.048294,0.040887
mm_d42a55cc43c034,0.016938,0.090550,0.100767,0.096094,0.164337,0.252492,0.677005,0.091469,0.160324,0.147365,0.160913,0.355410,0.769432,0.001139,0.000735,0.000176,0.000817,0.000954,0.000014,0.000009,0.009543,0.006876,0.028150,0.034068
mm_4bc248f9c2244a,0.016938,0.000033,0.080090,0.159978,0.359497,0.187770,0.001421,0.000085,0.000843,0.001227,0.002029,0.000849,0.000000,0.025545,0.004879,0.002213,0.000681,0.000145,0.000002,0.405973,0.157680,0.080457,0.077352,0.015826
mm_e0f5ecf39c1885,0.016938,0.000043,0.000059,0.000004,0.000014,0.000038,0.000003,0.000004,0.000432,0.000075,0.000172,0.000777,0.000024,0.000010,0.000029,0.000000,0.000002,0.000014,0.000003,0.000000,0.001138,0.000088,0.000673,0.003393
mm_c766305d9e1a01,0.016938,0.136256,0.128210,0.082860,0.072821,0.012821,0.000034,0.260901,0.242401,0.186229,0.173205,0.090030,0.019679,0.149249,0.144823,0.125011,0.158220,0.120819,0.302629,0.034408,0.062597,0.045581,0.027499,0.035006
mm_058300ed9d7831,0.016938,0.000011,0.000110,0.000082,0.000808,0.000455,0.000047,0.024032,0.008439,0.004276,0.002220,0.000826,0.000035,0.000000,0.000150,0.000265,0.000331,0.000179,0.000000,0.113775,0.127642,0.101400,0.078239,0.071477
mm_562781920fd313,0.016938,0.016654,0.010253,0.012313,0.002666,0.002496,0.000145,0.000002,0.028286,0.048510,0.013317,0.008551,0.000069,0.000005,0.000524,0.000568,0.000415,0.000190,0.000436,0.000112,0.067654,0.091850,0.095142,0.098840
mm_fdb32a14bb48d5,0.016938,0.000000,0.000056,0.000164,0.000266,0.000065,0.000019,0.006687,0.006987,0.007357,0.000896,0.001742,0.000030,0.088413,0.116726,0.162215,0.036834,0.018678,0.000031,0.019011,0.016492,0.007188,0.005154,0.006715
mm_b02160cfe19e44,0.016938,0.108006,0.120675,0.097214,0.051349,0.043528,0.000702,0.000000,0.004127,0.008209,0.002283,0.001782,0.000005,0.287370,0.069115,0.027746,0.038627,0.015028,0.000341,0.051198,0.064125,0.055286,0.042492,0.042141
mm_b2d1eb42e34275,0.016938,0.000006,0.151831,0.288744,0.273863,0.130023,0.004509,0.000000,0.013189,0.027430,0.024836,0.031976,0.007988,0.019039,0.100678,0.107091,0.190562,0.112258,0.025601,0.131214,0.104794,0.088843,0.072294,0.089606
mm_20d473dbc7c19a,0.016938,0.000000,0.000013,0.000001,0.000018,0.000011,0.000000,0.000000,0.000018,0.000001,0.000013,0.000025,0.000000,0.000001,0.000067,0.000001,0.000091,0.000959,0.000018,0.000273,0.001587,0.000166,0.000892,0.003432
mm_779fde89b77a58,0.016938,0.055277,0.237249,0.251372,0.311968,0.320850,0.162819,0.000131,0.005124,0.008260,0.003016,0.000291,0.000002,0.028434,0.031380,0.041589,0.025673,0.043162,0.000216,0.149879,0.102114,0.083736,0.047496,0.054708
mm_c4892e574c4014,0.016938,0.000175,0.000722,0.002036,0.005569,0.003446,0.000003,0.366398,0.131140,0.063606,0.027445,0.012705,0.001437,0.017685,0.031783,0.021107,0.014937,0.015188,0.000604,0.030477,0.047898,0.029586,0.021982,0.017342
mm_5b93ea84b1139c,0.016938,0.015168,0.064930,0.123539,0.130883,0.137271,0.001276,0.009239,0.115608,0.163816,0.194400,0.553629,0.001719,0.049949,0.109464,0.090076,0.103432,0.040909,0.000791,0.069126,0.060380,0.052923,0.053892,0.049313
mm_cf48a8ff60cb37,0.016938,0.000003,0.000005,0.000000,0.000001,0.000001,0.000000,0.000000,0.000000,0.000000,0.000000,0.000001,0.000000,0.000000,0.000008,0.000000,0.000004,0.000083,0.000005,0.000001,0.004609,0.000953,0.006735,0.036872
mm_870afa03147c87,0.016938,0.000208,0.000076,0.000006,0.000022,0.000039,0.000001,0.000011,0.000150,0.000026,0.000125,0.000233,0.000012,0.000001,0.000001,0.000000,0.000000,0.000000,0.000000,0.000067,0.001363,0.000138,0.001072,0.002731
mm_5018bbc16e26bc,0.016938,0.000029,0.051312,0.075415,0.125218,0.105571,0.126186,0.000804,0.005093,0.016482,0.003357,0.005900,0.010568,0.042191,0.023309,0.016217,0.023994,0.016177,0.005512,0.000075,0.015778,0.029745,0.033148,0.013088
mm_fc1fecf29a97be,0.016938,0.469590,0.404288,0.218089,0.107081,0.041300,0.000294,0.000001,0.001688,0.002039,0.001414,0.000760,0.000001,0.002374,0.008753,0.025892,0.021014,0.009052,0.000024,0.085742,0.109156,0.075017,0.039179,0.047843
mm_d552e9a25b473c,0.016938,0.000358,0.001200,0.001833,0.012125,0.171045,0.431185,0.012717,0.047789,0.041549,0.043882,0.156091,0.812146,0.000000,0.000152,0.000368,0.000797,0.000664,0.000125,0.014668,0.015254,0.008137,0.017147,0.060146
mm_a61a22df63bf08,0.016938,0.000014,0.000504,0.001502,0.001920,0.013613,0.000014,0.052124,0.091506,0.089989,0.106380,0.302697,0.319087,0.002273,0.007147,0.012352,0.012262,0.019381,0.000287,0.129736,0.094484,0.063515,0.045141,0.043310
mm_d3aaeb3c0b4950,0.016938,0.000001,0.014985,0.019137,0.073767,0.372008,0.818567,0.000003,0.020757,0.012649,0.005985,0.007921,0.000054,0.017704,0.020928,0.014039,0.006060,0.005296,0.000020,0.024194,0.028748,0.018453,0.019230,0.032206
mm_21ef0f92a311d4,0.016938,0.000005,0.000046,0.000019,0.000087,0.000098,0.000001,0.183666,0.275816,0.208239,0.092764,0.126973,0.000785,0.027421,0.017958,0.013097,0.010196,0.008351,0.000381,0.051434,0.058244,0.052142,0.051210,0.045454
mm_a7b704255e7dee,0.016938,0.000280,0.000729,0.000477,0.002888,0.002460,0.000021,0.268011,0.150971,0.086693,0.011249,0.015632,0.000037,0.000001,0.006376,0.007991,0.071959,0.020672,0.000019,0.057487,0.101427,0.086976,0.102780,0.078835
mm_8b36be23958078,0.016938,0.040099,0.021649,0.035455,0.026984,0.015614,0.000790,0.237182,0.335194,0.321075,0.233147,0.250082,0.002002,0.000927,0.027811,0.017457,0.088105,0.432153,0.806855,0.003885,0.040602,0.056810,0.038506,0.024557
mm_7e98c76b3eb68e,0.016938,0.000050,0.000024,0.000001,0.000004,0.000009,0.000000,0.000000,0.000004,0.000001,0.000001,0.000001,0.000000,0.000000,0.000001,0.000000,0.000002,0.000003,0.000000,0.000948,0.002450,0.000056,0.000296,0.003073
mm_e3ad636e643afd,0.016938,0.000376,0.000121,0.000064,0.000155,0.000179,0.000051,0.000003,0.000027,0.000002,0.000005,0.000036,0.000025,0.000039,0.000292,0.000078,0.000748,0.000615,0.000034,0.002443,0.001721,0.000273,0.001039,0.001755
mm_12e7f650518fc2,0.016938,0.000076,0.000144,0.000048,0.000158,0.000107,0.000004,0.000000,0.000061,0.000153,0.000171,0.000033,0.000000,0.000000,0.000029,0.000003,0.000022,0.000026,0.000000,0.000472,0.003088,0.000171,0.002284,0.006034
mm_ad03223c9a9a40,0.016938,0.000002,0.000087,0.000105,0.000523,0.000049,0.000001,0.012301,0.055747,0.083066,0.011609,0.015999,0.000225,0.019833,0.044709,0.052829,0.056114,0.092387,0.004467,0.061255,0.043697,0.044237,0.034080,0.022763
mm_5ad4385fbdf4d1,0.016938,0.233068,0.165794,0.105162,0.050791,0.012654,0.000107,0.000000,0.033930,0.048699,0.090654,0.380903,0.059203,0.290911,0.073086,0.043664,0.020819,0.010901,0.000516,0.165561,0.145638,0.103542,0.100485,0.056197
mm_a7f84dd215693a,0.016938,0.000002,0.015304,0.028154,0.009918,0.003264,0.000002,0.113481,0.076641,0.052507,0.054647,0.169363,0.662426,0.005210,0.061776,0.067684,0.026592,0.040349,0.000216,0.142595,0.120697,0.090276,0.071629,0.079706
mm_1c0ea11f4af10a,0.016938,0.012399,0.036461,0.032444,0.042673,0.015258,0.000556,0.391973,0.174800,0.108390,0.033931,0.026039,0.002975,0.217855,0.084579,0.062184,0.028684,0.017512,0.005669,0.055204,0.025493,0.039244,0.025034,0.018426
mm_036a2dee59ed29,0.016938,0.000003,0.002844,0.004214,0.008217,0.012920,0.012958,0.314979,0.224874,0.134278,0.041815,0.009405,0.001918,0.011804,0.002203,0.001997,0.000404,0.000709,0.001334,0.000001,0.005194,0.004251,0.014102,0.034994
mm_9b4702bf45afa7,0.016938,0.000392,0.004699,0.025274,0.087955,0.203022,0.009294,0.000038,0.018367,0.012797,0.006773,0.002506,0.000187,0.000000,0.000074,0.000062,0.000358,0.000037,0.000004,0.072813,0.094898,0.077898,0.065026,0.068421
mm_f0cc6359f43443,0.016938,0.061326,0.202706,0.192938,0.169209,0.095083,0.009606,0.561711,0.232943,0.125699,0.086134,0.133809,0.001077,0.167710,0.130190,0.128790,0.189903,0.118639,0.039142,0.037283,0.022014,0.011893,0.018234,0.015798
mm_7031f03ca70ea0,0.016938,0.001026,0.011162,0.014123,0.057854,0.018867,0.004320,0.000170,0.002927,0.002842,0.000233,0.000094,0.000004,0.000000,0.004201,0.003261,0.021951,0.007688,0.000066,0.000154,0.021420,0.013736,0.014624,0.018422
mm_c20f4fd3730e94,0.016938,0.028337,0.005671,0.004250,0.001499,0.000993,0.000010,0.001078,0.000176,0.000058,0.000014,0.000019,0.000002,0.000000,0.000073,0.000062,0.000625,0.000055,0.000003,0.003926,0.020948,0.003842,0.010029,0.014859
mm_80ec126c35bb0f,0.016938,0.175855,0.126976,0.115701,0.026759,0.007323,0.000018,0.023452,0.059535,0.074465,0.054242,0.084587,0.000643,0.256057,0.098312,0.063197,0.090406,0.026495,0.000181,0.000012,0.065338,0.125143,0.165967,0.133144
mm_bfcc6cb8c74e84,0.016938,0.104064,0.065062,0.034537,0.025978,0.003498,0.000039,0.129864,0.342388,0.322817,0.230143,0.325688,0.007150,0.097745,0.118191,0.143812,0.171010,0.213548,0.602228,0.038638,0.036970,0.027787,0.028029,0.050061
mm_2049b6e71efbc6,0.016938,0.002211,0.005781,0.013920,0.018412,0.026172,0.000150,0.026796,0.064388,0.062667,0.062774,0.077464,0.000043,0.015078,0.067490,0.052955,0.050418,0.047827,0.001474,0.024720,0.084850,0.043587,0.017861,0.058154
mm_f6e214a2057ff5,0.016938,0.000000,0.000014,0.000008,0.000037,0.000006,0.000000,0.000037,0.000039,0.000003,0.000003,0.000010,0.000002,0.000000,0.000056,0.000025,0.000123,0.000140,0.000005,0.000000,0.000404,0.000027,0.000833,0.002098
mm_65f621e76757a0,0.016938,0.054915,0.090288,0.119149,0.091735,0.097903,0.000475,0.195598,0.089921,0.101536,0.013278,0.012901,0.000066,0.040753,0.116253,0.229117,0.126824,0.030273,0.000024,0.230048,0.149975,0.134974,0.057620,0.057385
mm_c07aa6d5611205,0.016938,0.252820,0.277779,0.264557,0.389293,0.360673,0.041133,0.003203,0.019467,0.031997,0.064642,0.336984,0.532648,0.001519,0.002039,0.003985,0.012445,0.015814,0.000030,0.118630,0.119267,0.098242,0.079482,0.075812
mm_bd7690a2aeb8cf,0.016938,0.000259,0.027871,0.054496,0.016980,0.006407,0.000072,0.000927,0.006402,0.004120,0.001866,0.003529,0.000810,0.000115,0.000440,0.000329,0.004429,0.006461,0.000418,0.039870,0.049724,0.034045,0.033086,0.024427
mm_3f7072bbab2037,0.016938,0.000000,0.001201,0.002455,0.002817,0.000389,0.000003,0.000000,0.000043,0.000004,0.000020,0.000113,0.000000,0.000000,0.000001,0.000000,0.000002,0.000004,0.000000,0.000000,0.001407,0.000038,0.000308,0.011934
mm_0b12ad028ae313,0.016938,0.000325,0.075932,0.127245,0.185287,0.227218,0.480487,0.098623,0.172255,0.173240,0.141924,0.279632,0.253069,0.001382,0.000466,0.000688,0.000129,0.000325,0.000466,0.122598,0.054302,0.074224,0.015116,0.010138
mm_e484bfab38b003,0.016938,0.000002,0.001409,0.000866,0.012523,0.006102,0.002956,0.000002,0.000032,0.000006,0.000007,0.000010,0.000012,0.000044,0.000127,0.000022,0.000033,0.000133,0.000179,0.000820,0.000830,0.000064,0.000493,0.002862
mm_1336118ed9dd0b,0.016938,0.001648,0.014270,0.027285,0.047727,0.094675,0.000650,0.000001,0.006577,0.011839,0.008824,0.008567,0.000142,0.000046,0.045501,0.070993,0.076899,0.177466,0.957370,0.000012,0.041039,0.064472,0.053777,0.057348
mm_18b0a35336a155,0.016938,0.004026,0.012980,0.026380,0.048929,0.117358,0.001686,0.021466,0.023810,0.011759,0.003474,0.002050,0.000002,0.000029,0.005907,0.003962,0.002226,0.000429,0.000001,0.056765,0.130033,0.088751,0.068034,0.130457
mm_e8ba470257c41c,0.016938,0.000000,0.000251,0.000371,0.004339,0.143871,0.092593,0.080143,0.014543,0.009739,0.000534,0.000083,0.000002,0.001398,0.025927,0.050143,0.044377,0.056366,0.001416,0.137004,0.099009,0.071265,0.065501,0.046147
mm_eca868e6196f06,0.016938,0.000000,0.000183,0.000138,0.000611,0.000193,0.000019,0.000000,0.000084,0.000012,0.000011,0.000064,0.000001,0.000000,0.000005,0.000000,0.000003,0.000021,0.000009,0.000000,0.000354,0.000011,0.000182,0.002356
mm_b27da644f26ca8,0.016938,0.000023,0.000794,0.001559,0.000657,0.001203,0.000000,0.000001,0.245672,0.442830,0.362583,0.288358,0.000289,0.000061,0.008419,0.007919,0.011298,0.001183,0.000001,0.054010,0.056587,0.048324,0.061090,0.053403
mm_55101050546faf,0.016938,0.022556,0.012765,0.010512,0.003232,0.001297,0.000095,0.242107,0.239617,0.172333,0.049858,0.107445,0.007950,0.000258,0.000091,0.000023,0.000015,0.000016,0.000003,0.001074,0.001679,0.000207,0.001008,0.004305
mm_5d316b2a631cb2,0.016938,0.000015,0.000008,0.000000,0.000001,0.000001,0.000000,0.000000,0.004643,0.004679,0.002255,0.001835,0.002874,0.000000,0.000105,0.000020,0.000750,0.001230,0.000017,0.000000,0.003378,0.000169,0.002046,0.040635
mm_1c6c7da27a4634,0.016938,0.000000,0.000009,0.000000,0.000015,0.000050,0.000008,0.000105,0.000224,0.000024,0.000042,0.000196,0.000087,0.000015,0.000275,0.000009,0.000098,0.001053,0.001102,0.000000,0.000587,0.000041,0.000294,0.001610
mm_c936d1f49be614,0.016938,0.048374,0.058922,0.075093,0.048328,0.022478,0.000056,0.232911,0.268852,0.224232,0.138989,0.120940,0.000902,0.000008,0.001172,0.001303,0.000797,0.000185,0.000002,0.000000,0.009696,0.007797,0.012323,0.020642
mm_394dec3130ccb8,0.016938,0.000004,0.003091,0.005236,0.004637,0.001372,0.000528,0.000000,0.000031,0.000014,0.000024,0.000047,0.000006,0.000000,0.000002,0.000000,0.000004,0.000020,0.000002,0.009965,0.006191,0.001148,0.003786,0.012314
mm_d0c2af9ec8b601,0.016938,0.054704,0.088833,0.126169,0.289298,0.381221,0.158883,0.212778,0.143605,0.139357,0.122767,0.061443,0.000839,0.000000,0.000043,0.000166,0.000294,0.000107,0.000041,0.048457,0.042102,0.040681,0.047932,0.061961
mm_e0f6e18d0b96af,0.016938,0.000011,0.006839,0.017488,0.018502,0.011128,0.000050,0.000000,0.068668,0.085029,0.050297,0.106649,0.002385,0.338281,0.039033,0.015140,0.006323,0.000960,0.000077,0.148260,0.096485,0.060215,0.071234,0.027535
mm_892d5087a255bd,0.016938,0.025808,0.010923,0.010605,0.006865,0.001395,0.000002,0.000005,0.103504,0.193100,0.179382,0.108637,0.001039,0.000015,0.025806,0.065587,0.198117,0.245094,0.007934,0.051744,0.032571,0.051309,0.043524,0.027822
mm_a3eda3b59242e6,0.016938,0.000001,0.000312,0.000066,0.000238,0.000210,0.000007,0.000166,0.000900,0.000074,0.000119,0.000867,0.000784,0.000000,0.000000,0.000000,0.000000,0.000000,0.000000,0.000922,0.002406,0.000424,0.001513,0.003407
mm_fc7e2c3669ec4b,0.016938,0.000088,0.000074,0.000074,0.000110,0.000110,0.000041,0.021913,0.014925,0.008061,0.000923,0.003779,0.000450,0.000102,0.000167,0.000044,0.000114,0.000030,0.000001,0.003017,0.008674,0.003706,0.002923,0.004468
mm_ab8a27ca0764e6,0.016938,0.000000,0.000010,0.000001,0.000012,0.000020,0.000004,0.000000,0.000466,0.000153,0.000596,0.000694,0.000152,0.004092,0.004947,0.001678,0.016008,0.031016,0.002266,0.000037,0.002306,0.000293,0.003348,0.004332
mm_e95ca5d2266fec,0.016938,0.011182,0.146767,0.189830,0.398363,0.299572,0.331178,0.000000,0.000005,0.000000,0.000003,0.000002,0.000000,0.000005,0.000018,0.000004,0.000039,0.000040,0.000028,0.206644,0.106693,0.072305,0.017974,0.025460
mm_deba244b0c1c6e,0.016938,0.002382,0.001183,0.001766,0.000762,0.000208,0.000019,0.023764,0.036307,0.023742,0.002018,0.001935,0.000005,0.000035,0.000031,0.000006,0.000005,0.000016,0.000004,0.010249,0.007850,0.004888,0.003257,0.002836
mm_4ec9d9077f42d5,0.016938,0.000142,0.000100,0.000013,0.000044,0.000110,0.000032,0.000728,0.000533,0.000081,0.000179,0.000702,0.000069,0.001394,0.001352,0.001351,0.000191,0.000423,0.002408,0.000005,0.001447,0.000617,0.002353,0.002835
mm_9a75844ab33cc8,0.016938,0.043475,0.008360,0.006412,0.000581,0.000359,0.001162,0.000001,0.008039,0.022834,0.009543,0.004417,0.001563,0.001288,0.001843,0.000739,0.001682,0.014678,0.000278,0.028609,0.018298,0.030011,0.021888,0.020670
mm_c55edb44ba621c,0.016938,0.000004,0.031416,0.069613,0.091826,0.032618,0.013143,0.144081,0.184701,0.190278,0.129324,0.206069,0.310033,0.000042,0.000169,0.000030,0.000112,0.000283,0.000112,0.001623,0.004442,0.001346,0.002845,0.006471
mm_a683e42a8cf7d7,0.016938,0.105995,0.110349,0.126098,0.271786,0.334258,0.534442,0.399764,0.298536,0.193060,0.191572,0.063065,0.009348,0.005149,0.003815,0.006580,0.001011,0.001303,0.001015,0.000012,0.002466,0.000810,0.002551,0.003254
mm_6899c86bf5a71f,0.016938,0.000700,0.112161,0.138819,0.273342,0.358428,0.000841,0.000207,0.117424,0.219846,0.051484,0.022773,0.000013,0.000000,0.000003,0.000000,0.000006,0.000002,0.000000,0.010213,0.023727,0.021702,0.009841,0.008870
mm_0100633f07db99,0.016938,0.001596,0.000389,0.000117,0.000159,0.000164,0.000076,0.000260,0.000611,0.000104,0.000146,0.001733,0.000445,0.000007,0.000077,0.000005,0.000075,0.000121,0.000025,0.000388,0.003238,0.000255,0.000677,0.004006
mm_24fbcd0d9ad163,0.016938,0.000006,0.004360,0.003321,0.002830,0.000803,0.000020,0.000000,0.000097,0.000040,0.000072,0.000087,0.000001,0.000000,0.000005,0.000000,0.000005,0.000019,0.000003,0.000004,0.004966,0.000882,0.006959,0.016808
mm_b933bd37e7d40b,0.016938,0.000020,0.023824,0.032270,0.025206,0.003343,0.000732,0.002277,0.021135,0.015912,0.039517,0.041704,0.004031,0.106189,0.066036,0.078812,0.047043,0.020739,0.015035,0.000000,0.003757,0.001485,0.009710,0.032137
mm_a92a1253c9773d,0.016938,0.000000,0.001269,0.001766,0.007259,0.000697,0.000017,0.010675,0.355509,0.319942,0.145207,0.169863,0.000484,0.000000,0.000051,0.000021,0.000125,0.000081,0.000000,0.016102,0.033862,0.024565,0.018452,0.030851
mm_fd1221c940abeb,0.016938,0.000049,0.000025,0.000009,0.000007,0.000008,0.000003,0.000010,0.000049,0.000002,0.000003,0.000034,0.000002,0.000001,0.000025,0.000000,0.000006,0.000123,0.000008,0.000117,0.000985,0.000117,0.000497,0.000623
mm_1d6aeb1c7b6f15,0.016938,0.000737,0.001186,0.001223,0.000705,0.000411,0.000001,0.159790,0.108252,0.062462,0.021965,0.022536,0.000162,0.000001,0.030993,0.049285,0.066858,0.040772,0.000054,0.095446,0.088947,0.067061,0.095409,0.077748
mm_de50131b7c9fcf,0.016938,0.000000,0.000149,0.000036,0.000208,0.000178,0.000025,0.000000,0.000311,0.000089,0.000202,0.000562,0.000150,0.004700,0.010155,0.001913,0.001300,0.001606,0.000170,0.000494,0.001196,0.000046,0.000311,0.001028
mm_f117f8a9f89f83,0.016938,0.032825,0.010066,0.005443,0.004956,0.000793,0.000002,0.171587,0.146721,0.073253,0.038636,0.017438,0.000058,0.001374,0.010967,0.015321,0.016169,0.015257,0.000663,0.000100,0.044425,0.043049,0.039731,0.032966
mm_708695a68c11ab,0.016938,0.000147,0.000077,0.000003,0.000029,0.000024,0.000000,0.000945,0.006159,0.001163,0.001186,0.007226,0.018946,0.000138,0.000075,0.000004,0.000013,0.000019,0.000001,0.002013,0.002256,0.000178,0.000539,0.000879
mm_ec470064a2482e,0.016938,0.000000,0.000006,0.000001,0.000006,0.000011,0.000004,0.022223,0.011111,0.006120,0.003858,0.010322,0.024484,0.000094,0.000310,0.000079,0.000993,0.000626,0.000049,0.000787,0.001702,0.000354,0.000379,0.001118
mm_6309011a37abb6,0.016938,0.022675,0.014158,0.023692,0.027177,0.015336,0.000832,0.000003,0.004432,0.005474,0.002433,0.001750,0.000037,0.000000,0.001972,0.002482,0.008098,0.006215,0.000012,0.001997,0.008852,0.001262,0.003654,0.025181
mm_f0c1bff7506a34,0.016938,0.002390,0.011102,0.005143,0.001324,0.000518,0.000002,0.000000,0.001209,0.001611,0.000330,0.000103,0.000000,0.000000,0.000082,0.000032,0.000121,0.000126,0.000001,0.000000,0.002863,0.000089,0.000651,0.022839
mm_b7683969d1011a,0.016938,0.195945,0.231904,0.214914,0.240027,0.188403,0.111275,0.718184,0.374881,0.238792,0.149684,0.048301,0.059361,0.000000,0.000163,0.000142,0.006199,0.003583,0.000044,0.000008,0.027566,0.027089,0.108146,0.109652
mm_06b9a7ae052c4c,0.016938,0.050463,0.038292,0.030406,0.058550,0.035249,0.008791,0.016353,0.060218,0.051434,0.042595,0.047883,0.005105,0.269097,0.167562,0.104756,0.086123,0.031136,0.003734,0.052562,0.059521,0.076299,0.060831,0.058885
mm_c8ae66e7bc2a28,0.016938,0.054205,0.067527,0.073255,0.087125,0.042458,0.000908,0.205190,0.148623,0.110897,0.112784,0.036986,0.008180,0.003169,0.076667,0.118454,0.171588,0.141550,0.038614,0.133163,0.087621,0.120385,0.032726,0.023813
mm_f54827ce1c0311,0.016938,0.000000,0.000011,0.000001,0.000008,0.000012,0.000000,0.000000,0.000001,0.000000,0.000000,0.000001,0.000000,0.000000,0.000002,0.000001,0.000007,0.000007,0.000001,0.009449,0.007831,0.001860,0.003552,0.010318
mm_7b485d63fb8268,0.016938,0.133607,0.086430,0.070708,0.107142,0.065733,0.031338,0.213592,0.268117,0.228363,0.231566,0.231713,0.125618,0.000020,0.008699,0.038031,0.019817,0.003182,0.005354,0.035716,0.019092,0.012552,0.006038,0.015624
mm_783cf2ffd79326,0.016938,0.000003,0.002339,0.001951,0.006252,0.003973,0.001817,0.000000,0.000598,0.000446,0.000468,0.000791,0.000146,0.000002,0.000090,0.000007,0.000022,0.000201,0.000349,0.000001,0.001951,0.000631,0.002966,0.011823
mm_1f5602686c137a,0.016938,0.012838,0.021524,0.034296,0.053597,0.238646,0.809518,0.096633,0.008916,0.005939,0.001993,0.000355,0.000068,0.012067,0.056968,0.061508,0.060997,0.038416,0.009100,0.373648,0.246931,0.264132,0.059965,0.068032
mm_2d6546088b708b,0.016938,0.000240,0.001279,0.001367,0.000795,0.002590,0.000001,0.063818,0.250608,0.233214,0.275694,0.233751,0.008556,0.000011,0.003146,0.016975,0.018437,0.015050,0.000042,0.000307,0.081364,0.123268,0.167817,0.140849
mm_41e4297e244db5,0.016938,0.000000,0.000007,0.000000,0.000007,0.000002,0.000000,0.000009,0.000057,0.000007,0.000004,0.000008,0.000000,0.000010,0.000008,0.000000,0.000001,0.000001,0.000000,0.012092,0.010431,0.002769,0.013497,0.011965
mm_1359cf8b428244,0.016938,0.000458,0.000278,0.000207,0.000292,0.000345,0.000338,0.000000,0.000217,0.000022,0.000271,0.000542,0.000056,0.021888,0.053705,0.042271,0.035869,0.019802,0.003199,0.006999,0.005375,0.003180,0.001572,0.005560
mm_78788580433a9b,0.016938,0.000001,0.001490,0.002114,0.000354,0.000051,0.000000,0.000000,0.000450,0.000868,0.000436,0.000156,0.000001,0.000000,0.000006,0.000000,0.000018,0.000038,0.000000,0.000000,0.008813,0.002172,0.015730,0.050432
mm_f743b92e02ecbb,0.016938,0.000081,0.003384,0.008540,0.008586,0.026778,0.000018,0.000204,0.042772,0.049886,0.023411,0.016384,0.000036,0.019950,0.003363,0.001715,0.001499,0.000424,0.000002,0.042521,0.047666,0.039170,0.038247,0.036524
mm_275eecb2d3d4a9,0.016938,0.277621,0.250788,0.244289,0.294757,0.221111,0.028713,0.212137,0.125133,0.080640,0.077193,0.050862,0.014008,0.669166,0.158562,0.079247,0.032261,0.006285,0.006890,0.000004,0.016660,0.034724,0.059245,0.011488
mm_a5962100e50eb3,0.016938,0.016754,0.057257,0.084844,0.107002,0.282429,0.008469,0.030418,0.013530,0.024010,0.003874,0.008582,0.002294,0.053989,0.120261,0.105756,0.159784,0.045682,0.001258,0.116947,0.112253,0.100443,0.046866,0.069058
mm_8bb4bf8e37c1d2,0.016938,0.002361,0.001106,0.001442,0.000342,0.000176,0.000350,0.000081,0.000142,0.000096,0.000037,0.000100,0.000023,0.007070,0.006160,0.001615,0.000706,0.002814,0.007682,0.000105,0.000915,0.000092,0.000173,0.000229
mm_dde2e6545fc5fd,0.016938,0.054051,0.082416,0.088945,0.145437,0.148195,0.000371,0.046008,0.032995,0.020852,0.011705,0.005579,0.000007,0.000081,0.099536,0.166476,0.394227,0.572127,0.002657,0.043027,0.042384,0.027768,0.049093,0.059569
mm_4a1438f28b7f32,0.016938,0.000116,0.000119,0.000186,0.000071,0.000043,0.000001,0.148787,0.038977,0.017397,0.000813,0.000161,0.000000,0.000027,0.001422,0.000604,0.000467,0.000234,0.000004,0.008918,0.060677,0.011447,0.008488,0.052485
mm_6974e5b69dd652,0.016938,0.041043,0.065672,0.076892,0.043774,0.040574,0.000022,0.000501,0.005845,0.010923,0.000924,0.000725,0.000001,0.000641,0.017055,0.003237,0.050901,0.070466,0.005633,0.002972,0.028879,0.028100,0.032384,0.026746
mm_37446ad9f1d3c5,0.016938,0.003757,0.011162,0.012766,0.009435,0.005873,0.000001,0.009885,0.005707,0.002881,0.000737,0.000413,0.000003,0.000000,0.000004,0.000001,0.000008,0.000004,0.000000,0.015245,0.013878,0.007278,0.011318,0.020781
mm_fe0af30b29add8,0.016938,0.001889,0.001568,0.002251,0.002377,0.003506,0.000600,0.000679,0.000864,0.000214,0.000094,0.000111,0.000008,0.142311,0.064773,0.072683,0.011823,0.005033,0.000264,0.000002,0.005326,0.003886,0.007042,0.006822
mm_0a856ae86cca28,0.016938,0.006267,0.011781,0.015329,0.036132,0.078084,0.001063,0.000012,0.026195,0.016361,0.066354,0.031588,0.001037,0.000433,0.000304,0.000046,0.000408,0.000025,0.000001,0.000629,0.002024,0.000127,0.000905,0.003281
mm_b0c657d787b8a7,0.016938,0.000783,0.031302,0.024730,0.019549,0.007787,0.001936,0.000074,0.171995,0.184906,0.077858,0.064712,0.001488,0.030653,0.019554,0.016950,0.041160,0.047480,0.019063,0.073389,0.054356,0.056458,0.042246,0.023486
mm_02456031b04326,0.016938,0.001001,0.025205,0.024398,0.013957,0.004086,0.000149,0.000226,0.000231,0.000327,0.000298,0.000139,0.000024,0.000002,0.000026,0.000006,0.000074,0.000328,0.000788,0.294921,0.160262,0.154524,0.035707,0.054211
mm_866270e503ca26,0.016938,0.000032,0.000047,0.000004,0.000012,0.000051,0.000016,0.000000,0.001090,0.000047,0.000628,0.006623,0.000742,0.000031,0.004501,0.000248,0.000641,0.003739,0.007956,0.004858,0.015072,0.001605,0.001980,0.010064
mm_ddd911a063cb06,0.016938,0.000001,0.000110,0.000064,0.000162,0.000121,0.000032,0.000000,0.000001,0.000000,0.000000,0.000001,0.000000,0.000461,0.000827,0.000294,0.000218,0.000471,0.000507,0.000181,0.000186,0.000004,0.000019,0.000242
mm_c2403826ce2d5f,0.016938,0.000000,0.000093,0.000079,0.001693,0.002197,0.000351,0.000000,0.000156,0.000161,0.000080,0.000116,0.000011,0.000000,0.000007,0.000001,0.000015,0.000045,0.000001,0.000000,0.001020,0.000041,0.000369,0.010426
mm_c86ba546a5c30c,0.016938,0.000000,0.000150,0.000222,0.000243,0.000048,0.000003,0.000000,0.000174,0.000064,0.000337,0.000188,0.000008,0.000018,0.000084,0.000002,0.000022,0.000087,0.000005,0.000000,0.000364,0.000007,0.000058,0.000450
mm_7b0b8711562fd8,0.016938,0.033171,0.110673,0.102093,0.171024,0.120984,0.003379,0.019708,0.023513,0.031030,0.047176,0.205961,0.913750,0.007514,0.006136,0.007585,0.004087,0.002354,0.000087,0.301004,0.250883,0.201520,0.119918,0.118749
mm_3d095e6fe502db,0.016938,0.145337,0.090850,0.052476,0.046063,0.010180,0.001232,0.002374,0.001059,0.001003,0.000514,0.000171,0.000124,0.001124,0.001013,0.000763,0.000776,0.000151,0.000106,0.000050,0.001064,0.000139,0.000319,0.002048
mm_b4139edaceea9a,0.016938,0.064177,0.041308,0.034298,0.032805,0.042433,0.029720,0.001662,0.001497,0.001478,0.000698,0.000649,0.000126,0.072323,0.046025,0.035240,0.015522,0.008366,0.000044,0.003300,0.002502,0.000295,0.000635,0.000944
mm_189fefa4f9389d,0.016938,0.000069,0.000087,0.000020,0.000067,0.000030,0.000002,0.000004,0.000073,0.000008,0.000030,0.000037,0.000001,0.000004,0.000026,0.000001,0.000012,0.000027,0.000000,0.000224,0.003282,0.001089,0.004010,0.005978
mm_e7e368dc7bcb46,0.016938,0.092072,0.054228,0.073742,0.044732,0.038237,0.001181,0.068042,0.036254,0.033593,0.011766,0.003860,0.000434,0.097487,0.117547,0.121328,0.162315,0.117601,0.208898,0.072662,0.031091,0.057444,0.017611,0.019824
mm_37ac1d09b0b0f2,0.016938,0.000000,0.000000,0.000000,0.000000,0.000001,0.000000,0.000003,0.000163,0.000024,0.000053,0.000806,0.005572,0.000000,0.000161,0.000073,0.000181,0.000327,0.000114,0.000000,0.002821,0.000956,0.004705,0.028338
mm_902e9479caff37,0.016938,0.075802,0.049156,0.091503,0.242385,0.124751,0.009225,0.003723,0.001804,0.001979,0.001123,0.000384,0.000006,0.074705,0.109770,0.159442,0.147662,0.138601,0.001057,0.110257,0.161613,0.162954,0.139846,0.185493
mm_eb4bf69a88cd87,0.016938,0.000128,0.001811,0.008054,0.016911,0.041176,0.000174,0.004932,0.037078,0.044003,0.032454,0.047465,0.000018,0.003647,0.001861,0.002062,0.000502,0.000203,0.000001,0.001619,0.005154,0.000874,0.005986,0.007276
mm_4949b0f52cf925,0.016938,0.000000,0.000000,0.000000,0.000001,0.000002,0.000001,0.000393,0.000687,0.000073,0.000074,0.000516,0.000214,0.000020,0.000012,0.000000,0.000004,0.000019,0.000004,0.000000,0.000547,0.000056,0.000774,0.004246
mm_9e54638e8e311a,0.016938,0.000000,0.000176,0.000017,0.000063,0.000149,0.000040,0.000000,0.000001,0.000000,0.000001,0.000003,0.000002,0.000000,0.000000,0.000000,0.000000,0.000004,0.000000,0.002134,0.002968,0.000645,0.003056,0.006622
mm_eef8a62c48fe87,0.016938,0.167665,0.033489,0.011790,0.013657,0.002305,0.000482,0.006673,0.015197,0.014721,0.013326,0.019752,0.003198,0.093242,0.066118,0.060895,0.049651,0.054998,0.041604,0.001055,0.066390,0.139710,0.067045,0.022569
mm_92c1a3f77f6776,0.016938,0.000000,0.000126,0.000022,0.000180,0.000104,0.000004,0.000000,0.001535,0.001672,0.002376,0.002145,0.001010,0.026215,0.007369,0.003179,0.000481,0.000174,0.000018,0.041289,0.043138,0.026529,0.014938,0.019207
mm_0a7cf9105e4495,0.016938,0.009965,0.010995,0.006377,0.006083,0.000547,0.000005,0.001802,0.013813,0.009252,0.009419,0.002323,0.000021,0.294933,0.289036,0.283083,0.138654,0.226320,0.000826,0.091546,0.080319,0.064348,0.102759,0.104312
mm_e30e644217a99b,0.016938,0.000002,0.004956,0.000856,0.013071,0.027058,0.000720,0.000001,0.000312,0.000070,0.000665,0.001366,0.000115,0.009633,0.001549,0.000759,0.000508,0.000064,0.000005,0.000143,0.056193,0.080432,0.095837,0.119495
mm_237701777ab901,0.016938,0.554651,0.107038,0.068173,0.049944,0.013629,0.000191,0.000002,0.005174,0.011148,0.010105,0.014119,0.000070,0.056960,0.055180,0.056336,0.074740,0.042429,0.000330,0.050383,0.066766,0.058017,0.060673,0.053805
mm_efc4acbbc24f05,0.016938,0.012070,0.159552,0.155930,0.132564,0.075946,0.008041,0.011346,0.003327,0.003607,0.000894,0.000582,0.000108,0.000000,0.000001,0.000000,0.000000,0.000000,0.000000,0.000103,0.004406,0.001565,0.004895,0.013146
mm_1d2b20c411ea50,0.016938,0.001972,0.018909,0.019548,0.037819,0.022607,0.042577,0.002137,0.016680,0.019567,0.029905,0.013300,0.003057,0.000053,0.000019,0.000022,0.000015,0.000002,0.000004,0.001078,0.006536,0.001834,0.001859,0.007390
mm_a3e75698b3af10,0.016938,0.001265,0.000720,0.000607,0.000128,0.000135,0.000016,0.000039,0.000035,0.000040,0.000002,0.000005,0.000000,0.000116,0.000041,0.000010,0.000015,0.000006,0.000000,0.002030,0.006010,0.000451,0.001613,0.007688
mm_c99fa8965dad99,0.016938,0.088412,0.110911,0.089126,0.086072,0.176352,0.836637,0.142525,0.097276,0.073885,0.073067,0.062515,0.000793,0.000000,0.000163,0.000285,0.000251,0.000100,0.000000,0.004545,0.003635,0.000702,0.003554,0.012678
mm_43580a09f7ba1e,0.016938,0.002412,0.125927,0.186840,0.145624,0.206125,0.003326,0.000309,0.224438,0.235409,0.103760,0.038633,0.000112,0.001954,0.001735,0.001539,0.000450,0.000235,0.000000,0.017913,0.011717,0.002587,0.001124,0.001913
mm_1ef198c347741e,0.016938,0.073674,0.158467,0.141004,0.124023,0.066355,0.000148,0.000255,0.104875,0.194414,0.071572,0.112411,0.055940,0.002521,0.027205,0.017786,0.007715,0.004787,0.000184,0.044086,0.055123,0.061468,0.041906,0.050145
mm_edb748a32c058b,0.016938,0.094102,0.144382,0.179072,0.214555,0.383228,0.368737,0.109266,0.125303,0.129539,0.211691,0.349547,0.038588,0.131168,0.072972,0.114982,0.098786,0.025983,0.000614,0.000005,0.043127,0.068719,0.091124,0.043981
mm_7ba5d26c290649,0.016938,0.080701,0.085492,0.099065,0.144179,0.124973,0.013064,0.209719,0.284467,0.225709,0.110623,0.149343,0.001229,0.076972,0.033599,0.032633,0.020260,0.004401,0.000068,0.024416,0.076436,0.069125,0.051260,0.047952
mm_aeb7bcefdcb23c,0.016938,0.000012,0.000057,0.000025,0.000101,0.000062,0.000070,0.000002,0.000029,0.000015,0.000010,0.000017,0.000002,0.000000,0.000005,0.000000,0.000004,0.000065,0.000016,0.011081,0.022949,0.011034,0.015209,0.062838
mm_26a29a2ddf9b0b,0.016938,0.189556,0.229057,0.217752,0.328185,0.317794,0.010508,0.000388,0.095707,0.094723,0.179530,0.104177,0.023578,0.384947,0.215714,0.131545,0.085235,0.010030,0.000024,0.000031,0.022479,0.016431,0.053914,0.036599
mm_4c8e71f67d3fc7,0.016938,0.015593,0.012967,0.016270,0.014678,0.004469,0.001235,0.000000,0.000080,0.000089,0.000049,0.000034,0.000013,0.000062,0.000094,0.000026,0.000272,0.000025,0.000000,0.030741,0.042664,0.019865,0.021475,0.029313
mm_137300698ed145,0.016938,0.222677,0.156487,0.132870,0.219335,0.082016,0.016355,0.253435,0.188891,0.154734,0.096830,0.043155,0.010616,0.072686,0.115076,0.100406,0.088919,0.053997,0.010531,0.000745,0.154452,0.315818,0.213766,0.110074
mm_92aef78766a510,0.016938,0.124034,0.025134,0.014495,0.005307,0.001023,0.000099,0.000000,0.016960,0.044654,0.053876,0.044931,0.038031,0.057738,0.051537,0.100264,0.112265,0.060013,0.008887,0.000275,0.015982,0.020146,0.042626,0.028068
mm_1fd82f7ebd3b97,0.016938,0.009707,0.026343,0.028094,0.037677,0.035647,0.001922,0.058288,0.069578,0.056864,0.057789,0.059678,0.076142,0.001305,0.087551,0.132789,0.155119,0.156332,0.066981,0.121030,0.084988,0.094088,0.035088,0.035250
mm_8782e31bf7cc57,0.016938,0.002753,0.018628,0.018829,0.005274,0.007135,0.000001,0.091209,0.015736,0.005863,0.002113,0.000436,0.000017,0.000187,0.001204,0.000119,0.000993,0.000677,0.000008,0.037629,0.047190,0.029026,0.012592,0.013226
mm_c80c4a93670f24,0.016938,0.000000,0.000012,0.000020,0.000028,0.000009,0.000004,0.000000,0.000022,0.000035,0.000007,0.000016,0.000013,0.000000,0.000000,0.000000,0.000001,0.000001,0.000000,0.000068,0.002457,0.000173,0.000666,0.003968
mm_3ec8172ac87d2d,0.016938,0.018837,0.068379,0.081574,0.108140,0.197939,0.163063,0.028768,0.057922,0.106890,0.102177,0.095728,0.005209,0.000479,0.041443,0.025682,0.238909,0.081429,0.002871,0.048503,0.037907,0.043236,0.048713,0.073666
mm_63710ba326b749,0.016938,0.000999,0.000510,0.000111,0.000066,0.000077,0.000002,0.000001,0.000017,0.000001,0.000008,0.000048,0.000001,0.001464,0.023963,0.019785,0.025973,0.012366,0.000023,0.000021,0.035123,0.052537,0.099006,0.082428
mm_08a23f7158da7b,0.016938,0.000568,0.000199,0.000268,0.000030,0.000055,0.000113,0.000130,0.000434,0.000467,0.000103,0.000058,0.000005,0.000344,0.000225,0.000061,0.000036,0.000041,0.000002,0.000067,0.001830,0.000278,0.000508,0.000601
mm_5cadfe648023e3,0.016938,0.195894,0.079137,0.045044,0.064729,0.012277,0.000335,0.027967,0.017721,0.008363,0.002579,0.001439,0.000098,0.028956,0.002605,0.002016,0.000139,0.000028,0.000001,0.057225,0.042165,0.040346,0.037622,0.030102
mm_ed952394957ab2,0.016938,0.000000,0.000012,0.000002,0.000019,0.000031,0.000006,0.000003,0.030158,0.016009,0.017421,0.084438,0.024759,0.003424,0.047329,0.018762,0.021334,0.034198,0.080478,0.025675,0.052998,0.026588,0.017009,0.054995
mm_158d10d052f996,0.016938,0.014206,0.025947,0.029433,0.046143,0.067227,0.002496,0.000522,0.003310,0.006648,0.004166,0.018778,0.000308,0.000558,0.000192,0.000115,0.000192,0.000032,0.000007,0.000000,0.000821,0.000192,0.001320,0.004691
mm_8814ad860b4f58,0.016938,0.000007,0.000020,0.000002,0.000004,0.000004,0.000000,0.000004,0.000033,0.000003,0.000005,0.000010,0.000000,0.000002,0.000010,0.000000,0.000002,0.000006,0.000000,0.000004,0.003616,0.001191,0.003804,0.004087
mm_2782b552097c7b,0.016938,0.295375,0.214795,0.137295,0.116794,0.023151,0.000284,0.024477,0.013470,0.014043,0.006550,0.001444,0.000038,0.032486,0.043942,0.048778,0.047590,0.099645,0.020357,0.041719,0.034245,0.042331,0.023394,0.028163
mm_292377ab0fa60c,0.016938,0.000030,0.009042,0.009784,0.041418,0.246450,0.793487,0.304575,0.203998,0.166455,0.114730,0.254859,0.004262,0.045030,0.056165,0.063697,0.092883,0.062968,0.006099,0.034847,0.036894,0.028203,0.026090,0.020615
mm_c7111833750a5f,0.016938,0.006549,0.022046,0.016319,0.009495,0.001709,0.000986,0.000002,0.048507,0.093025,0.046360,0.019969,0.006566,0.000003,0.007842,0.009548,0.032944,0.012700,0.004453,0.000001,0.011342,0.005747,0.015717,0.077301
mm_7772825093b202,0.016938,0.003350,0.004037,0.002916,0.003955,0.007234,0.009344,0.001323,0.000385,0.000097,0.000036,0.000051,0.000012,0.000018,0.000016,0.000002,0.000001,0.000005,0.000003,0.000001,0.002533,0.001065,0.006354,0.007138
mm_04152252be49ca,0.016938,0.066822,0.062371,0.056915,0.050228,0.018710,0.000060,0.065938,0.038367,0.035464,0.007078,0.005718,0.000015,0.002437,0.002522,0.001157,0.001962,0.000249,0.000001,0.039787,0.020061,0.007128,0.004459,0.002998
mm_7666fec0d39bf0,0.016938,0.000003,0.000103,0.000137,0.001301,0.000940,0.000046,0.019388,0.029288,0.025084,0.032470,0.166307,0.746802,0.002619,0.000567,0.000617,0.000453,0.000106,0.000011,0.058001,0.072382,0.062339,0.058669,0.050316
mm_256d8eac353c19,0.016938,0.006870,0.013798,0.015300,0.041449,0.063200,0.004711,0.198818,0.185881,0.172728,0.145890,0.142736,0.006969,0.083499,0.097954,0.096568,0.064153,0.076059,0.029674,0.000263,0.022700,0.021999,0.035025,0.060887
mm_cde2d57930529a,0.016938,0.016641,0.017955,0.012521,0.009732,0.006346,0.001279,0.000762,0.000731,0.000327,0.000289,0.000208,0.000008,0.000021,0.000045,0.000010,0.000012,0.000011,0.000004,0.000059,0.006907,0.003588,0.002590,0.002043
mm_8fd9cf6368916c,0.016938,0.624091,0.148025,0.062109,0.011125,0.005844,0.000075,0.093222,0.077732,0.171369,0.075490,0.052947,0.000575,0.010740,0.008960,0.006732,0.004082,0.001569,0.000038,0.249611,0.184774,0.143761,0.028522,0.060284
mm_5b16aaf99568db,0.016938,0.002420,0.005796,0.004312,0.006059,0.008154,0.002513,0.000000,0.000372,0.000274,0.000834,0.001745,0.000071,0.000000,0.000350,0.000029,0.000308,0.001599,0.009126,0.000001,0.014063,0.014414,0.016616,0.044213
mm_eebe8da0b5c722,0.016938,0.122509,0.323479,0.283115,0.285262,0.099915,0.000442,0.001818,0.004364,0.006195,0.002429,0.004294,0.000059,0.000001,0.018555,0.028380,0.087468,0.094082,0.000007,0.000152,0.032866,0.046511,0.057709,0.036004
mm_373abeef018cea,0.016938,0.001740,0.001345,0.002140,0.002914,0.001163,0.000004,0.021627,0.022508,0.016310,0.006677,0.003329,0.000001,0.003421,0.023218,0.012770,0.011701,0.075758,0.837612,0.000022,0.062793,0.113827,0.125897,0.111143
mm_f2ceafaf567324,0.016938,0.014297,0.024730,0.018578,0.019084,0.087895,0.983799,0.291545,0.141978,0.064118,0.031056,0.014486,0.000114,0.000001,0.000441,0.000852,0.001112,0.002302,0.004886,0.008253,0.014478,0.004016,0.007458,0.019940
mm_b19aeaa0026b07,0.016938,0.000000,0.000022,0.000009,0.000024,0.000005,0.000000,0.000033,0.000010,0.000002,0.000001,0.000002,0.000000,0.000000,0.000014,0.000011,0.000030,0.000009,0.000003,0.000000,0.002847,0.000402,0.001647,0.015308
mm_26914d450bbf6f,0.016938,0.000000,0.000016,0.000001,0.000059,0.000016,0.000000,0.000293,0.000294,0.000247,0.000044,0.000032,0.000000,0.000000,0.000049,0.000129,0.000050,0.000035,0.000000,0.028268,0.070257,0.064004,0.041027,0.037413
mm_c3dca127aaad28,0.016938,0.101213,0.100260,0.089584,0.139376,0.213693,0.553404,0.200100,0.103770,0.047362,0.011818,0.007994,0.000058,0.000000,0.005678,0.002774,0.010461,0.021702,0.000150,0.000013,0.028323,0.017119,0.007641,0.029931
mm_b6ce032698c10a,0.016938,0.000346,0.000113,0.000117,0.000042,0.000011,0.000001,0.000000,0.000033,0.000004,0.000018,0.000098,0.000015,0.000002,0.000010,0.000000,0.000002,0.000012,0.000001,0.000000,0.000358,0.000032,0.000605,0.002741
mm_fc321a34057b93,0.016938,0.397243,0.185524,0.129559,0.158443,0.056586,0.145465,0.000023,0.045420,0.118747,0.031464,0.011548,0.000031,0.000001,0.000329,0.000814,0.000494,0.000160,0.000395,0.021055,0.018433,0.006600,0.008516,0.028199
mm_4fb03439ae0dc3,0.016938,0.000004,0.002222,0.004202,0.002119,0.000116,0.000001,0.000053,0.000441,0.000846,0.000524,0.001497,0.000003,0.000000,0.000128,0.000128,0.000191,0.000006,0.000000,0.001998,0.036632,0.011711,0.014196,0.044611
mm_11085e067e143f,0.016938,0.000002,0.010420,0.010997,0.008562,0.004697,0.004993,0.274888,0.252750,0.204866,0.171393,0.100851,0.035224,0.015694,0.002602,0.005686,0.000702,0.000095,0.000031,0.004147,0.014700,0.013960,0.015389,0.014458
mm_c5af9b9974d189,0.016938,0.010081,0.046789,0.043455,0.054608,0.023655,0.029224,0.000021,0.007182,0.006822,0.005563,0.003085,0.000222,0.031914,0.118610,0.139234,0.116857,0.126236,0.037428,0.084350,0.039058,0.075573,0.010003,0.014947
mm_bbfc7f3b2fd089,0.016938,0.000005,0.001089,0.001162,0.002486,0.001003,0.000751,0.000001,0.001813,0.001606,0.000723,0.001862,0.000786,0.000000,0.006177,0.008474,0.005877,0.021053,0.019590,0.000004,0.010767,0.009604,0.028091,0.047272
mm_d41070729d8098,0.016938,0.000001,0.000824,0.000961,0.002715,0.000901,0.000113,0.000213,0.000268,0.000047,0.000166,0.000831,0.000019,0.000116,0.000811,0.000634,0.002907,0.002282,0.000414,0.001374,0.001132,0.000116,0.000207,0.000206
mm_57a8ade08da8fa,0.016938,0.023297,0.027718,0.024509,0.049956,0.185805,0.793240,0.008225,0.023396,0.028641,0.017914,0.017744,0.000175,0.020819,0.008780,0.006746,0.001775,0.000931,0.000050,0.053729,0.038855,0.036082,0.027956,0.046884
mm_7d2256030e54e0,0.016938,0.814521,0.293420,0.102187,0.054521,0.004641,0.000147,0.029701,0.015059,0.023611,0.009097,0.002152,0.001956,0.002965,0.000845,0.000798,0.000279,0.000074,0.000430,0.001374,0.007828,0.001313,0.001799,0.006876
mm_4b936b56d02be7,0.016938,0.000027,0.041176,0.099298,0.165612,0.341825,0.324609,0.000052,0.026608,0.053178,0.015647,0.008142,0.000079,0.000027,0.030120,0.045114,0.031254,0.011941,0.000264,0.176208,0.136706,0.120035,0.112761,0.103329
mm_3e86116d0c001e,0.016938,0.000000,0.000034,0.000008,0.000077,0.000025,0.000000,0.000019,0.041039,0.056847,0.040858,0.011898,0.001017,0.000148,0.029772,0.043044,0.025019,0.009934,0.000007,0.000000,0.001914,0.000437,0.003828,0.008736
mm_438e976ae07292,0.016938,0.008868,0.005078,0.003768,0.002171,0.001888,0.003085,0.004556,0.006892,0.005842,0.000943,0.002407,0.001822,0.000000,0.000219,0.000037,0.000782,0.002267,0.000403,0.000007,0.002944,0.000483,0.004435,0.019691
mm_be2fb8c1047716,0.016938,0.010389,0.008348,0.007112,0.013126,0.003480,0.000047,0.212632,0.130417,0.077547,0.055229,0.015761,0.002065,0.086769,0.019896,0.028120,0.002741,0.000391,0.000116,0.214962,0.137220,0.183197,0.034214,0.037773
mm_fa233b4d122b89,0.016938,0.011927,0.008548,0.008214,0.002343,0.003901,0.000130,0.072171,0.062974,0.050553,0.072599,0.112384,0.062755,0.000020,0.043676,0.063312,0.098783,0.041645,0.012026,0.041945,0.038499,0.028184,0.026922,0.021777
mm_f3fbc59ee4696b,0.016938,0.000004,0.001620,0.003402,0.004140,0.001337,0.002227,0.000009,0.000217,0.000015,0.000240,0.001801,0.000081,0.002512,0.003478,0.001110,0.002875,0.004294,0.001889,0.000000,0.001194,0.000217,0.002667,0.013031
mm_b60f02eecc49e0,0.016938,0.139575,0.185229,0.146071,0.222701,0.119483,0.001425,0.020877,0.297868,0.297834,0.322419,0.169905,0.000605,0.001062,0.001071,0.000451,0.001578,0.000110,0.000008,0.150891,0.174080,0.152082,0.121823,0.114068
mm_1857fd0cc63826,0.016938,0.187218,0.223626,0.228093,0.139407,0.175055,0.000699,0.000000,0.000180,0.000136,0.000242,0.000157,0.000000,0.000000,0.000022,0.000012,0.000077,0.000007,0.000000,0.087150,0.077113,0.058661,0.051779,0.042752
mm_a89f0af0f1d6c2,0.016938,0.075151,0.097328,0.071126,0.014627,0.028477,0.000293,0.008849,0.026546,0.027595,0.066683,0.396834,0.376891,0.083809,0.080093,0.063201,0.071861,0.018102,0.000118,0.000012,0.024615,0.029743,0.022407,0.009412
mm_f92c2bda02f9d8,0.016938,0.000016,0.000042,0.000006,0.000019,0.000011,0.000000,0.000000,0.000005,0.000000,0.000000,0.000001,0.000000,0.000000,0.000008,0.000000,0.000003,0.000006,0.000002,0.000011,0.006574,0.003019,0.007612,0.010439
mm_2448aef9f30312,0.016938,0.000019,0.000142,0.000197,0.000271,0.000157,0.000001,0.443087,0.332045,0.245634,0.155666,0.088508,0.000833,0.002430,0.001184,0.000594,0.000446,0.000087,0.000000,0.013188,0.031693,0.033661,0.040790,0.019266
mm_1178238c6166c8,0.016938,0.000927,0.001343,0.002234,0.003918,0.002755,0.000075,0.789743,0.416446,0.228410,0.036283,0.046362,0.002003,0.315118,0.186480,0.136921,0.102771,0.058266,0.000813,0.057065,0.057000,0.053070,0.047551,0.051785
mm_9fd0ab42b8a928,0.016938,0.003754,0.004661,0.005168,0.003935,0.003410,0.000036,0.000245,0.081114,0.116474,0.142983,0.229614,0.006652,0.049718,0.112752,0.062606,0.072799,0.171998,0.004359,0.060952,0.068408,0.068119,0.021590,0.020607
mm_c863eab4ea652e,0.016938,0.013914,0.011442,0.006781,0.007113,0.024425,0.027084,0.000000,0.000087,0.000016,0.000072,0.000104,0.000002,0.000005,0.001728,0.000254,0.019131,0.022951,0.003288,0.001432,0.004987,0.000955,0.002342,0.004124
mm_1fd219c2c3d54f,0.016938,0.002225,0.000895,0.000968,0.000133,0.000294,0.000118,0.000924,0.000380,0.000178,0.000052,0.000078,0.000001,0.000000,0.000010,0.000009,0.000049,0.000012,0.000000,0.009047,0.010462,0.003115,0.005142,0.009505
mm_495bb3daa9ef5e,0.016938,0.000734,0.183643,0.229005,0.213855,0.095084,0.010665,0.000003,0.004018,0.009169,0.003809,0.001086,0.000121,0.000627,0.000493,0.000849,0.000246,0.000363,0.000048,0.000016,0.010868,0.020616,0.028604,0.034952
mm_afe957afad5656,0.016938,0.002370,0.001376,0.002551,0.000263,0.000447,0.000052,0.000016,0.000009,0.000001,0.000001,0.000005,0.000000,0.000013,0.007612,0.017627,0.039078,0.008492,0.000158,0.004251,0.008346,0.002548,0.009876,0.016200
mm_3badce4cf1e186,0.016938,0.796299,0.397702,0.245669,0.248455,0.052562,0.000485,0.032354,0.081164,0.102930,0.114544,0.334159,0.717760,0.092739,0.074284,0.081416,0.048590,0.038099,0.002419,0.124985,0.079002,0.112725,0.029256,0.008774
mm_8407764055460c,0.016938,0.000000,0.000104,0.000248,0.000734,0.000126,0.000000,0.135795,0.523519,0.442608,0.298650,0.274581,0.002043,0.061234,0.084039,0.096096,0.137284,0.235312,0.010540,0.000018,0.026746,0.032067,0.028239,0.019533
mm_7c951b23abfa95,0.016938,0.233813,0.097074,0.050552,0.042830,0.007632,0.000102,0.123006,0.104961,0.092526,0.141583,0.102432,0.014959,0.004288,0.000540,0.001428,0.000103,0.000023,0.000052,0.000001,0.003529,0.001766,0.010022,0.017747
mm_e05420bd809a54,0.016938,0.000121,0.000511,0.001550,0.000817,0.000669,0.000000,0.023166,0.043293,0.021417,0.022976,0.002367,0.000027,0.000368,0.028457,0.028522,0.055678,0.233877,0.699407,0.000001,0.007364,0.012156,0.021480,0.009454
mm_bcf7e8684a3b37,0.016938,0.000003,0.000550,0.000667,0.000385,0.000062,0.000000,0.000237,0.006565,0.001524,0.015353,0.028096,0.001878,0.005887,0.022923,0.027211,0.011344,0.008018,0.000606,0.012347,0.013721,0.014919,0.010829,0.014129
mm_09d8e9c262448c,0.016938,0.000018,0.005026,0.007606,0.012552,0.014651,0.000007,0.176787,0.163563,0.101959,0.026591,0.053402,0.000152,0.005295,0.009116,0.006806,0.021834,0.175374,0.794125,0.133664,0.115262,0.082224,0.084246,0.046005
mm_c7ca57f3278589,0.016938,0.000000,0.000002,0.000001,0.000008,0.000001,0.000000,0.078578,0.160644,0.124638,0.110211,0.077160,0.016295,0.000003,0.018362,0.059998,0.079603,0.049507,0.093294,0.021195,0.049676,0.076047,0.035564,0.028031
mm_ff0902c969fe3c,0.016938,0.000005,0.029324,0.103057,0.139486,0.365752,0.330399,0.013860,0.011457,0.012162,0.009737,0.005232,0.000317,0.000008,0.012264,0.021742,0.011005,0.001203,0.000067,0.084004,0.040993,0.076619,0.028261,0.025801
mm_4e61fdefbe6c9a,0.016938,0.000078,0.000112,0.000017,0.000025,0.000019,0.000000,0.000004,0.025666,0.037037,0.040283,0.212433,0.777267,0.010532,0.021061,0.017170,0.018084,0.021690,0.000312,0.025377,0.016469,0.004183,0.004890,0.007210
mm_15116fc7f7c068,0.016938,0.000002,0.014253,0.024421,0.030126,0.010108,0.001966,0.000144,0.233202,0.220984,0.197586,0.035094,0.006653,0.000000,0.000010,0.000001,0.000026,0.000198,0.000002,0.000001,0.016840,0.006935,0.053567,0.164737
mm_447c108d4162f3,0.016938,0.059554,0.102083,0.136439,0.253100,0.522279,0.188305,0.000032,0.006817,0.021067,0.002061,0.001652,0.000005,0.006384,0.004047,0.006658,0.003225,0.002959,0.000023,0.069468,0.054750,0.041816,0.048090,0.030474
mm_b2e50bea08a789,0.016938,0.000884,0.033233,0.089045,0.121815,0.435406,0.343872,0.003161,0.001015,0.000591,0.000192,0.000148,0.000001,0.002310,0.001598,0.002503,0.001176,0.000283,0.000000,0.188710,0.147588,0.101298,0.115792,0.049974
mm_1a197df05e9d21,0.016938,0.018281,0.285542,0.313442,0.341681,0.262231,0.004007,0.026514,0.092219,0.092255,0.100061,0.292619,0.179271,0.261925,0.086997,0.060093,0.106563,0.019818,0.004613,0.000038,0.019366,0.030966,0.036907,0.028022
mm_1663ce88bf736e,0.016938,0.000000,0.000007,0.000010,0.000025,0.000006,0.000000,0.000355,0.000888,0.000315,0.001432,0.000301,0.000002,0.004343,0.029961,0.014167,0.033939,0.064964,0.004850,0.000962,0.008529,0.004703,0.015467,0.028278
mm_32a5c30a9d7199,0.016938,0.241033,0.251673,0.177142,0.032227,0.066492,0.000247,0.295023,0.226501,0.154221,0.163270,0.103085,0.000359,0.054110,0.080000,0.092939,0.123251,0.102129,0.000904,0.000720,0.032119,0.028004,0.050699,0.017213
mm_6801eff8eda27c,0.016938,0.042021,0.080814,0.088912,0.067508,0.061553,0.000621,0.003148,0.018886,0.020195,0.022372,0.006202,0.002012,0.000752,0.000484,0.000118,0.000103,0.000225,0.000047,0.001552,0.044760,0.074080,0.050228,0.024083
mm_33b6845c7cb6ed,0.016938,0.015276,0.005688,0.005488,0.000857,0.001545,0.000185,0.000003,0.000048,0.000001,0.000003,0.000023,0.000002,0.000041,0.000065,0.000008,0.000027,0.000030,0.000001,0.000745,0.003550,0.000432,0.000838,0.001469
mm_0d0f0f1d1bad6b,0.016938,0.000000,0.000002,0.000000,0.000004,0.000002,0.000000,0.000017,0.000056,0.000007,0.000024,0.000053,0.000025,0.022626,0.029870,0.021040,0.005924,0.001721,0.000105,0.000003,0.012222,0.005200,0.019127,0.039297
mm_1e300fed538401,0.016938,0.000006,0.000006,0.000001,0.000003,0.000009,0.000002,0.000000,0.000831,0.000055,0.000043,0.000905,0.000415,0.000000,0.000001,0.000000,0.000000,0.000002,0.000000,0.008764,0.005526,0.001077,0.002647,0.010947
mm_8ad3c1f4f68203,0.016938,0.000000,0.000004,0.000000,0.000009,0.000006,0.000000,0.000000,0.000003,0.000000,0.000002,0.000004,0.000000,0.000000,0.000003,0.000000,0.000003,0.000008,0.000000,0.000456,0.001064,0.000055,0.000368,0.001012
mm_db584b9b15e3d5,0.016938,0.032334,0.015135,0.015326,0.009820,0.006414,0.003242,0.000111,0.000511,0.000591,0.001532,0.002204,0.000909,0.000000,0.000002,0.000001,0.000006,0.000001,0.000000,0.039607,0.073441,0.054048,0.028464,0.036676
mm_d5d3f28b7e78fc,0.016938,0.094418,0.170753,0.136261,0.146214,0.106950,0.011707,0.327288,0.260540,0.188439,0.186205,0.279526,0.064071,0.008715,0.023629,0.030224,0.033707,0.035088,0.009213,0.018687,0.121549,0.123214,0.172111,0.091738
mm_42813376fe3674,0.016938,0.000101,0.000050,0.000006,0.000005,0.000005,0.000000,0.003342,0.004901,0.005077,0.019888,0.028488,0.022048,0.000957,0.003898,0.003020,0.016126,0.036913,0.004126,0.000617,0.001363,0.000078,0.000409,0.002161
mm_dc9b4d60e7d4d0,0.016938,0.000339,0.003471,0.003848,0.024298,0.017357,0.000247,0.172426,0.161337,0.137820,0.199482,0.126312,0.002252,0.000149,0.000195,0.000428,0.000243,0.000121,0.000001,0.168520,0.159113,0.124594,0.074264,0.068536
mm_9626fbb992945c,0.016938,0.005837,0.053908,0.127550,0.296763,0.541976,0.011981,0.000064,0.085119,0.083952,0.057091,0.092252,0.677966,0.032963,0.061274,0.104770,0.127259,0.238278,0.048823,0.134950,0.074839,0.089388,0.019622,0.020640
mm_bd8911ef2924b2,0.016938,0.000559,0.004826,0.010525,0.017512,0.049702,0.000009,0.127273,0.342179,0.320102,0.323250,0.142829,0.000448,0.104104,0.150994,0.178078,0.211705,0.366338,0.130485,0.117414,0.144156,0.140891,0.144910,0.156711
mm_5da0d34d076def,0.016938,0.183291,0.157980,0.120722,0.146112,0.067999,0.000149,0.003984,0.005444,0.003636,0.003631,0.001254,0.000015,0.008932,0.016194,0.027453,0.008855,0.008631,0.000071,0.076453,0.113758,0.106144,0.059401,0.079154
mm_6afb84099bd6d4,0.016938,0.000011,0.127149,0.192823,0.214197,0.121752,0.000654,0.411971,0.222297,0.098692,0.009753,0.019305,0.000178,0.000008,0.001055,0.001426,0.001466,0.000469,0.000025,0.057570,0.075008,0.059213,0.058377,0.077388
mm_b61c986cdbba42,0.016938,0.000002,0.009723,0.025444,0.029781,0.017089,0.000045,0.062627,0.024052,0.011886,0.007117,0.002785,0.000000,0.044947,0.053462,0.046157,0.037885,0.030879,0.000497,0.082120,0.096721,0.079127,0.093544,0.100263
mm_f9ab176dc15cbd,0.016938,0.000596,0.001359,0.001185,0.001787,0.058224,0.906718,0.137342,0.091167,0.079302,0.012935,0.006253,0.000005,0.009083,0.013505,0.007899,0.008325,0.001366,0.000041,0.000007,0.030206,0.049694,0.048745,0.025703
mm_692fd78f4a86d1,0.016938,0.007404,0.010165,0.011627,0.021408,0.021698,0.123020,0.123452,0.102613,0.067348,0.064264,0.039281,0.013879,0.081068,0.064346,0.051498,0.036735,0.021536,0.004054,0.000046,0.024054,0.062903,0.039765,0.016191
mm_4f8e334950627d,0.016938,0.001836,0.206199,0.306100,0.079783,0.025471,0.000023,0.017900,0.061387,0.068459,0.076315,0.208894,0.043925,0.028445,0.023498,0.037493,0.007687,0.008844,0.000030,0.055973,0.032330,0.026053,0.012645,0.009894
mm_f469cfb7f76ef8,0.016938,0.008079,0.022782,0.039340,0.101096,0.123266,0.000393,0.000435,0.000409,0.000444,0.000205,0.000138,0.000010,0.050758,0.084758,0.067122,0.070131,0.024152,0.000130,0.039218,0.037975,0.020037,0.016639,0.017038
mm_2a941e5310a3b4,0.016938,0.003831,0.045975,0.036209,0.088972,0.258845,0.677848,0.314439,0.193864,0.134073,0.037434,0.099778,0.004791,0.055728,0.114915,0.145835,0.297470,0.361862,0.000535,0.000215,0.078876,0.094975,0.206927,0.116691
mm_68a1d5bff53f78,0.016938,0.000001,0.000001,0.000000,0.000000,0.000000,0.000000,0.001408,0.019259,0.024298,0.003824,0.004022,0.000549,0.000000,0.002975,0.004222,0.004537,0.004601,0.000085,0.002455,0.006341,0.000855,0.004548,0.019614
mm_dfae826fafc1a6,0.016938,0.134671,0.039589,0.020786,0.023520,0.003876,0.000030,0.099046,0.082305,0.070910,0.098287,0.183806,0.722949,0.000002,0.006580,0.017608,0.026878,0.020677,0.002969,0.127308,0.149326,0.116523,0.057364,0.093587
mm_d5eaa315c1300c,0.016938,0.000000,0.000016,0.000005,0.000064,0.000013,0.000000,0.125640,0.286924,0.248325,0.164532,0.183396,0.000474,0.297931,0.231154,0.227283,0.248750,0.095132,0.000841,0.041735,0.033050,0.029226,0.026190,0.017841
mm_e9c9e7572524ba,0.016938,0.001820,0.006492,0.016659,0.024968,0.183791,0.730889,0.104292,0.125336,0.172887,0.125805,0.145535,0.000717,0.155109,0.183636,0.182354,0.224610,0.147971,0.000324,0.090336,0.101827,0.092068,0.053527,0.078626
mm_5753f33d923651,0.016938,0.000050,0.023295,0.059099,0.028279,0.003246,0.000075,0.000000,0.000042,0.000011,0.000087,0.000032,0.000009,0.000000,0.000000,0.000000,0.000000,0.000001,0.000000,0.001256,0.002347,0.000520,0.001493,0.004833
mm_c01bad336a0269,0.016938,0.000000,0.000017,0.000004,0.000010,0.000006,0.000000,0.001814,0.009516,0.013374,0.003722,0.004272,0.000007,0.002419,0.000916,0.000451,0.000385,0.000082,0.000005,0.002764,0.006235,0.000567,0.001238,0.003802
mm_9f4979afdeb2dd,0.016938,0.000000,0.000019,0.000002,0.000008,0.000018,0.000010,0.000000,0.000002,0.000000,0.000005,0.000022,0.000005,0.000957,0.000532,0.000119,0.000094,0.000451,0.000075,0.000517,0.003172,0.000680,0.002618,0.005709
mm_f2dfeb9abcf541,0.016938,0.002549,0.000932,0.000722,0.000420,0.000048,0.000001,0.030488,0.142456,0.155434,0.094410,0.124312,0.001995,0.000005,0.011093,0.021281,0.025923,0.026680,0.003485,0.000001,0.017036,0.013426,0.008000,0.020742
mm_17eee7a344ae2c,0.016938,0.000099,0.000096,0.000009,0.000012,0.000040,0.000003,0.000000,0.000017,0.000000,0.000004,0.000107,0.000004,0.000000,0.000017,0.000001,0.000025,0.000105,0.000165,0.000001,0.001079,0.000122,0.000897,0.003624
mm_a091841da25dd0,0.016938,0.137969,0.058234,0.051731,0.047084,0.053510,0.017813,0.000000,0.000141,0.000132,0.000396,0.000515,0.000213,0.019230,0.014407,0.010508,0.000889,0.002796,0.009369,0.012636,0.015326,0.008004,0.013160,0.037071
mm_bb35e2a5cac7b4,0.016938,0.000116,0.000883,0.001987,0.001179,0.002740,0.000001,0.000000,0.013044,0.021977,0.010604,0.015318,0.000004,0.000018,0.064319,0.140303,0.204014,0.116769,0.003035,0.089546,0.077124,0.044856,0.050753,0.071401
mm_34662263c54367,0.016938,0.000002,0.011762,0.020570,0.015775,0.003879,0.000021,0.013954,0.003504,0.001904,0.000844,0.000280,0.000005,0.000032,0.038926,0.037984,0.022501,0.006409,0.000010,0.269905,0.104393,0.067662,0.044663,0.026010
mm_4fde8a4a429d62,0.016938,0.000001,0.000041,0.000017,0.000103,0.000073,0.000021,0.000191,0.001276,0.000339,0.000092,0.000732,0.000121,0.000001,0.000005,0.000000,0.000011,0.000070,0.000005,0.000487,0.002081,0.000238,0.001201,0.003198
mm_e4d8bcd7f01070,0.016938,0.061247,0.141977,0.109238,0.160668,0.038127,0.000487,0.008839,0.140580,0.144608,0.147989,0.140890,0.035471,0.000000,0.000112,0.000126,0.000916,0.000333,0.000027,0.000011,0.005524,0.000878,0.003332,0.012565
mm_79548a680f5c50,0.016938,0.000748,0.000312,0.000187,0.000159,0.000109,0.000022,0.000025,0.000028,0.000003,0.000004,0.000008,0.000002,0.000412,0.000642,0.000097,0.000068,0.000392,0.000617,0.000034,0.003992,0.002058,0.004755,0.004473
mm_1239e879d44a46,0.016938,0.263096,0.208055,0.178881,0.257948,0.181166,0.063459,0.009584,0.100817,0.082040,0.128134,0.007008,0.000744,0.026707,0.004157,0.004616,0.001957,0.000365,0.000063,0.000047,0.007564,0.005525,0.014160,0.006277
mm_af07b244a02f41,0.016938,0.011905,0.015708,0.015746,0.024303,0.021786,0.003587,0.401930,0.177084,0.105146,0.020869,0.030995,0.015863,0.000030,0.039593,0.081869,0.047126,0.008219,0.000186,0.000043,0.078044,0.161940,0.161332,0.107917
mm_81a3b607d54f88,0.016938,0.000112,0.053365,0.106803,0.169932,0.236257,0.000783,0.121279,0.317136,0.203390,0.246174,0.039987,0.000353,0.012988,0.005475,0.002907,0.003164,0.000284,0.000000,0.072574,0.102157,0.090729,0.079573,0.082875
mm_ec99467c265dbe,0.016938,0.000862,0.028566,0.031294,0.030486,0.023320,0.007853,0.004230,0.012136,0.012953,0.015212,0.024248,0.005562,0.000037,0.145419,0.284972,0.287773,0.444885,0.938123,0.089309,0.065163,0.072553,0.070150,0.041091
mm_4c1c044cbe5ed0,0.016938,0.000074,0.000029,0.000003,0.000005,0.000011,0.000000,0.000289,0.000351,0.000123,0.000088,0.000098,0.000001,0.000000,0.000001,0.000000,0.000008,0.000008,0.000000,0.000023,0.010589,0.006522,0.016056,0.014859
mm_4ef739633bceaa,0.016938,0.000000,0.000001,0.000000,0.000000,0.000000,0.000000,0.000150,0.000833,0.000872,0.000370,0.000444,0.000545,0.000039,0.000014,0.000006,0.000001,0.000006,0.000024,0.000001,0.001757,0.000393,0.001937,0.007852
mm_2924292cd6e45c,0.016938,0.001819,0.000359,0.000244,0.000067,0.000107,0.000022,0.000002,0.000002,0.000000,0.000000,0.000003,0.000000,0.000000,0.000002,0.000000,0.000008,0.000012,0.000000,0.001366,0.002883,0.000399,0.002818,0.014915
mm_04c7af793bb690,0.016938,0.000064,0.003322,0.010632,0.009463,0.079056,0.000034,0.154814,0.184627,0.184018,0.218420,0.327126,0.000959,0.012887,0.004304,0.004636,0.002369,0.000321,0.000011,0.007775,0.009127,0.002476,0.005253,0.005012
mm_1f9e0b184bf384,0.016938,0.000333,0.000981,0.002133,0.000429,0.000365,0.000160,0.000776,0.002410,0.003670,0.003012,0.002471,0.000111,0.000580,0.000431,0.000401,0.000348,0.000140,0.000010,0.000025,0.000560,0.000021,0.000363,0.000950
mm_af000bf9f9b67b,0.016938,0.000727,0.024805,0.025713,0.028317,0.046146,0.291293,0.165059,0.060730,0.035537,0.019526,0.010802,0.001761,0.021148,0.010624,0.009962,0.000760,0.002668,0.001511,0.000732,0.002345,0.000305,0.001018,0.004417
mm_bc1583d0431c88,0.016938,0.000000,0.000112,0.000018,0.000130,0.000182,0.000051,0.000000,0.000069,0.000011,0.000047,0.000251,0.000030,0.000000,0.000061,0.000004,0.000030,0.000113,0.000027,0.000096,0.000878,0.000105,0.000965,0.002286
mm_79eabbd3b43698,0.016938,0.000060,0.005522,0.008868,0.016525,0.011298,0.012800,0.000031,0.000251,0.000045,0.000705,0.000161,0.000003,0.000720,0.000830,0.000610,0.000101,0.000387,0.000424,0.004639,0.012124,0.001808,0.003762,0.014245
mm_e303595cfd78f8,0.016938,0.000001,0.000347,0.000498,0.000409,0.000151,0.000015,0.000000,0.000045,0.000004,0.000113,0.000136,0.000001,0.000002,0.000010,0.000000,0.000001,0.000004,0.000000,0.000000,0.001077,0.000252,0.003085,0.007429
mm_36fbeb6931c38f,0.016938,0.011548,0.020411,0.022018,0.042595,0.257461,0.688336,0.016165,0.053290,0.053135,0.112068,0.404929,0.020989,0.000002,0.074054,0.135902,0.247412,0.175794,0.000425,0.008763,0.020043,0.017389,0.018409,0.014689
mm_3b51a97f9ddb46,0.016938,0.003913,0.005177,0.004158,0.004272,0.003643,0.000409,0.000040,0.048466,0.041981,0.028567,0.021837,0.000378,0.000013,0.001926,0.001044,0.005356,0.011068,0.001399,0.003639,0.023881,0.028282,0.029202,0.036248
mm_e46628733c24c3,0.016938,0.001368,0.006787,0.009105,0.004230,0.002279,0.000215,0.000001,0.001261,0.003912,0.000472,0.000318,0.000003,0.161800,0.138182,0.150137,0.228475,0.162903,0.000187,0.032929,0.021208,0.023163,0.013807,0.009234
mm_fa183e855df705,0.016938,0.000056,0.000072,0.000015,0.000015,0.000010,0.000000,0.000001,0.000015,0.000000,0.000000,0.000003,0.000000,0.000000,0.000001,0.000000,0.000001,0.000009,0.000000,0.002342,0.005925,0.000977,0.004249,0.014391
mm_b92e24fbf5ba5a,0.016938,0.006205,0.010033,0.012489,0.026254,0.073123,0.888319,0.000020,0.225691,0.345053,0.327394,0.239921,0.042396,0.000001,0.010899,0.030024,0.035647,0.059653,0.087844,0.027631,0.016919,0.034941,0.031900,0.031828
mm_6568d87f67692b,0.016938,0.083640,0.128679,0.140856,0.174549,0.272821,0.802369,0.000003,0.024260,0.052330,0.028987,0.023322,0.000257,0.138251,0.167832,0.156413,0.020713,0.027362,0.000349,0.001588,0.000791,0.000072,0.000103,0.000885
mm_a0d830a9043812,0.016938,0.207267,0.186378,0.158429,0.219062,0.081074,0.004830,0.000539,0.022875,0.018222,0.015020,0.005715,0.000060,0.000000,0.001801,0.000579,0.007872,0.006996,0.000269,0.053196,0.087988,0.076710,0.082272,0.085879
mm_0b8577318b4ea4,0.016938,0.000000,0.002637,0.004678,0.007557,0.001968,0.000002,0.136663,0.177691,0.099005,0.033674,0.016263,0.000143,0.042061,0.062967,0.056996,0.062529,0.109110,0.440008,0.000062,0.028228,0.039540,0.041844,0.030527
mm_fb3df905a36edd,0.016938,0.009624,0.009205,0.009291,0.007374,0.002669,0.000016,0.000003,0.003513,0.002554,0.004191,0.004622,0.000006,0.000000,0.001926,0.002740,0.001716,0.001592,0.000016,0.000105,0.063437,0.092017,0.087857,0.073249
mm_40924683062bce,0.016938,0.005862,0.007737,0.007575,0.032320,0.111964,0.233417,0.000007,0.000101,0.000043,0.000047,0.000136,0.000019,0.000018,0.000179,0.000088,0.000056,0.000019,0.000002,0.000000,0.000622,0.000099,0.000629,0.003438
mm_5f57cabc048625,0.016938,0.002243,0.010504,0.009628,0.009911,0.003766,0.000072,0.284520,0.275930,0.181412,0.044290,0.084003,0.001381,0.170951,0.063782,0.074325,0.018580,0.007139,0.000191,0.080449,0.065499,0.052671,0.085561,0.048292
mm_5df3632a451aef,0.016938,0.000365,0.289895,0.274129,0.315123,0.397899,0.022094,0.008991,0.120709,0.090763,0.081762,0.165286,0.097112,0.046755,0.047361,0.057516,0.022035,0.068992,0.201455,0.078093,0.066110,0.117299,0.069103,0.050544
mm_8928dc1653d3d8,0.016938,0.353372,0.077827,0.032394,0.021334,0.001076,0.000226,0.000005,0.005313,0.007134,0.011258,0.110396,0.817109,0.130009,0.045761,0.047277,0.049123,0.006730,0.002464,0.077545,0.047748,0.061218,0.023259,0.027996
mm_7883eb07671b06,0.016938,0.030241,0.039892,0.044772,0.132671,0.346080,0.188436,0.000062,0.011227,0.009334,0.006049,0.043739,0.004948,0.396007,0.219544,0.205555,0.182973,0.094983,0.027892,0.001103,0.107953,0.237757,0.148440,0.044361
mm_2dd6da827c8099,0.016938,0.007689,0.114772,0.122117,0.163891,0.063358,0.003860,0.000775,0.003096,0.007074,0.000788,0.000555,0.000122,0.009195,0.002566,0.004151,0.003226,0.000792,0.000206,0.000102,0.020371,0.070731,0.045024,0.017582
mm_025b20b249d826,0.016938,0.000000,0.000063,0.000004,0.000031,0.000060,0.000003,0.000049,0.000258,0.000013,0.000175,0.000896,0.000132,0.000011,0.000426,0.000023,0.000069,0.000697,0.000296,0.000571,0.001657,0.000308,0.001261,0.004537
mm_735325cf88690d,0.016938,0.000002,0.000007,0.000000,0.000003,0.000004,0.000000,0.000000,0.000018,0.000001,0.000001,0.000033,0.000004,0.000002,0.000008,0.000000,0.000004,0.000016,0.000000,0.000181,0.000559,0.000048,0.000225,0.000246
mm_8a30092fdb2732,0.016938,0.000000,0.000002,0.000000,0.000002,0.000003,0.000000,0.000000,0.000001,0.000000,0.000000,0.000002,0.000000,0.000121,0.000112,0.000017,0.000020,0.000034,0.000019,0.010526,0.004301,0.001031,0.001316,0.003242
mm_66056dc229dfbc,0.016938,0.000000,0.000005,0.000000,0.000002,0.000005,0.000000,0.000000,0.000001,0.000000,0.000000,0.000002,0.000000,0.000003,0.000223,0.000003,0.000068,0.001272,0.000310,0.000564,0.004541,0.002346,0.003376,0.007663
mm_7664c0c9a44384,0.016938,0.023336,0.019776,0.024622,0.009051,0.011793,0.001716,0.000000,0.000195,0.000021,0.000089,0.000335,0.000033,0.000029,0.045999,0.009035,0.046908,0.103833,0.089617,0.040575,0.074034,0.027753,0.011071,0.025184
mm_43c1d1b06700a6,0.016938,0.090843,0.162535,0.182326,0.195434,0.224662,0.028414,0.138070,0.136250,0.173217,0.157205,0.087711,0.001241,0.000011,0.008020,0.007542,0.042217,0.030839,0.009732,0.056781,0.054746,0.049742,0.021030,0.034253
mm_ab6b4a9e57d3ea,0.016938,0.000047,0.055831,0.084206,0.077055,0.035864,0.000572,0.101505,0.107051,0.035504,0.012362,0.001024,0.000000,0.040054,0.063274,0.055951,0.044801,0.044093,0.037220,0.091716,0.090001,0.065868,0.035118,0.045146
mm_266328f764a391,0.016938,0.000001,0.003032,0.003803,0.003807,0.000356,0.000001,0.000001,0.000710,0.000258,0.001454,0.001037,0.000058,0.000002,0.000010,0.000001,0.000004,0.000001,0.000000,0.000380,0.001232,0.000104,0.000455,0.000923
mm_a32557825f5841,0.016938,0.000000,0.000978,0.001162,0.000995,0.000735,0.000001,0.000000,0.046632,0.097644,0.121395,0.050948,0.000160,0.052382,0.129756,0.134499,0.291964,0.381483,0.434543,0.123541,0.184220,0.119066,0.150805,0.070237
mm_b992d946ede2d8,0.016938,0.000001,0.003185,0.010815,0.021107,0.037342,0.000057,0.011926,0.008799,0.003709,0.005817,0.001838,0.000010,0.002104,0.002930,0.001994,0.003234,0.002582,0.000085,0.002391,0.009092,0.003457,0.004754,0.006354
mm_0361b9779d77f5,0.016938,0.001214,0.000290,0.000069,0.000051,0.000077,0.000013,0.000000,0.000168,0.000026,0.000016,0.000060,0.000006,0.000010,0.000010,0.000000,0.000001,0.000004,0.000001,0.004852,0.005239,0.001660,0.004065,0.006123
mm_20d83571232bad,0.016938,0.011295,0.166810,0.200478,0.300871,0.148407,0.009488,0.000022,0.035100,0.055014,0.084759,0.284819,0.786708,0.002803,0.004996,0.008473,0.008936,0.001267,0.000835,0.100325,0.063260,0.097587,0.075232,0.081410
mm_a771f794e446e4,0.016938,0.465064,0.153031,0.050531,0.029909,0.002822,0.000003,0.079121,0.142607,0.085554,0.031307,0.026030,0.000069,0.005919,0.006351,0.004361,0.003712,0.000121,0.000005,0.035177,0.099972,0.090425,0.091123,0.065420
mm_09c5e986233968,0.016938,0.002069,0.001802,0.001425,0.000446,0.000138,0.000001,0.000016,0.002188,0.002937,0.008144,0.005457,0.000017,0.039220,0.114524,0.116576,0.222761,0.233054,0.011799,0.000002,0.012055,0.006876,0.035946,0.023680
mm_1a9f5052a2d2b0,0.016938,0.000003,0.000008,0.000000,0.000005,0.000009,0.000002,0.000000,0.000023,0.000002,0.000011,0.000058,0.000004,0.000122,0.002580,0.000832,0.004422,0.003598,0.001166,0.018660,0.008790,0.004371,0.003839,0.003909
mm_7d3ea9513df418,0.016938,0.000533,0.000302,0.000209,0.000074,0.000109,0.000130,0.057650,0.035691,0.023608,0.005983,0.008394,0.000257,0.000000,0.002302,0.003029,0.016907,0.006787,0.000184,0.014339,0.025667,0.008954,0.011389,0.029342
mm_6402c3f3b7f2ba,0.016938,0.000684,0.001606,0.002323,0.001423,0.001080,0.000001,0.050978,0.155510,0.108591,0.148350,0.043107,0.001284,0.006625,0.004567,0.003067,0.001200,0.000741,0.000012,0.002775,0.002158,0.000132,0.000629,0.002837
mm_78df24dee8eac6,0.016938,0.315955,0.261641,0.270811,0.265678,0.200604,0.002371,0.000000,0.000010,0.000001,0.000007,0.000007,0.000000,0.000004,0.000021,0.000000,0.000016,0.000031,0.000000,0.003410,0.006416,0.002456,0.005861,0.016347
mm_24f10cf3a6fca1,0.016938,0.003481,0.013646,0.025601,0.058361,0.278829,0.779020,0.015220,0.012598,0.013290,0.005455,0.005053,0.000757,0.000000,0.000279,0.001090,0.000888,0.001279,0.000004,0.314787,0.162774,0.110286,0.083124,0.034106
mm_b6b9d8720e19ea,0.016938,0.001033,0.004824,0.007134,0.001239,0.001260,0.000002,0.000000,0.000297,0.000465,0.000107,0.000060,0.000002,0.000002,0.000013,0.000000,0.000003,0.000009,0.000001,0.000197,0.001363,0.000074,0.000569,0.001342
mm_54c805d7791d05,0.016938,0.024931,0.076828,0.064565,0.055293,0.030740,0.000470,0.000012,0.083403,0.143398,0.101860,0.251756,0.000069,0.259217,0.166189,0.105592,0.134850,0.054195,0.000204,0.067228,0.076621,0.062976,0.064337,0.050070
mm_f576030ce1c220,0.016938,0.000000,0.011606,0.018755,0.045653,0.242508,0.656823,0.000051,0.052453,0.067011,0.054819,0.184529,0.959139,0.008094,0.012644,0.009447,0.002316,0.004310,0.000024,0.117787,0.103640,0.077994,0.037408,0.047056
mm_9b67855bbe488e,0.016938,0.007079,0.055319,0.046026,0.027431,0.007663,0.000199,0.113390,0.072592,0.044898,0.017702,0.006199,0.000103,0.000000,0.000285,0.000130,0.001596,0.000565,0.000004,0.008380,0.004982,0.000714,0.002384,0.014408
mm_23c3cd630877ed,0.016938,0.000008,0.004244,0.011285,0.006658,0.002606,0.000196,0.005688,0.010015,0.007747,0.004567,0.002490,0.000199,0.000196,0.000530,0.000779,0.000345,0.000037,0.000081,0.090575,0.085220,0.077796,0.090624,0.114591
mm_0e3f812e4ac8ce,0.016938,0.000087,0.004350,0.006437,0.006921,0.001289,0.000020,0.000011,0.002543,0.001721,0.000725,0.000812,0.000009,0.000000,0.000919,0.000770,0.001405,0.001467,0.000027,0.000939,0.004662,0.000817,0.004370,0.008565
mm_4121d62ec565d2,0.016938,0.206651,0.167503,0.160100,0.110593,0.048391,0.001470,0.000003,0.002123,0.002128,0.002729,0.001257,0.000096,0.000000,0.000014,0.000002,0.000070,0.000019,0.000001,0.023981,0.025859,0.006631,0.007633,0.010512
mm_0175747126b146,0.016938,0.000254,0.001409,0.001690,0.002362,0.000623,0.000011,0.000036,0.019184,0.027502,0.004421,0.002012,0.000018,0.000000,0.000019,0.000018,0.000057,0.000057,0.000001,0.000000,0.018574,0.021395,0.025487,0.036225
mm_a570f0fe9c9cb4,0.016938,0.000000,0.000788,0.003043,0.009475,0.009906,0.000147,0.005166,0.011018,0.012183,0.008059,0.017218,0.000007,0.071923,0.050150,0.049396,0.025639,0.006238,0.000059,0.000078,0.066365,0.120944,0.108709,0.130030
mm_e604447cdd41d0,0.016938,0.000005,0.000108,0.000021,0.000089,0.000088,0.000005,0.000447,0.000618,0.000043,0.000124,0.000275,0.000029,0.000000,0.000020,0.000001,0.000006,0.000010,0.000000,0.003314,0.006330,0.000457,0.002643,0.011189
mm_e013ba85ffcaee,0.016938,0.165161,0.104216,0.124353,0.055789,0.036379,0.000996,0.247898,0.316213,0.220816,0.072386,0.102589,0.000857,0.127789,0.030050,0.027677,0.003858,0.000592,0.000007,0.006258,0.013684,0.007036,0.009118,0.006303
mm_05d0a1d782f6fe,0.016938,0.000633,0.001220,0.001448,0.002769,0.001262,0.000004,0.047174,0.288222,0.265176,0.276604,0.443803,0.634220,0.008067,0.003252,0.002425,0.002407,0.000596,0.000004,0.000012,0.031220,0.035595,0.066659,0.072866
mm_14993df6adc0ab,0.016938,0.001019,0.001711,0.004589,0.017391,0.030923,0.000789,0.000207,0.320414,0.391598,0.286153,0.119000,0.000062,0.022955,0.035102,0.018288,0.056041,0.046107,0.002158,0.077596,0.083507,0.063538,0.080720,0.050244
mm_6b3466465d9bf1,0.016938,0.000545,0.001262,0.001744,0.002135,0.001522,0.000002,0.012058,0.052321,0.028185,0.022540,0.001670,0.000006,0.008857,0.005297,0.001621,0.000494,0.000539,0.000001,0.001928,0.004283,0.000805,0.002091,0.007870
mm_12ba185dd76f32,0.016938,0.027128,0.063319,0.064808,0.059096,0.060247,0.000266,0.204807,0.134625,0.122250,0.024437,0.017387,0.000194,0.216835,0.065814,0.036880,0.028288,0.005226,0.000070,0.012829,0.013480,0.003010,0.008387,0.010186
mm_c391f8ca7150ab,0.016938,0.000001,0.001340,0.001325,0.002218,0.001271,0.000247,0.000003,0.005825,0.004015,0.007732,0.004270,0.000037,0.091529,0.075589,0.043069,0.005688,0.003143,0.000011,0.040678,0.022201,0.011156,0.009263,0.019593
mm_50f39acdf68452,0.016938,0.034478,0.079180,0.077255,0.076129,0.039445,0.000807,0.015855,0.041332,0.035506,0.039293,0.246917,0.978824,0.003487,0.018325,0.011460,0.015236,0.106373,0.150623,0.000003,0.010925,0.015255,0.017578,0.011514
mm_a10d7a28818be3,0.016938,0.140603,0.141067,0.075148,0.020507,0.007407,0.000027,0.008538,0.006909,0.003571,0.002108,0.001048,0.000005,0.006873,0.176737,0.183428,0.284703,0.386628,0.075693,0.005278,0.008314,0.003477,0.002601,0.003874
mm_27c34cff9b930a,0.016938,0.002121,0.023052,0.053137,0.058080,0.058713,0.000095,0.000010,0.000281,0.000679,0.000111,0.000182,0.000000,0.049574,0.038869,0.040421,0.024820,0.017366,0.000090,0.130666,0.076197,0.054167,0.019772,0.018833
mm_707107588fe2bc,0.016938,0.000011,0.000403,0.003836,0.011823,0.053994,0.000006,0.032788,0.004038,0.004313,0.001616,0.001052,0.000002,0.051713,0.014062,0.004800,0.002234,0.000793,0.000026,0.027211,0.023786,0.015602,0.017500,0.015078
mm_b51c003db07590,0.016938,0.000001,0.000002,0.000000,0.000000,0.000000,0.000000,0.000000,0.000001,0.000000,0.000000,0.000001,0.000000,0.000000,0.000000,0.000000,0.000000,0.000000,0.000000,0.000147,0.001741,0.000153,0.001039,0.002800
mm_6eecaf59850ec2,0.016938,0.533485,0.259202,0.134608,0.042212,0.028092,0.000523,0.086107,0.035691,0.015109,0.002335,0.011651,0.004275,0.164928,0.128640,0.101891,0.188235,0.065056,0.000611,0.031047,0.035192,0.023079,0.016813,0.012553
mm_4cf85b53d717d1,0.016938,0.128644,0.184458,0.176673,0.197386,0.183285,0.010446,0.000888,0.103821,0.080324,0.031212,0.003906,0.000010,0.000208,0.253239,0.269799,0.291307,0.111057,0.001101,0.052260,0.049915,0.045418,0.038008,0.042709
mm_75e7321112c940,0.016938,0.332572,0.112759,0.044956,0.028874,0.003381,0.000000,0.167366,0.303373,0.244818,0.131472,0.076527,0.000022,0.000129,0.460945,0.493937,0.576530,0.589758,0.005237,0.025595,0.060111,0.018103,0.018334,0.055204
mm_f0964d7b84b471,0.016938,0.007776,0.005996,0.007466,0.008320,0.010788,0.000704,0.000754,0.000345,0.000170,0.000024,0.000031,0.000009,0.000019,0.000353,0.000293,0.000436,0.000204,0.000068,0.001555,0.003029,0.000921,0.001488,0.004089
mm_461eb439554d05,0.016938,0.000004,0.015902,0.003499,0.013341,0.023987,0.000665,0.000026,0.002717,0.001153,0.004573,0.004803,0.000747,0.000501,0.000335,0.000192,0.000072,0.000090,0.000381,0.293657,0.140406,0.092840,0.015609,0.028538
mm_8c5385a292bc41,0.016938,0.000000,0.000063,0.000100,0.000391,0.000073,0.000003,0.000033,0.000125,0.000022,0.000035,0.000050,0.000001,0.002997,0.002402,0.000688,0.001424,0.002500,0.000032,0.000002,0.003802,0.001528,0.008896,0.006628
mm_91c3db11e4a944,0.016938,0.161001,0.170789,0.267758,0.173970,0.113927,0.000066,0.258170,0.140452,0.123417,0.034806,0.025004,0.000229,0.001513,0.001441,0.001355,0.001591,0.000565,0.000004,0.000007,0.044540,0.083604,0.095041,0.096774
mm_48601d707204d4,0.016938,0.000068,0.001243,0.000294,0.001041,0.000825,0.000574,0.000001,0.004279,0.003194,0.004357,0.000831,0.000046,0.005975,0.005010,0.003811,0.006265,0.006180,0.002943,0.000839,0.001807,0.000236,0.000873,0.003530
mm_4ccb459a171db7,0.016938,0.000004,0.000004,0.000000,0.000001,0.000001,0.000000,0.000001,0.000005,0.000000,0.000000,0.000001,0.000000,0.000000,0.000005,0.000000,0.000001,0.000008,0.000000,0.000652,0.004881,0.000415,0.003089,0.006776
mm_363b79a514a43a,0.016938,0.350575,0.282801,0.306066,0.305854,0.297638,0.001044,0.029677,0.287019,0.235568,0.197275,0.077272,0.000582,0.195633,0.065314,0.078781,0.026147,0.012133,0.020482,0.053698,0.032213,0.021743,0.012222,0.010865
mm_2317b823b26e76,0.016938,0.000008,0.000048,0.000131,0.000218,0.000240,0.000000,0.132873,0.077646,0.034397,0.009903,0.001681,0.000002,0.000001,0.001103,0.000933,0.000453,0.000231,0.000003,0.000000,0.000959,0.000268,0.003391,0.007549
mm_3a8e6a77557621,0.016938,0.260231,0.048416,0.029357,0.019612,0.006417,0.000258,0.232639,0.095831,0.048703,0.017393,0.013464,0.000059,0.002617,0.002103,0.002550,0.000230,0.000094,0.000006,0.000008,0.018334,0.012591,0.050590,0.042912
mm_0219031747c3e7,0.016938,0.006452,0.116542,0.083295,0.037242,0.014193,0.000019,0.003581,0.002234,0.000950,0.000132,0.000123,0.000000,0.017914,0.129527,0.153995,0.166676,0.146073,0.006676,0.000006,0.021573,0.022776,0.023345,0.021424
mm_1a45548d7fbb76,0.016938,0.006013,0.013171,0.025248,0.014867,0.036459,0.000545,0.047388,0.082352,0.084698,0.153090,0.208618,0.001059,0.004370,0.006647,0.005341,0.005602,0.002827,0.000023,0.078769,0.109862,0.083084,0.045939,0.058636
mm_e76e2faadc0c3a,0.016938,0.065280,0.123588,0.119370,0.187739,0.173095,0.018101,0.225899,0.198226,0.148627,0.153015,0.061158,0.005726,0.018791,0.012508,0.012236,0.011959,0.001808,0.000935,0.033632,0.105034,0.101071,0.058803,0.066059
mm_42e2e2200c6a0f,0.016938,0.000000,0.010180,0.029302,0.040777,0.036837,0.002216,0.000008,0.010274,0.011052,0.005313,0.002417,0.000023,0.312052,0.150024,0.117013,0.056247,0.040210,0.000896,0.064958,0.049926,0.054054,0.044878,0.027241
mm_6673e56f52db59,0.016938,0.004846,0.022274,0.019905,0.027023,0.015140,0.001127,0.011912,0.153292,0.165243,0.238608,0.256612,0.033770,0.615907,0.169659,0.179711,0.360997,0.106819,0.077610,0.000000,0.004599,0.002243,0.009661,0.021241
mm_17c7a67ca86f59,0.016938,0.000005,0.007665,0.009419,0.010455,0.001524,0.000004,0.032076,0.024706,0.044585,0.011208,0.021211,0.000694,0.113729,0.035577,0.023503,0.035131,0.004026,0.000321,0.020869,0.012097,0.012993,0.011626,0.007728
mm_5d517d74ccfb9a,0.016938,0.136261,0.091426,0.087477,0.029799,0.009512,0.000176,0.714474,0.356538,0.174089,0.024455,0.121395,0.196571,0.046866,0.067684,0.090484,0.117675,0.213351,0.012111,0.223103,0.126771,0.086734,0.095141,0.034766
mm_f92846329e3e69,0.016938,0.000000,0.000002,0.000000,0.000009,0.000007,0.000000,0.000027,0.000076,0.000007,0.000007,0.000025,0.000009,0.000001,0.000008,0.000000,0.000001,0.000005,0.000003,0.000000,0.000404,0.000029,0.000208,0.000417
mm_0f353d3605c164,0.016938,0.000000,0.000136,0.000165,0.000498,0.000072,0.000008,0.000000,0.000041,0.000002,0.000051,0.000434,0.000010,0.005308,0.005961,0.005053,0.003261,0.001472,0.000206,0.000179,0.000493,0.000032,0.000181,0.002021
mm_6eedf9761ca79c,0.016938,0.004274,0.020659,0.056798,0.100504,0.252272,0.960253,0.019296,0.013340,0.005664,0.003481,0.001495,0.000134,0.006244,0.006672,0.009538,0.014952,0.026525,0.024504,0.089357,0.058238,0.099451,0.021158,0.026834
mm_7bc814f88075f4,0.016938,0.000001,0.000209,0.000109,0.000266,0.000099,0.000004,0.000000,0.000049,0.000018,0.000244,0.000239,0.000049,0.000351,0.001623,0.003030,0.005130,0.002105,0.000914,0.005567,0.007915,0.003892,0.001947,0.005120
mm_0a99c0377897fe,0.016938,0.000003,0.001224,0.000611,0.001077,0.000840,0.000318,0.000000,0.000045,0.000040,0.000047,0.000025,0.000000,0.000000,0.000129,0.000006,0.000264,0.004245,0.000251,0.000000,0.001911,0.000050,0.000478,0.025065
mm_3d71f5565438de,0.016938,0.000063,0.000021,0.000001,0.000008,0.000016,0.000007,0.000007,0.004049,0.001724,0.001821,0.002511,0.000603,0.000001,0.001746,0.000440,0.005417,0.008848,0.000479,0.011643,0.007834,0.002383,0.005101,0.023239
mm_1c69f379e5abaa,0.016938,0.000104,0.001647,0.001799,0.001564,0.002104,0.000000,0.058975,0.112901,0.062887,0.054215,0.009597,0.000035,0.040962,0.068888,0.057872,0.084483,0.137154,0.097554,0.039670,0.077970,0.074577,0.061742,0.075001
mm_74cbf4d295c506,0.016938,0.000518,0.001476,0.002284,0.003313,0.003468,0.000002,0.000146,0.004363,0.006778,0.004254,0.015230,0.000003,0.238637,0.082997,0.052364,0.083034,0.058154,0.000879,0.042097,0.043692,0.030693,0.019243,0.017049
mm_c3cce5533b531b,0.016938,0.043897,0.045688,0.032799,0.032056,0.007423,0.000154,0.910776,0.425177,0.172960,0.022347,0.013211,0.011206,0.232321,0.123365,0.073964,0.030244,0.032245,0.010173,0.091686,0.062388,0.134856,0.058865,0.032968
mm_51464d48ac505f,0.016938,0.120667,0.068125,0.110153,0.081271,0.056109,0.003427,0.000009,0.075362,0.107268,0.057992,0.012265,0.000110,0.099643,0.024967,0.015596,0.004642,0.002186,0.000103,0.028915,0.011179,0.007959,0.005733,0.006758
mm_0fa87e3f5cccd5,0.016938,0.037400,0.015625,0.035271,0.032230,0.053914,0.090553,0.001467,0.001331,0.001390,0.000787,0.000316,0.000046,0.000084,0.000207,0.000140,0.000104,0.000122,0.000049,0.000005,0.001065,0.000214,0.002421,0.004523
mm_e60989bde77d4a,0.016938,0.002746,0.058676,0.108999,0.212541,0.233565,0.057370,0.014569,0.023221,0.014566,0.012001,0.003433,0.000310,0.000000,0.000020,0.000001,0.000030,0.000254,0.000004,0.001102,0.002579,0.000359,0.001653,0.007363
mm_02af9f1b5d9375,0.016938,0.000001,0.001048,0.001753,0.001545,0.000348,0.000009,0.012038,0.186629,0.191243,0.180908,0.245098,0.020659,0.000002,0.000323,0.000837,0.001428,0.000306,0.000046,0.000047,0.006503,0.005078,0.013487,0.019834
mm_4378576b6d5b94,0.016938,0.000026,0.000058,0.000005,0.000029,0.000180,0.000079,0.000000,0.000173,0.000016,0.000290,0.004283,0.001915,0.000330,0.000288,0.000008,0.000072,0.000775,0.000172,0.000000,0.000528,0.000074,0.001201,0.003757
mm_19e7e4c2667bfb,0.016938,0.036413,0.328689,0.397895,0.258355,0.241069,0.000225,0.000010,0.001189,0.001042,0.000360,0.000154,0.000000,0.000827,0.002021,0.002480,0.002315,0.001872,0.000004,0.240657,0.175390,0.128675,0.088633,0.066210
mm_45c2de7ddbfee3,0.016938,0.681709,0.544457,0.374388,0.225387,0.057270,0.000203,0.000091,0.463627,0.512028,0.378130,0.345577,0.002393,0.009167,0.006028,0.008202,0.008727,0.003009,0.000120,0.208946,0.134411,0.086313,0.049592,0.030758
mm_d9f53b9d43110a,0.016938,0.020537,0.055111,0.079089,0.181602,0.288873,0.024683,0.001608,0.039026,0.046961,0.077715,0.045216,0.005481,0.277824,0.158827,0.170268,0.211523,0.093411,0.040341,0.048819,0.025336,0.058173,0.043329,0.024769
mm_f21e283cd71711,0.016938,0.000039,0.000031,0.000006,0.000011,0.000006,0.000000,0.000048,0.000126,0.000018,0.000040,0.000042,0.000001,0.000000,0.000561,0.001935,0.002758,0.000551,0.000020,0.000017,0.019758,0.011332,0.041361,0.045658
mm_b43fd4ce5d8663,0.016938,0.160825,0.113797,0.148179,0.097190,0.102608,0.049738,0.067687,0.063155,0.068397,0.057354,0.048918,0.003174,0.173932,0.098440,0.106169,0.199070,0.088586,0.120759,0.000040,0.052523,0.080887,0.113715,0.051379
mm_f31531697355bf,0.016938,0.000271,0.166348,0.210079,0.242671,0.044922,0.000030,0.000004,0.000605,0.001522,0.000655,0.000242,0.000153,0.000035,0.111428,0.233704,0.367220,0.204529,0.003237,0.057902,0.034943,0.047888,0.036786,0.021054
mm_0056457f20c75a,0.016938,0.000000,0.000006,0.000001,0.000002,0.000001,0.000000,0.000000,0.000014,0.000001,0.000004,0.000014,0.000001,0.000000,0.000805,0.000775,0.003887,0.011304,0.000168,0.008834,0.009688,0.001874,0.003579,0.011572
mm_5aab9c0ccd601e,0.016938,0.004853,0.005442,0.006499,0.012186,0.017297,0.053391,0.000057,0.046536,0.068548,0.015795,0.003416,0.001415,0.000003,0.126571,0.358886,0.509299,0.570760,0.152087,0.040474,0.030525,0.035181,0.034372,0.035567
mm_c0b61579989fdb,0.016938,0.000005,0.000117,0.000099,0.000139,0.000112,0.000004,0.000478,0.001363,0.001009,0.000167,0.000152,0.000000,0.000058,0.000279,0.000065,0.000756,0.000591,0.000011,0.004341,0.010013,0.007153,0.003623,0.003986
mm_262399a8318aed,0.016938,0.000000,0.000040,0.000003,0.000014,0.000012,0.000000,0.090218,0.084240,0.045205,0.012291,0.029201,0.020127,0.035121,0.029253,0.030376,0.009128,0.001377,0.000555,0.035958,0.035699,0.022272,0.019911,0.016219
mm_d2edbd87b5739c,0.016938,0.029457,0.039834,0.024539,0.005340,0.003350,0.000028,0.000001,0.026556,0.055920,0.047857,0.092003,0.377353,0.000719,0.010978,0.008767,0.018930,0.031022,0.001751,0.083825,0.075414,0.070057,0.065753,0.075207
mm_3c6f75f0177bf6,0.016938,0.000000,0.000025,0.000008,0.000044,0.000048,0.000010,0.000000,0.000009,0.000000,0.000001,0.000008,0.000001,0.000000,0.000000,0.000000,0.000001,0.000005,0.000000,0.008697,0.023393,0.003857,0.002275,0.010468
mm_93dd200750e02d,0.016938,0.007272,0.007010,0.007986,0.019197,0.109447,0.804199,0.012541,0.014873,0.013480,0.020202,0.024999,0.006882,0.000000,0.002526,0.004253,0.025955,0.011286,0.012327,0.029905,0.027115,0.040525,0.037256,0.027533
mm_e528fe7f9780d8,0.016938,0.000026,0.052005,0.077002,0.103147,0.065940,0.000025,0.018474,0.073731,0.055852,0.050323,0.018374,0.000210,0.054300,0.050856,0.050171,0.067627,0.160637,0.873862,0.026532,0.046478,0.030866,0.020703,0.023246
mm_718991e0188b13,0.016938,0.000000,0.000464,0.003009,0.004656,0.002329,0.000200,0.135376,0.253616,0.241342,0.242990,0.305573,0.027889,0.178027,0.162255,0.177354,0.205092,0.379696,0.178403,0.075410,0.043536,0.070317,0.026452,0.015388
mm_33450b7d4c8ac4,0.016938,0.003822,0.008061,0.006494,0.001542,0.000813,0.000001,0.000397,0.001215,0.000696,0.000105,0.000139,0.000001,0.000000,0.000016,0.000015,0.000012,0.000002,0.000000,0.000000,0.003365,0.000364,0.002557,0.042650
mm_f32e3cb985ec66,0.016938,0.097581,0.086144,0.097089,0.072310,0.053152,0.001747,0.000000,0.000109,0.000408,0.000249,0.000037,0.000003,0.000000,0.000148,0.000066,0.000309,0.000449,0.000134,0.049415,0.039604,0.034344,0.021512,0.031885
mm_0ca8f720cd9001,0.016938,0.014761,0.007891,0.009207,0.004140,0.004633,0.004763,0.000000,0.000034,0.000104,0.000025,0.000012,0.000001,0.000000,0.000578,0.000674,0.002059,0.000792,0.000024,0.000090,0.031859,0.031915,0.034648,0.019495
mm_57b56c9f51f8ad,0.016938,0.538687,0.042341,0.009818,0.006445,0.003308,0.000592,0.000000,0.000344,0.000916,0.000671,0.000149,0.000004,0.000063,0.000206,0.000027,0.000235,0.000091,0.000005,0.005802,0.010785,0.002513,0.002389,0.002542
mm_6483ba32e73e55,0.016938,0.000182,0.003992,0.010391,0.037077,0.057558,0.000033,0.000002,0.001752,0.001588,0.000397,0.000128,0.000001,0.000019,0.080362,0.106458,0.195684,0.453554,0.122822,0.000012,0.025705,0.046244,0.056491,0.039329
mm_d9f69a5f264bf6,0.016938,0.029086,0.028669,0.026791,0.015650,0.002091,0.000006,0.123286,0.085964,0.101823,0.169637,0.075119,0.029181,0.007227,0.004425,0.009771,0.000826,0.001088,0.000537,0.053454,0.029690,0.029708,0.023024,0.032657
mm_c631d1bcf87f77,0.016938,0.000012,0.000079,0.000018,0.000409,0.000279,0.000053,0.000000,0.000001,0.000000,0.000000,0.000001,0.000000,0.000012,0.000079,0.000003,0.000013,0.000052,0.000004,0.000000,0.000597,0.000024,0.000712,0.005450
mm_5b0611a8999059,0.016938,0.009779,0.011845,0.009574,0.012915,0.009397,0.000523,0.047374,0.094626,0.087267,0.072668,0.146530,0.475157,0.004693,0.020747,0.032898,0.020509,0.007388,0.004013,0.246072,0.081437,0.069347,0.018125,0.038626
mm_b8dac16901a732,0.016938,0.321976,0.174232,0.167768,0.208923,0.236658,0.260651,0.000000,0.002543,0.001332,0.002487,0.007150,0.001209,0.005554,0.002406,0.000853,0.001843,0.001996,0.000076,0.039579,0.018322,0.025604,0.005681,0.002969
mm_79357d88a1708a,0.016938,0.007455,0.041853,0.059243,0.117691,0.035593,0.000600,0.051888,0.036427,0.022874,0.010168,0.005459,0.000375,0.000101,0.039742,0.063175,0.077864,0.064510,0.001362,0.031856,0.075052,0.056262,0.029864,0.084224
mm_be8e28c26e9727,0.016938,0.030854,0.006378,0.010993,0.001332,0.000437,0.000002,0.001520,0.002285,0.001830,0.001421,0.000430,0.000007,0.008168,0.010866,0.010011,0.003486,0.001239,0.000067,0.000002,0.011743,0.010104,0.053410,0.039514
mm_5efb1bf0866150,0.016938,0.000000,0.000538,0.001752,0.004334,0.005021,0.000018,0.000155,0.000696,0.002586,0.006738,0.017144,0.000025,0.125540,0.041841,0.041377,0.032644,0.005635,0.000119,0.000039,0.021925,0.027925,0.029310,0.015015
mm_f49c4ed964bc19,0.016938,0.000011,0.000654,0.000273,0.000278,0.000180,0.000012,0.004295,0.002153,0.001969,0.000101,0.000101,0.000003,0.000073,0.000034,0.000007,0.000031,0.000010,0.000000,0.000101,0.001529,0.000083,0.000578,0.002173
mm_3c49069332fd87,0.016938,0.000164,0.000231,0.000097,0.000062,0.000052,0.000016,0.000017,0.000241,0.000006,0.000011,0.000064,0.000001,0.000000,0.000000,0.000000,0.000000,0.000004,0.000000,0.001315,0.002834,0.000367,0.001160,0.005537
mm_394ae6295c437c,0.016938,0.000474,0.001464,0.003082,0.003207,0.001984,0.000103,0.084883,0.203922,0.191911,0.181960,0.387115,0.434975,0.005398,0.044862,0.051048,0.097906,0.206778,0.024455,0.000106,0.033144,0.049023,0.060598,0.052846
mm_e436469b673ef0,0.016938,0.000309,0.112469,0.093920,0.067641,0.044724,0.000372,0.000645,0.158837,0.120313,0.032044,0.020864,0.001029,0.000005,0.030772,0.021485,0.041501,0.035626,0.000229,0.000002,0.019432,0.012276,0.013379,0.041677
mm_959f49e1747a2e,0.016938,0.006908,0.013872,0.015395,0.029794,0.009656,0.000390,0.297221,0.188340,0.102716,0.014198,0.042120,0.003615,0.017149,0.023799,0.024144,0.067251,0.293657,0.844255,0.030104,0.052694,0.035737,0.062849,0.038274
mm_5c7e45317c90c0,0.016938,0.004200,0.001190,0.001704,0.000639,0.000519,0.000031,0.000001,0.000013,0.000001,0.000004,0.000034,0.000005,0.000611,0.001494,0.001054,0.000479,0.000167,0.000033,0.000000,0.001674,0.000579,0.006569,0.014584
mm_d55ef7fbe7018d,0.016938,0.002743,0.000580,0.000579,0.000336,0.000172,0.000104,0.000002,0.006593,0.017664,0.014177,0.004913,0.002081,0.098350,0.121793,0.144307,0.074542,0.064510,0.003474,0.041619,0.027282,0.032930,0.009665,0.014813
mm_d75d1a577e2859,0.016938,0.035003,0.046148,0.053200,0.060288,0.045741,0.004462,0.035010,0.023992,0.015817,0.012202,0.008427,0.000316,0.001495,0.011333,0.017271,0.012868,0.002387,0.000773,0.390748,0.291229,0.234342,0.084695,0.070608
mm_f60f84f0b0cdda,0.016938,0.000000,0.000021,0.000012,0.000055,0.000016,0.000000,0.000000,0.000014,0.000003,0.000014,0.000016,0.000000,0.000000,0.000006,0.000000,0.000018,0.000038,0.000000,0.000000,0.008813,0.002172,0.015730,0.050432
mm_5c3fd047595d48,0.016938,0.009549,0.047156,0.058831,0.055908,0.091710,0.000126,0.679047,0.325123,0.146430,0.060796,0.027873,0.000545,0.000034,0.026364,0.037242,0.037826,0.019622,0.005389,0.018979,0.043818,0.033124,0.022956,0.055077
mm_c9cabd8e6fdf83,0.016938,0.000039,0.047366,0.091607,0.110473,0.050265,0.062589,0.000002,0.029464,0.083193,0.064158,0.044231,0.015327,0.000065,0.008058,0.010668,0.023673,0.011273,0.011729,0.011714,0.006916,0.001561,0.003040,0.009533
mm_a1545385286cf3,0.016938,0.000013,0.000003,0.000001,0.000001,0.000002,0.000000,0.000000,0.000001,0.000000,0.000000,0.000002,0.000000,0.000000,0.000005,0.000001,0.000012,0.000045,0.000004,0.000000,0.000400,0.000023,0.000436,0.005422
mm_4259cf4a00ed70,0.016938,0.030242,0.043158,0.040235,0.039069,0.012567,0.000336,0.000007,0.106433,0.168165,0.104157,0.036203,0.009956,0.059850,0.035012,0.033316,0.027735,0.003092,0.001142,0.106849,0.073675,0.110596,0.020159,0.019109
mm_2cec252413a776,0.016938,0.008744,0.038124,0.032369,0.032984,0.003209,0.000154,0.004145,0.005172,0.001240,0.002653,0.005252,0.003854,0.000168,0.000609,0.000093,0.000164,0.000197,0.000041,0.000001,0.007768,0.002465,0.018570,0.057051
mm_eb471fb78da1bd,0.016938,0.000047,0.000825,0.001396,0.000722,0.000080,0.000044,0.000000,0.000020,0.000001,0.000004,0.000040,0.000007,0.000002,0.000969,0.000339,0.000895,0.003534,0.006009,0.024727,0.033497,0.021337,0.018252,0.046641
mm_cb1ebf1fae3084,0.016938,0.000000,0.002463,0.002101,0.002373,0.001731,0.000334,0.000000,0.000543,0.000780,0.001083,0.000422,0.000137,0.314430,0.170263,0.091327,0.018968,0.005315,0.000096,0.000355,0.005377,0.000912,0.002271,0.004838
mm_14e942921fe778,0.016938,0.000030,0.091225,0.174745,0.187923,0.168612,0.019272,0.000025,0.019059,0.024531,0.031213,0.001717,0.000196,0.004101,0.007997,0.003806,0.009262,0.012245,0.003615,0.000040,0.029575,0.065429,0.075201,0.037317
mm_54a621dd5d1091,0.016938,0.014200,0.062028,0.064480,0.023418,0.003922,0.000202,0.000000,0.000125,0.000080,0.000049,0.000253,0.000011,0.000000,0.000091,0.000035,0.000816,0.000743,0.000028,0.000004,0.009208,0.002331,0.021702,0.055856
mm_da0f502618be50,0.016938,0.082633,0.102055,0.114413,0.209137,0.286609,0.782616,0.000017,0.044054,0.122588,0.147551,0.112866,0.030532,0.002851,0.041992,0.040737,0.063061,0.025351,0.006629,0.000000,0.004451,0.002702,0.009481,0.023157
mm_f1f85e511bf9d3,0.016938,0.001049,0.003790,0.004282,0.003957,0.007233,0.000860,0.004106,0.185365,0.153393,0.145592,0.074922,0.005139,0.560275,0.104723,0.055386,0.030117,0.009553,0.002936,0.083417,0.041967,0.059695,0.019966,0.010784
mm_724e12c380a55d,0.016938,0.000004,0.000045,0.000009,0.000009,0.000003,0.000000,0.000000,0.000011,0.000001,0.000002,0.000007,0.000000,0.001226,0.001462,0.000186,0.000611,0.004603,0.000051,0.005645,0.008410,0.002655,0.013584,0.006871
mm_b053b378f42d9b,0.016938,0.000020,0.056985,0.127911,0.252643,0.395921,0.190009,0.003448,0.009311,0.008349,0.010544,0.010936,0.000858,0.011374,0.021220,0.025373,0.028930,0.033948,0.001214,0.165798,0.148965,0.242931,0.085459,0.073223
mm_cb8f067893a1e2,0.016938,0.015749,0.027995,0.028079,0.028298,0.032481,0.014573,0.000692,0.008057,0.017381,0.008188,0.035548,0.000056,0.306505,0.104241,0.071002,0.145353,0.015838,0.000026,0.054300,0.060303,0.045202,0.021819,0.016631
mm_de3a3d61ea734c,0.016938,0.000200,0.064770,0.119112,0.172352,0.117614,0.001589,0.385321,0.080384,0.097468,0.022907,0.003774,0.003310,0.000539,0.002918,0.006145,0.004164,0.001232,0.000412,0.041505,0.028578,0.024542,0.010479,0.022575
mm_c439119c1f5bcf,0.016938,0.000011,0.011417,0.016957,0.008278,0.002508,0.000004,0.927489,0.339798,0.128239,0.065496,0.009623,0.000133,0.020847,0.025739,0.024610,0.023310,0.012497,0.000860,0.095842,0.073962,0.048311,0.021248,0.037418
mm_f80282ecd49366,0.016938,0.000960,0.003728,0.012459,0.011351,0.029283,0.002542,0.030709,0.080254,0.086515,0.074075,0.124648,0.000376,0.036620,0.239245,0.232326,0.267109,0.107289,0.000222,0.000079,0.040425,0.059138,0.067906,0.046562
mm_afd2ffc3525aa6,0.016938,0.000345,0.000346,0.000051,0.000027,0.000039,0.000001,0.000000,0.000012,0.000001,0.000003,0.000005,0.000000,0.070937,0.084037,0.054665,0.014815,0.012602,0.000044,0.065481,0.028992,0.010410,0.003253,0.007828
mm_e9d7ab54233a06,0.016938,0.000510,0.009100,0.007728,0.041765,0.044541,0.021271,0.000074,0.000485,0.000201,0.000074,0.000106,0.000005,0.000000,0.000003,0.000002,0.000004,0.000002,0.000000,0.129274,0.125524,0.105066,0.140084,0.083284
mm_e372ed218facc8,0.016938,0.082432,0.021071,0.027122,0.003917,0.002990,0.000153,0.099340,0.016395,0.009713,0.000538,0.000207,0.000002,0.005136,0.000932,0.002275,0.000355,0.000110,0.000003,0.068885,0.026477,0.014450,0.008350,0.004652
mm_d1aa10ef2583fe,0.016938,0.000010,0.012501,0.013407,0.003227,0.000941,0.000015,0.455105,0.255750,0.174246,0.139247,0.072132,0.014577,0.000991,0.002030,0.003219,0.001110,0.001008,0.000009,0.005131,0.022744,0.011314,0.014959,0.015084
mm_1a8818fb030cb9,0.016938,0.004086,0.074084,0.099912,0.107635,0.073934,0.001342,0.000033,0.093303,0.098900,0.064794,0.026640,0.000029,0.106830,0.087817,0.068081,0.098993,0.091662,0.001872,0.105886,0.091627,0.076511,0.087106,0.061154
mm_1c0f2c1eb1b142,0.016938,0.007324,0.003774,0.006089,0.002227,0.001992,0.000258,0.045180,0.056852,0.070744,0.082852,0.063764,0.000992,0.033839,0.009162,0.012753,0.011828,0.002264,0.000709,0.016960,0.008104,0.002977,0.001749,0.003957
mm_d2b961203742b6,0.016938,0.079723,0.138770,0.148479,0.151230,0.175441,0.016673,0.164825,0.173074,0.125453,0.159783,0.081050,0.015553,0.331011,0.152945,0.112414,0.067767,0.044183,0.037782,0.061370,0.047487,0.080233,0.033713,0.024899
mm_56ccec4edfeedf,0.016938,0.000050,0.000322,0.000902,0.001056,0.000920,0.000001,0.000003,0.016105,0.036757,0.027000,0.016413,0.000503,0.064122,0.046954,0.024453,0.010936,0.002836,0.000020,0.077303,0.097984,0.071670,0.038054,0.048502
mm_f65c0542a188d2,0.016938,0.014605,0.027207,0.028135,0.046838,0.037582,0.011302,0.000128,0.020136,0.030307,0.013040,0.009160,0.001543,0.113970,0.160378,0.209509,0.216325,0.262698,0.153588,0.072032,0.091652,0.101257,0.058515,0.044117
mm_004c492bac69f7,0.016938,0.400128,0.151321,0.099167,0.193498,0.051025,0.012783,0.007908,0.010039,0.010479,0.017846,0.073788,0.272086,0.022860,0.074478,0.076147,0.028606,0.044593,0.001275,0.383675,0.134187,0.104700,0.044946,0.020803
mm_874e6e46088466,0.016938,0.000047,0.000096,0.000009,0.000062,0.000116,0.000005,0.000007,0.000025,0.000001,0.000011,0.000069,0.000004,0.000000,0.000003,0.000000,0.000000,0.000000,0.000000,0.000266,0.000569,0.000040,0.000113,0.000225
mm_c4a1b05cf908c9,0.016938,0.000000,0.000065,0.000175,0.000146,0.000029,0.000001,0.000000,0.000004,0.000001,0.000003,0.000003,0.000000,0.005757,0.003542,0.002111,0.000926,0.000243,0.000034,0.000016,0.005443,0.003735,0.007501,0.003704
mm_4b76cbbed646a5,0.016938,0.040614,0.014617,0.010667,0.001973,0.003822,0.006412,0.000032,0.008039,0.004030,0.007954,0.013718,0.001274,0.000000,0.049602,0.074402,0.046686,0.039402,0.036262,0.000002,0.007280,0.005795,0.020676,0.043392
mm_889be1a8467d7c,0.016938,0.000044,0.000041,0.000003,0.000007,0.000010,0.000000,0.000000,0.000004,0.000000,0.000002,0.000007,0.000000,0.000110,0.000732,0.000184,0.001191,0.004180,0.001402,0.004316,0.008849,0.002689,0.005040,0.015253
mm_6e96c9bbff75c6,0.016938,0.000667,0.000272,0.000027,0.000072,0.000155,0.000026,0.000000,0.000472,0.000263,0.000144,0.000189,0.000056,0.000000,0.000137,0.000004,0.000231,0.003659,0.000907,0.000003,0.006212,0.001316,0.003640,0.027791
mm_ba5168736ae365,0.016938,0.043923,0.112546,0.108538,0.064752,0.067031,0.000759,0.031915,0.082989,0.075189,0.051317,0.068440,0.000657,0.000599,0.068328,0.100252,0.147473,0.079594,0.000626,0.003538,0.025472,0.017342,0.017694,0.020092
mm_873bfaa5e33227,0.016938,0.000000,0.059296,0.222686,0.368904,0.395506,0.040164,0.000000,0.003819,0.003208,0.005662,0.000462,0.000007,0.061997,0.013444,0.005145,0.003547,0.000139,0.000003,0.000013,0.028928,0.039915,0.075284,0.064848
mm_53d90f447cd9d3,0.016938,0.130990,0.039774,0.024564,0.009471,0.004226,0.000137,0.000358,0.020830,0.008980,0.003541,0.001008,0.000019,0.000000,0.016564,0.004094,0.012746,0.059526,0.379324,0.000000,0.000707,0.000090,0.001038,0.001702
mm_24cb110082db34,0.016938,0.003426,0.000908,0.000620,0.000694,0.000757,0.000211,0.000000,0.000011,0.000001,0.000004,0.000033,0.000016,0.000145,0.000270,0.000126,0.000028,0.000148,0.001339,0.000002,0.000601,0.000134,0.000744,0.001713
mm_0bd9e30faf22b2,0.016938,0.000000,0.000040,0.000018,0.000423,0.000175,0.000093,0.000000,0.000174,0.000027,0.000233,0.000828,0.000121,0.001257,0.000576,0.000089,0.000190,0.000541,0.000212,0.000417,0.002268,0.000416,0.002168,0.005555
mm_c47c59dcb38408,0.016938,0.019293,0.010206,0.005880,0.007135,0.001677,0.000061,0.000000,0.008501,0.019990,0.053155,0.158586,0.428956,0.141997,0.137038,0.141597,0.193569,0.182321,0.001677,0.058384,0.038163,0.046230,0.045794,0.055573
mm_dfc1419ed394b1,0.016938,0.013023,0.049566,0.051293,0.059355,0.055970,0.000005,0.009384,0.004376,0.001996,0.000528,0.000480,0.000005,0.006454,0.037262,0.057718,0.061902,0.070908,0.000010,0.109293,0.159135,0.154863,0.148297,0.149473
mm_12689ad76b5d7b,0.016938,0.000000,0.000001,0.000000,0.000004,0.000001,0.000000,0.000000,0.005707,0.007541,0.022410,0.024251,0.001127,0.000000,0.000005,0.000000,0.000006,0.000014,0.000000,0.000000,0.001692,0.000167,0.001373,0.014964
mm_a0760a714ddf40,0.016938,0.054191,0.013819,0.015947,0.003102,0.002099,0.002511,0.005198,0.004624,0.006405,0.003060,0.003118,0.001927,0.000111,0.000677,0.000187,0.003005,0.002578,0.000674,0.000023,0.014452,0.007951,0.015228,0.018989
mm_91a680a80d5605,0.016938,0.000098,0.000507,0.001254,0.002641,0.006550,0.000096,0.048361,0.051204,0.045305,0.060144,0.191261,0.744293,0.149714,0.157979,0.174643,0.223309,0.122946,0.007161,0.061423,0.070172,0.050432,0.035669,0.032479
mm_d17eb50dac3a1f,0.016938,0.091520,0.083694,0.091287,0.082961,0.069391,0.016711,0.000000,0.003837,0.008450,0.011150,0.004750,0.001708,0.028721,0.022752,0.018153,0.005258,0.007896,0.007161,0.000571,0.036971,0.054822,0.038620,0.018145
mm_47747992595f9e,0.016938,0.079532,0.018401,0.029611,0.004388,0.002437,0.002005,0.000017,0.000154,0.000079,0.000078,0.000135,0.000047,0.004232,0.004001,0.007929,0.005049,0.007513,0.001413,0.000003,0.005073,0.003500,0.016286,0.016040
mm_bac054716426d3,0.016938,0.001738,0.001765,0.001013,0.000495,0.000386,0.000002,0.003015,0.001871,0.000941,0.000373,0.000379,0.000002,0.025442,0.022196,0.054721,0.063749,0.118796,0.036652,0.253095,0.178071,0.129238,0.071663,0.039143
mm_956de438f39c7e,0.016938,0.002240,0.001412,0.000601,0.000849,0.000318,0.000000,0.040637,0.331904,0.237627,0.256723,0.101351,0.000400,0.000347,0.000317,0.000089,0.000121,0.000304,0.003572,0.000257,0.001634,0.000208,0.000467,0.001315
mm_923f01d27341ec,0.016938,0.006842,0.003215,0.003909,0.002046,0.002336,0.000026,0.000000,0.000165,0.000104,0.000069,0.000153,0.000020,0.000044,0.001242,0.000776,0.000136,0.000107,0.000034,0.000001,0.013929,0.011503,0.010797,0.009667
mm_db38be21237b5b,0.016938,0.000000,0.006086,0.018379,0.013456,0.006110,0.000005,0.073829,0.137207,0.175097,0.141084,0.194651,0.000462,0.094960,0.032407,0.027847,0.018634,0.003435,0.000109,0.038614,0.046804,0.033029,0.026072,0.017033
mm_0cd5e2f4a58c31,0.016938,0.000064,0.000800,0.001347,0.000856,0.000328,0.000028,0.000200,0.000235,0.000576,0.000167,0.000223,0.000004,0.001854,0.000708,0.001746,0.000221,0.000041,0.000000,0.001993,0.006055,0.001978,0.003524,0.002954
mm_d03a4f94081c45,0.016938,0.000406,0.000445,0.000426,0.000407,0.000291,0.000001,0.001704,0.000792,0.000214,0.000072,0.000102,0.000001,0.000020,0.000020,0.000000,0.000003,0.000005,0.000000,0.000204,0.002260,0.000265,0.000542,0.000584
mm_395dd2e939748f,0.016938,0.000002,0.000001,0.000000,0.000000,0.000000,0.000000,0.000002,0.000005,0.000001,0.000001,0.000001,0.000000,0.000000,0.000001,0.000000,0.000000,0.000001,0.000000,0.000128,0.002037,0.000144,0.000968,0.002580
mm_f52fcedebe706b,0.016938,0.000093,0.000108,0.000238,0.000190,0.000094,0.000054,0.000000,0.002034,0.018264,0.008590,0.012356,0.000036,0.000008,0.004161,0.004649,0.004101,0.001981,0.000005,0.140818,0.147415,0.113189,0.054332,0.045029
mm_ec56012a4c8e21,0.016938,0.000000,0.000012,0.000001,0.000016,0.000048,0.000045,0.000001,0.000805,0.000282,0.000787,0.001112,0.000224,0.000000,0.000219,0.000011,0.000263,0.003389,0.000473,0.000000,0.001612,0.000213,0.002100,0.007530
mm_e305829258d114,0.016938,0.000002,0.000018,0.000002,0.000011,0.000016,0.000004,0.000025,0.000364,0.000026,0.000213,0.001840,0.000213,0.001194,0.001983,0.000657,0.000189,0.000596,0.002724,0.002017,0.002322,0.000455,0.001847,0.004623
mm_b1de4d69a94e41,0.016938,0.017008,0.007531,0.005375,0.000526,0.000813,0.000011,0.123100,0.111348,0.123531,0.222353,0.175199,0.003975,0.005938,0.022217,0.013388,0.023341,0.004989,0.000035,0.067028,0.080236,0.056400,0.069530,0.055930
mm_5df4ae49c1bd05,0.016938,0.021536,0.011933,0.011411,0.007283,0.006448,0.003169,0.019438,0.058908,0.049054,0.083910,0.224425,0.171469,0.000001,0.003996,0.002305,0.003841,0.008289,0.000215,0.008964,0.048866,0.008618,0.006925,0.041435
mm_c354ee3a5e7a65,0.016938,0.000003,0.000001,0.000000,0.000000,0.000001,0.000001,0.000019,0.000604,0.000082,0.000334,0.001092,0.000229,0.000000,0.000106,0.000010,0.000639,0.001696,0.000107,0.000006,0.002672,0.000380,0.004548,0.016467
mm_925b99589eef6b,0.016938,0.179529,0.228533,0.222367,0.308181,0.252014,0.033350,0.225695,0.275461,0.249639,0.281143,0.296602,0.243769,0.000022,0.003934,0.003236,0.030847,0.018703,0.004615,0.003763,0.021713,0.016436,0.014991,0.018956
mm_235df6ad05d536,0.016938,0.434524,0.198051,0.160290,0.270146,0.070513,0.000034,0.000440,0.001816,0.002494,0.000738,0.001770,0.000060,0.000051,0.091614,0.058045,0.017912,0.000625,0.000000,0.045064,0.065033,0.058492,0.044456,0.065863
mm_19fe7f0d0075cd,0.016938,0.329229,0.222470,0.123606,0.078778,0.011518,0.008341,0.021534,0.260396,0.245834,0.238678,0.115212,0.008449,0.031635,0.073588,0.050697,0.037997,0.004220,0.001926,0.000001,0.006985,0.008574,0.019609,0.023889
mm_1295a08daa787c,0.016938,0.195635,0.110222,0.052682,0.013919,0.010949,0.000253,0.014931,0.117619,0.148214,0.125552,0.248863,0.001343,0.136504,0.245554,0.236270,0.235111,0.241057,0.001855,0.048600,0.066880,0.078421,0.029443,0.031164
mm_2a972cf7c40d10,0.016938,0.000746,0.001766,0.001806,0.001181,0.001205,0.000001,0.000004,0.000817,0.001533,0.000166,0.000066,0.000001,0.000000,0.003650,0.003088,0.018333,0.013150,0.000915,0.000012,0.025906,0.055640,0.074624,0.059278
mm_729711237e501e,0.016938,0.011551,0.039389,0.034761,0.042715,0.023303,0.000935,0.000001,0.034556,0.049512,0.032250,0.048466,0.002581,0.060883,0.013172,0.005685,0.001891,0.001205,0.000623,0.126161,0.079533,0.083018,0.060296,0.035076
mm_495b297ef936d9,0.016938,0.079231,0.103847,0.101966,0.160427,0.124285,0.015826,0.201621,0.173674,0.119412,0.015034,0.024422,0.001305,0.000271,0.009837,0.017315,0.008785,0.005483,0.002303,0.006772,0.038120,0.006313,0.006499,0.094862
mm_0f00a4fff19a38,0.016938,0.000123,0.000343,0.001263,0.001893,0.001888,0.000028,0.220987,0.261589,0.213045,0.164186,0.145151,0.000702,0.000832,0.010175,0.013590,0.013422,0.007969,0.000158,0.000406,0.008305,0.012548,0.008093,0.005516
mm_864631213ae8bb,0.016938,0.000067,0.000158,0.000015,0.000055,0.000080,0.000002,0.000000,0.000108,0.000013,0.000197,0.000694,0.000048,0.000002,0.000032,0.000000,0.000034,0.000705,0.000039,0.000000,0.000492,0.000073,0.001095,0.002022
mm_6e09e562a340ff,0.016938,0.000000,0.001734,0.001883,0.004696,0.000750,0.000020,0.022396,0.012717,0.005316,0.002511,0.000410,0.000010,0.039173,0.043943,0.049213,0.005542,0.005314,0.000546,0.047168,0.033494,0.016341,0.016016,0.018259
mm_94d161f4ab275e,0.016938,0.123515,0.179964,0.143422,0.149553,0.043980,0.001270,0.036396,0.067890,0.075153,0.049810,0.067126,0.002281,0.018882,0.007231,0.010129,0.001196,0.001343,0.000035,0.089754,0.057468,0.042904,0.050107,0.033647
mm_347c26a9597371,0.016938,0.131956,0.152816,0.164938,0.308626,0.252752,0.096784,0.000042,0.007300,0.004756,0.017423,0.010406,0.001916,0.096045,0.114678,0.129839,0.158916,0.277588,0.624634,0.047350,0.041497,0.056540,0.066482,0.082262
mm_3b7a906348cb66,0.016938,0.080661,0.085709,0.099920,0.191593,0.177328,0.173823,0.082694,0.086009,0.069182,0.017063,0.014092,0.007502,0.000530,0.003774,0.002993,0.017223,0.014820,0.001199,0.014645,0.015846,0.026089,0.016062,0.008817
mm_487d750dd7bb2a,0.016938,0.000002,0.055344,0.163669,0.381967,0.223065,0.245266,0.000000,0.000029,0.000010,0.000024,0.000024,0.000002,0.105782,0.135296,0.132189,0.037046,0.044451,0.000125,0.216233,0.069916,0.074068,0.012671,0.011426
mm_b8c8c790b3e1d6,0.016938,0.009912,0.003684,0.002525,0.001890,0.002048,0.004024,0.304320,0.065490,0.032173,0.012937,0.028898,0.010365,0.000000,0.000145,0.000111,0.000391,0.001066,0.000727,0.000004,0.008151,0.007288,0.021281,0.024388
mm_22d51e95df1681,0.016938,0.000003,0.004624,0.022090,0.013612,0.004499,0.000443,0.002142,0.006048,0.008866,0.061397,0.308688,0.423234,0.016958,0.006920,0.009618,0.006362,0.003586,0.000423,0.015645,0.013901,0.009061,0.007552,0.011400
mm_c9b4001d6f2128,0.016938,0.000000,0.000719,0.000398,0.002840,0.002000,0.000207,0.000219,0.001450,0.000068,0.000118,0.001534,0.000009,0.000269,0.000442,0.000080,0.000064,0.000142,0.000006,0.000352,0.000989,0.000055,0.000304,0.000429
mm_4bb7c02da15112,0.016938,0.012512,0.163368,0.181487,0.374457,0.159195,0.007881,0.008853,0.182457,0.186050,0.117018,0.192950,0.012515,0.021193,0.025244,0.021798,0.045456,0.219479,0.903284,0.087161,0.082485,0.067517,0.084266,0.059423
mm_9cd3ab492a996a,0.016938,0.003443,0.001098,0.001049,0.000735,0.000686,0.000348,0.000103,0.000328,0.000148,0.000177,0.000235,0.000033,0.000173,0.000180,0.000035,0.000039,0.000066,0.000049,0.000000,0.000823,0.000057,0.000912,0.007933
mm_9922aab3c8ea0e,0.016938,0.138870,0.028700,0.015731,0.002278,0.001458,0.000080,0.000185,0.000644,0.000624,0.000007,0.000004,0.000000,0.000253,0.000466,0.000272,0.000230,0.000444,0.000094,0.000000,0.000745,0.000057,0.000345,0.001110
mm_a8f3c3cb2c8f55,0.016938,0.000000,0.012170,0.046528,0.107098,0.094738,0.245349,0.029986,0.226535,0.221928,0.172256,0.187663,0.604328,0.368581,0.068191,0.038636,0.057165,0.012447,0.002360,0.039794,0.033549,0.040107,0.037056,0.030195
mm_b121a7277eed82,0.016938,0.000953,0.019493,0.030334,0.024675,0.022916,0.004661,0.473105,0.348334,0.261674,0.300868,0.119410,0.576204,0.001974,0.001732,0.002696,0.001846,0.000183,0.000044,0.001042,0.002408,0.000472,0.000507,0.001442
mm_20734ec2707f8a,0.016938,0.015288,0.026950,0.042141,0.105814,0.208045,0.118024,0.000229,0.002834,0.004500,0.006237,0.028508,0.000797,0.249335,0.122006,0.112436,0.055552,0.027236,0.009831,0.145128,0.188341,0.151940,0.072346,0.102977
mm_d018e23079a532,0.016938,0.000012,0.013386,0.024443,0.052275,0.151961,0.538483,0.222354,0.394862,0.307736,0.098909,0.247130,0.000333,0.006017,0.015046,0.022375,0.020058,0.030968,0.000293,0.066553,0.078480,0.103192,0.082794,0.076875
mm_de8c5d5cfc7924,0.016938,0.016918,0.114153,0.131960,0.092770,0.030758,0.000006,0.047520,0.339291,0.239404,0.134902,0.035879,0.000002,0.046735,0.012870,0.004258,0.001236,0.000320,0.000000,0.191011,0.285332,0.261481,0.171716,0.220037
mm_c4781e6a7c4806,0.016938,0.000137,0.016809,0.042126,0.012687,0.003211,0.001650,0.003448,0.038979,0.047275,0.076249,0.118380,0.079026,0.000003,0.007447,0.007923,0.024192,0.006345,0.002305,0.021323,0.020286,0.038696,0.020605,0.018359
mm_159297fce4ae3c,0.016938,0.000061,0.000073,0.000003,0.000020,0.000101,0.000025,0.000000,0.000011,0.000001,0.000004,0.000041,0.000005,0.000194,0.000437,0.000030,0.000111,0.000854,0.001383,0.000000,0.000526,0.000071,0.000508,0.001706
mm_972bf9077c5ac3,0.016938,0.064982,0.057189,0.022173,0.005935,0.001600,0.000002,0.030824,0.140722,0.182541,0.119472,0.202839,0.001960,0.000004,0.004569,0.005323,0.003131,0.000502,0.000000,0.108572,0.146683,0.117924,0.129675,0.140017
mm_b112855fdb4fe6,0.016938,0.000000,0.000068,0.000166,0.000152,0.000107,0.000115,0.000000,0.000030,0.000042,0.000150,0.000013,0.000000,0.000001,0.000341,0.000025,0.001568,0.001463,0.000102,0.001974,0.003459,0.000496,0.001015,0.001975
mm_8d5f67c3949767,0.016938,0.000002,0.006400,0.006284,0.009154,0.010563,0.000449,0.000000,0.000001,0.000000,0.000001,0.000004,0.000000,0.000000,0.000002,0.000000,0.000001,0.000011,0.000000,0.000000,0.000430,0.000027,0.000449,0.002593
mm_f8a47b6336d2a6,0.016938,0.008518,0.028872,0.034654,0.042172,0.058691,0.000406,0.003692,0.050491,0.031612,0.028616,0.012917,0.002768,0.012756,0.061069,0.053344,0.063583,0.240217,0.161426,0.067122,0.052792,0.109835,0.029131,0.020890
mm_9e1f5afa52b8c5,0.016938,0.008344,0.010159,0.015320,0.045437,0.154200,0.763082,0.000006,0.000704,0.001439,0.000375,0.000725,0.000018,0.097150,0.107530,0.171366,0.069783,0.016039,0.000008,0.418945,0.193782,0.159336,0.065191,0.022955
mm_442abb233d407b,0.016938,0.000379,0.000411,0.000407,0.000578,0.000164,0.000000,0.028754,0.190659,0.213003,0.207453,0.219785,0.000417,0.001020,0.024794,0.067261,0.087381,0.073718,0.000035,0.144389,0.090436,0.056114,0.040284,0.043185
mm_0aee14dfefadef,0.016938,0.005248,0.070574,0.210973,0.240630,0.402303,0.001062,0.000005,0.000977,0.001528,0.001121,0.001139,0.000002,0.000017,0.013121,0.016022,0.011394,0.003273,0.000009,0.010005,0.032991,0.013449,0.018400,0.086549
mm_a475679bf2c84e,0.016938,0.002241,0.008826,0.014285,0.031647,0.163671,0.993543,0.000005,0.005045,0.011283,0.003910,0.001405,0.000050,0.000000,0.000435,0.001543,0.000746,0.000112,0.000006,0.000006,0.013009,0.009149,0.044376,0.041465
mm_825730089654f1,0.016938,0.008719,0.005876,0.006607,0.002372,0.001765,0.000064,0.003555,0.004775,0.007582,0.004450,0.005743,0.001496,0.000000,0.000765,0.002913,0.002882,0.004729,0.000136,0.073707,0.093550,0.036519,0.047977,0.080276
mm_d0fe57b5f8ec9f,0.016938,0.008926,0.032664,0.053470,0.057129,0.109363,0.000284,0.106646,0.139786,0.154411,0.113714,0.152306,0.004996,0.099885,0.090850,0.038380,0.014844,0.003833,0.000017,0.159710,0.059128,0.053121,0.014684,0.023026
mm_05ab9aaa8731e6,0.016938,0.005614,0.035216,0.150525,0.188300,0.301071,0.001034,0.006481,0.015548,0.015367,0.017963,0.006325,0.000073,0.314613,0.064121,0.069207,0.006345,0.003554,0.001909,0.041280,0.054315,0.042302,0.049630,0.058434
mm_5bcb5ed75a1fc9,0.016938,0.000000,0.001823,0.011690,0.017754,0.008405,0.000632,0.001520,0.008930,0.009475,0.008356,0.003047,0.001196,0.074372,0.332258,0.323812,0.314025,0.149198,0.017981,0.003581,0.029416,0.040775,0.044975,0.067325
mm_b0bb3746c840a7,0.016938,0.000286,0.000211,0.000022,0.000040,0.000088,0.000003,0.014042,0.014836,0.010427,0.008157,0.010164,0.004385,0.000033,0.000023,0.000009,0.000011,0.000006,0.000004,0.005519,0.003576,0.000739,0.000572,0.001337
mm_c890097c847401,0.016938,0.000148,0.000466,0.000027,0.000773,0.011444,0.009166,0.000000,0.000004,0.000000,0.000002,0.000031,0.000007,0.000000,0.000303,0.000006,0.000043,0.000903,0.000815,0.000000,0.001617,0.000373,0.001767,0.008347
mm_9520d8ed080091,0.016938,0.050414,0.074748,0.071923,0.090998,0.261886,0.877343,0.021614,0.002644,0.002950,0.000900,0.000244,0.000024,0.013705,0.001896,0.001507,0.000191,0.000037,0.000031,0.000243,0.020768,0.052273,0.040744,0.012522
mm_bb29a098a48866,0.016938,0.172857,0.233376,0.219174,0.244189,0.140230,0.005074,0.000014,0.002807,0.011225,0.008956,0.007394,0.006050,0.000000,0.015576,0.033998,0.044324,0.057188,0.034450,0.000584,0.030983,0.052379,0.042650,0.035868
mm_d6205c2efea420,0.016938,0.002201,0.002130,0.001705,0.001424,0.000730,0.000001,0.006831,0.150834,0.186127,0.301846,0.203455,0.001072,0.004427,0.006601,0.006251,0.009064,0.007856,0.000859,0.000001,0.004168,0.002936,0.014905,0.013133
mm_772a9956a045a5,0.016938,0.000002,0.006252,0.011458,0.017529,0.010258,0.000116,0.000016,0.001944,0.002045,0.004229,0.004953,0.000609,0.074698,0.058765,0.035707,0.069039,0.010250,0.000069,0.000006,0.046861,0.067348,0.164741,0.109150
mm_1ae54769ec0574,0.016938,0.000784,0.094078,0.148198,0.202638,0.144776,0.002740,0.000002,0.055511,0.046073,0.023338,0.007101,0.000085,0.000000,0.006117,0.013502,0.015618,0.007305,0.002615,0.000002,0.006063,0.003405,0.008177,0.031555
mm_780c1893725b39,0.016938,0.129977,0.171558,0.112219,0.064497,0.012278,0.000141,0.200385,0.315354,0.278168,0.218128,0.248257,0.000930,0.123092,0.134991,0.126311,0.165522,0.114067,0.000843,0.070863,0.069740,0.051550,0.038675,0.030510
mm_96aaeb360dcca2,0.016938,0.000361,0.013636,0.034323,0.046283,0.083999,0.030180,0.384071,0.227719,0.141379,0.125529,0.055252,0.001875,0.000000,0.001602,0.004787,0.005023,0.003105,0.001691,0.080080,0.067461,0.072038,0.085778,0.066547
mm_995fb786664f97,0.016938,0.011568,0.109304,0.124220,0.157934,0.154565,0.539557,0.000002,0.009739,0.015478,0.015312,0.032530,0.007009,0.019169,0.015915,0.015677,0.043062,0.074286,0.033158,0.132007,0.111824,0.122252,0.124219,0.090421
mm_fca3ed7c868cae,0.016938,0.063188,0.013637,0.007345,0.002233,0.002366,0.000666,0.000000,0.000340,0.000412,0.000475,0.000208,0.000105,0.001411,0.001079,0.000199,0.000620,0.001356,0.000382,0.000001,0.000955,0.000280,0.001920,0.003913
mm_b9f4543be7a33f,0.016938,0.267409,0.189355,0.131097,0.028862,0.038281,0.000188,0.084207,0.016731,0.010061,0.018454,0.005432,0.000242,0.175368,0.178411,0.167937,0.221038,0.220718,0.175530,0.142172,0.121583,0.072795,0.025782,0.038186
mm_2a64a738cbfb3f,0.016938,0.249338,0.275945,0.275540,0.399046,0.365850,0.077675,0.058327,0.103731,0.104905,0.110898,0.153912,0.071158,0.000126,0.072686,0.067467,0.212350,0.075734,0.010512,0.091971,0.067038,0.081640,0.046668,0.043313
mm_2be5749c701768,0.016938,0.046045,0.019773,0.028490,0.014908,0.013733,0.002665,0.009983,0.005749,0.004502,0.000643,0.000943,0.000025,0.000000,0.001788,0.002010,0.001819,0.002370,0.000025,0.000013,0.054876,0.081802,0.124701,0.070255
mm_c1fd21aef8feeb,0.016938,0.000324,0.029714,0.032430,0.064894,0.222080,0.509287,0.002382,0.003075,0.002567,0.001032,0.002004,0.000032,0.002275,0.004255,0.005804,0.001411,0.002390,0.000061,0.076231,0.045294,0.027524,0.018761,0.012451
mm_c5c9ebab06790b,0.016938,0.000000,0.000445,0.000378,0.001491,0.000159,0.000002,0.004623,0.003261,0.001276,0.000194,0.000027,0.000000,0.000193,0.001473,0.001737,0.002517,0.000703,0.000006,0.000001,0.005207,0.002764,0.006764,0.007572
mm_9da35aa8910357,0.016938,0.071048,0.030071,0.028952,0.008285,0.004965,0.000144,0.000758,0.001340,0.000794,0.000071,0.000068,0.000001,0.000000,0.007324,0.010638,0.008348,0.006054,0.000023,0.042352,0.048040,0.042972,0.044729,0.038682
mm_ab1cf7f1983a52,0.016938,0.000000,0.000222,0.000488,0.000593,0.000158,0.000001,0.000000,0.000004,0.000001,0.000015,0.000010,0.000000,0.000266,0.000732,0.000165,0.000734,0.002129,0.000210,0.000000,0.002667,0.001754,0.007767,0.019173
mm_305d91144e077a,0.016938,0.005360,0.023990,0.016891,0.023990,0.004685,0.000100,0.030106,0.022820,0.023443,0.011012,0.007919,0.000324,0.000000,0.001060,0.000375,0.008695,0.008529,0.000235,0.004500,0.016477,0.002480,0.002168,0.007841
mm_ec394c9a5867e0,0.016938,0.000017,0.000034,0.000012,0.000029,0.000011,0.000011,0.000000,0.000011,0.000002,0.000005,0.000062,0.000093,0.000000,0.000277,0.000097,0.000495,0.001893,0.001668,0.000000,0.001554,0.000317,0.001941,0.011646
mm_381154a2bad0d5,0.016938,0.000000,0.020056,0.040824,0.154742,0.063037,0.003164,0.004394,0.005748,0.003855,0.004148,0.002769,0.000300,0.429195,0.197921,0.207144,0.037660,0.035489,0.005486,0.031854,0.015062,0.020447,0.009881,0.016624
mm_b1edec6eafac23,0.016938,0.005986,0.138313,0.131467,0.063956,0.016881,0.000075,0.000151,0.209038,0.306877,0.294560,0.279088,0.018345,0.036807,0.025362,0.033719,0.001986,0.001323,0.000061,0.140737,0.075379,0.065394,0.024187,0.022649
mm_af8fdcb8302073,0.016938,0.000007,0.006689,0.007712,0.011699,0.003083,0.000268,0.000143,0.001971,0.002052,0.000597,0.000725,0.000931,0.000001,0.001005,0.001122,0.004344,0.001897,0.000763,0.024616,0.017959,0.008857,0.008644,0.017237
mm_d4a98b891a0cfe,0.016938,0.058613,0.030741,0.013983,0.004585,0.002868,0.000215,0.000005,0.002453,0.001936,0.000305,0.003169,0.001535,0.004252,0.012155,0.007665,0.027486,0.031095,0.010942,0.016788,0.103581,0.112844,0.164055,0.108532
mm_42f8381ec9799a,0.016938,0.000194,0.000111,0.000076,0.000016,0.000016,0.000002,0.000000,0.003458,0.004474,0.008507,0.019052,0.000535,0.005923,0.030247,0.029033,0.010128,0.009416,0.000503,0.017197,0.023625,0.020503,0.015139,0.035403
mm_3315095eb9672c,0.016938,0.000976,0.000773,0.002563,0.001719,0.001721,0.000088,0.411039,0.365846,0.249168,0.124250,0.111476,0.002385,0.058329,0.021619,0.059624,0.035413,0.016216,0.003558,0.000152,0.062186,0.074379,0.074643,0.038600
mm_d6c01056689973,0.016938,0.074286,0.136070,0.181106,0.399029,0.447609,0.061249,0.000018,0.000772,0.000765,0.001808,0.000147,0.000011,0.006792,0.004907,0.003015,0.004809,0.000390,0.000015,0.114810,0.126622,0.088647,0.044193,0.061098
mm_621f41acdbaea6,0.016938,0.000000,0.000010,0.000002,0.000075,0.000016,0.000000,0.000002,0.000018,0.000001,0.000003,0.000005,0.000000,0.000000,0.000001,0.000000,0.000003,0.000007,0.000000,0.000023,0.010649,0.005844,0.016888,0.029135
mm_a9e5df0b87275f,0.016938,0.000000,0.001277,0.005093,0.010339,0.008050,0.000055,0.033231,0.040319,0.074028,0.091916,0.142240,0.000053,0.000005,0.013610,0.022910,0.032575,0.010794,0.000247,0.039292,0.070814,0.072561,0.063270,0.087574
mm_25b5f09fd4514d,0.016938,0.000000,0.003422,0.007330,0.012920,0.004582,0.001747,0.000000,0.000080,0.000210,0.000077,0.000020,0.000024,0.031177,0.131401,0.113099,0.179497,0.062672,0.019623,0.032621,0.016342,0.016874,0.011115,0.008375
mm_8f405ddc9e4ba4,0.016938,0.171298,0.153898,0.107954,0.113029,0.040768,0.024787,0.354944,0.186996,0.140818,0.143470,0.053907,0.025756,0.000001,0.000575,0.000955,0.002780,0.000980,0.000495,0.028518,0.043427,0.015843,0.008345,0.019826
mm_503cf4294ac146,0.016938,0.405364,0.207937,0.141711,0.167454,0.078167,0.012554,0.006781,0.004911,0.006146,0.001598,0.001198,0.000049,0.543156,0.220905,0.216857,0.398401,0.172372,0.149569,0.000052,0.029409,0.060309,0.069786,0.039717
mm_90607d623ac19d,0.016938,0.000010,0.002075,0.001142,0.003785,0.001585,0.000066,0.000010,0.000459,0.000037,0.001657,0.007681,0.000912,0.000254,0.015132,0.007741,0.061950,0.055193,0.064384,0.013802,0.037626,0.018181,0.020853,0.020365
mm_6ac119f1bee84e,0.016938,0.000000,0.000004,0.000001,0.000003,0.000003,0.000000,0.010726,0.013292,0.011195,0.013987,0.027301,0.026717,0.040299,0.020669,0.022018,0.015724,0.005257,0.004571,0.016829,0.018368,0.012816,0.009017,0.012012
mm_3fc419b4d1d08e,0.016938,0.021820,0.010439,0.012748,0.006840,0.002681,0.000128,0.122612,0.229819,0.171607,0.073724,0.100723,0.000413,0.004502,0.002622,0.005240,0.004062,0.002559,0.000288,0.105349,0.119661,0.099328,0.126985,0.088376
mm_e28c4c9b5ff736,0.016938,0.000002,0.000003,0.000000,0.000001,0.000003,0.000000,0.000003,0.000002,0.000000,0.000001,0.000003,0.000000,0.000001,0.000002,0.000000,0.000001,0.000002,0.000000,0.000003,0.000748,0.000091,0.000492,0.001433
mm_576e38bfcc6d50,0.016938,0.000006,0.000007,0.000001,0.000003,0.000003,0.000000,0.000415,0.002058,0.000345,0.000888,0.003671,0.001256,0.000000,0.000004,0.000000,0.000001,0.000009,0.000001,0.000001,0.004672,0.000921,0.005305,0.031091
mm_88195c6cff7117,0.016938,0.005477,0.008761,0.009564,0.009634,0.002408,0.000220,0.000230,0.003407,0.006300,0.002575,0.004077,0.000004,0.047734,0.002781,0.002727,0.000220,0.000103,0.000019,0.054349,0.046199,0.027861,0.010420,0.008925
mm_fb92be6c59aeeb,0.016938,0.000001,0.000035,0.000047,0.000068,0.000010,0.000013,0.000000,0.000152,0.000019,0.000035,0.000559,0.000112,0.004581,0.041082,0.028169,0.118474,0.138750,0.026126,0.003245,0.039921,0.017909,0.037475,0.032624
mm_d5df4efb235c98,0.016938,0.000087,0.000383,0.000684,0.000614,0.002462,0.000126,0.018073,0.059536,0.042824,0.035731,0.011465,0.002249,0.001449,0.005914,0.005729,0.002081,0.001574,0.000119,0.000002,0.003147,0.001362,0.004493,0.004032
mm_883c371cb1ed3e,0.016938,0.000000,0.000899,0.001567,0.001688,0.000383,0.000001,0.136717,0.138400,0.117738,0.085379,0.133332,0.000122,0.037453,0.054221,0.063114,0.094412,0.174117,0.534906,0.084053,0.050235,0.039388,0.028981,0.015396
mm_97868161d47a34,0.016938,0.000000,0.000347,0.001110,0.001339,0.001357,0.000000,0.000000,0.007724,0.011430,0.007958,0.005992,0.000040,0.399683,0.393754,0.343931,0.376115,0.253193,0.001256,0.021234,0.031823,0.026670,0.018304,0.022154
mm_cd12f5806e6dce,0.016938,0.000049,0.000027,0.000005,0.000017,0.000014,0.000002,0.000897,0.000828,0.000169,0.000058,0.000250,0.000100,0.000005,0.000544,0.000274,0.000816,0.000851,0.000077,0.000023,0.018652,0.019133,0.028534,0.030070
mm_ddd8ddc834569b,0.016938,0.000008,0.013700,0.025013,0.023376,0.009595,0.000155,0.164078,0.226346,0.107130,0.008452,0.008269,0.000003,0.000017,0.000011,0.000006,0.000006,0.000003,0.000000,0.247406,0.129221,0.072270,0.056210,0.018189
mm_5426c5f264ea38,0.016938,0.000000,0.031550,0.130683,0.285420,0.404504,0.001754,0.049102,0.037465,0.031674,0.043816,0.178585,0.594417,0.015271,0.009153,0.007902,0.012114,0.003677,0.000064,0.000010,0.014768,0.022327,0.030484,0.030163
mm_53dbf97e617054,0.016938,0.000012,0.007292,0.011494,0.011589,0.002155,0.000002,0.000003,0.000150,0.000119,0.000015,0.000004,0.000000,0.000000,0.001684,0.001292,0.002464,0.001589,0.000004,0.000050,0.015591,0.012621,0.015825,0.020444
mm_02bba797bba87a,0.016938,0.000021,0.001068,0.016067,0.055431,0.271586,0.000366,0.629669,0.339752,0.202323,0.090227,0.046680,0.000078,0.069247,0.068279,0.074863,0.131985,0.122556,0.005983,0.016323,0.015136,0.009208,0.005133,0.005328
mm_ba04c029e982d4,0.016938,0.017261,0.025187,0.036822,0.012967,0.010012,0.000299,0.029357,0.033482,0.020153,0.014196,0.007461,0.000008,0.000000,0.000628,0.000599,0.000491,0.000824,0.000007,0.115862,0.177520,0.120642,0.053681,0.060092
mm_fd0840aafabb48,0.016938,0.017307,0.006764,0.002840,0.000426,0.000461,0.000020,0.000041,0.000065,0.000008,0.000007,0.000026,0.000000,0.000001,0.000006,0.000000,0.000001,0.000002,0.000000,0.000527,0.001247,0.000054,0.000459,0.001599
mm_817878869c4bf2,0.016938,0.058648,0.306462,0.442552,0.385817,0.717790,0.006581,0.049707,0.249522,0.287536,0.299816,0.513796,0.130928,0.012699,0.005027,0.003861,0.003833,0.001156,0.000002,0.000050,0.026697,0.021096,0.015949,0.014217
mm_261c9d193af754,0.016938,0.000002,0.006509,0.011157,0.004916,0.002543,0.000013,0.000000,0.000015,0.000018,0.000023,0.000016,0.000001,0.000002,0.001261,0.002125,0.001561,0.000414,0.000045,0.000067,0.013022,0.017390,0.014160,0.007463
mm_71d171dcf7e925,0.016938,0.000000,0.000007,0.000001,0.000004,0.000005,0.000001,0.000000,0.000004,0.000000,0.000001,0.000007,0.000000,0.000000,0.000541,0.000031,0.000279,0.002743,0.002539,0.000008,0.016318,0.002685,0.005716,0.027653
mm_8a98a4aa42fd38,0.016938,0.006502,0.003511,0.003668,0.009566,0.005436,0.000186,0.000000,0.000421,0.000473,0.000884,0.004315,0.000278,0.000000,0.000440,0.000099,0.002322,0.007101,0.016751,0.004421,0.007499,0.004139,0.005280,0.005872
mm_3c6458371ea89c,0.016938,0.015460,0.008653,0.017312,0.011443,0.006119,0.000014,0.296593,0.110373,0.125639,0.017668,0.016045,0.009597,0.000000,0.000002,0.000002,0.000003,0.000001,0.000000,0.089925,0.101800,0.097377,0.073460,0.098270
mm_2d0fc20d039abb,0.016938,0.000003,0.008711,0.007573,0.002288,0.000420,0.000088,0.483233,0.416224,0.315461,0.252622,0.110672,0.021820,0.293477,0.025778,0.021481,0.002152,0.000393,0.000261,0.037290,0.071050,0.131911,0.068237,0.042624
mm_5df1636b6ede56,0.016938,0.043391,0.114019,0.321827,0.236804,0.359344,0.000465,0.034216,0.086844,0.078635,0.067428,0.146095,0.000082,0.000002,0.021090,0.022290,0.037017,0.016491,0.000039,0.004407,0.014530,0.002098,0.002471,0.007743
mm_768534101a3310,0.016938,0.000000,0.002011,0.009131,0.021847,0.018789,0.000135,0.122418,0.258376,0.150126,0.055526,0.033409,0.000022,0.086490,0.151389,0.136253,0.113923,0.064151,0.000064,0.055605,0.098898,0.106475,0.103296,0.126427
mm_e16520d389da27,0.016938,0.062840,0.458397,0.459775,0.428271,0.320529,0.000479,0.037139,0.063021,0.032717,0.012392,0.009420,0.000012,0.022968,0.060586,0.083101,0.096041,0.227237,0.269997,0.122017,0.118518,0.099123,0.078700,0.073590
mm_571eac651434e5,0.016938,0.004594,0.012397,0.014275,0.017510,0.009373,0.000005,0.000059,0.109284,0.158942,0.188536,0.279241,0.002622,0.000492,0.000520,0.000830,0.002020,0.006000,0.000346,0.015896,0.017028,0.006597,0.011754,0.011782
mm_0cb90142da77c7,0.016938,0.000000,0.000054,0.000006,0.000086,0.000050,0.000001,0.000000,0.000004,0.000001,0.000002,0.000003,0.000000,0.001323,0.003696,0.000539,0.003547,0.006470,0.000011,0.000021,0.002624,0.000333,0.003410,0.002624
mm_d2719747630a7a,0.016938,0.000016,0.000712,0.000620,0.005431,0.001194,0.000005,0.000146,0.000159,0.000189,0.000032,0.000016,0.000000,0.000202,0.013506,0.006868,0.013787,0.000722,0.000001,0.060792,0.080800,0.048007,0.046251,0.075252
mm_d19b28a27f5949,0.016938,0.025943,0.069878,0.040936,0.022498,0.003406,0.000021,0.010143,0.009448,0.004855,0.001839,0.001493,0.000005,0.000000,0.006626,0.006005,0.021727,0.055974,0.000522,0.000007,0.047254,0.042756,0.044251,0.100427
mm_d42ff937b8eac7,0.016938,0.000005,0.000004,0.000000,0.000000,0.000000,0.000000,0.000009,0.000301,0.000045,0.000040,0.000111,0.000013,0.000000,0.000005,0.000000,0.000001,0.000005,0.000000,0.000152,0.001198,0.000039,0.000711,0.002247
mm_059ea7d4157eaa,0.016938,0.042877,0.048831,0.051081,0.101460,0.224495,0.911244,0.015875,0.007422,0.005495,0.002861,0.000577,0.000088,0.110482,0.052041,0.058713,0.024123,0.018246,0.012358,0.002601,0.043023,0.042434,0.041982,0.013125
mm_f68103d158fd79,0.016938,0.169500,0.189473,0.190988,0.137914,0.051588,0.001040,0.131004,0.217675,0.155656,0.093441,0.062908,0.000324,0.008679,0.003557,0.001986,0.000623,0.000474,0.000009,0.023559,0.029505,0.024769,0.031467,0.047485
mm_130bd80814d0bc,0.016938,0.014246,0.177365,0.133979,0.079461,0.020450,0.000016,0.000371,0.158776,0.136946,0.079655,0.019556,0.000006,0.273714,0.325108,0.272415,0.289504,0.057096,0.000821,0.068324,0.106914,0.093693,0.082289,0.091076
mm_2fcef782975467,0.016938,0.288681,0.292798,0.283193,0.312210,0.170474,0.026112,0.013286,0.018547,0.016907,0.023081,0.027623,0.046828,0.242349,0.156081,0.112515,0.122117,0.034918,0.003078,0.011869,0.009757,0.010070,0.004964,0.016366
mm_5590224e5bf279,0.016938,0.697669,0.338712,0.145543,0.039678,0.007653,0.000020,0.000921,0.003330,0.001991,0.000444,0.000585,0.000010,0.000001,0.000154,0.000143,0.000088,0.000046,0.000000,0.088328,0.088588,0.071128,0.042204,0.041626
mm_4e50cd45496121,0.016938,0.010979,0.045481,0.060684,0.099515,0.077463,0.009550,0.000002,0.081622,0.119181,0.177232,0.143000,0.011727,0.003733,0.045796,0.017376,0.121257,0.040048,0.004218,0.108416,0.066341,0.080190,0.042274,0.031920
mm_91a3b727ca5009,0.016938,0.012876,0.003459,0.002477,0.005379,0.000799,0.000058,0.059245,0.092939,0.063289,0.015427,0.014409,0.000064,0.000016,0.022297,0.035356,0.024520,0.022188,0.000073,0.127472,0.122108,0.103422,0.097678,0.080233
mm_8b9dffe6d34b64,0.016938,0.000789,0.000393,0.000254,0.000197,0.000161,0.000045,0.000150,0.002764,0.000598,0.000738,0.000734,0.000084,0.001080,0.007266,0.005029,0.012420,0.005499,0.000123,0.000162,0.001077,0.000052,0.000185,0.000578
mm_8f6e072c65cc7e,0.016938,0.003813,0.001670,0.003364,0.000314,0.000228,0.000000,0.016077,0.155492,0.134935,0.157568,0.086822,0.000311,0.016586,0.014838,0.009122,0.008727,0.004235,0.000074,0.007390,0.015924,0.003521,0.003637,0.005014
mm_d7ce4132d44a5c,0.016938,0.000681,0.003442,0.024612,0.079325,0.146179,0.000784,0.001558,0.002745,0.004171,0.001815,0.002366,0.000022,0.004556,0.244662,0.179196,0.099584,0.027618,0.000048,0.130853,0.065360,0.121796,0.063761,0.050586
mm_eeb6d4d59fee89,0.016938,0.001152,0.001979,0.000253,0.000881,0.003013,0.000691,0.000215,0.000290,0.000031,0.000139,0.000530,0.000098,0.007351,0.005515,0.002614,0.001568,0.003657,0.004773,0.000027,0.001663,0.000187,0.000815,0.004538
mm_4fe31f638af9fd,0.016938,0.264078,0.194990,0.120249,0.031918,0.039932,0.034760,0.074300,0.039218,0.021533,0.017059,0.014733,0.003604,0.463670,0.352381,0.321058,0.182640,0.055693,0.007417,0.024794,0.012258,0.021468,0.004618,0.002300
mm_ccbe86940edb8c,0.016938,0.068004,0.052334,0.025366,0.015570,0.003918,0.000465,0.014300,0.043603,0.042566,0.050860,0.036943,0.034067,0.079026,0.041513,0.071706,0.053295,0.023893,0.020809,0.021348,0.037803,0.023336,0.013255,0.035110
mm_dc87f9254e706a,0.016938,0.000036,0.000041,0.000002,0.000014,0.000015,0.000000,0.000000,0.000001,0.000000,0.000000,0.000000,0.000000,0.000000,0.000001,0.000000,0.000000,0.000000,0.000000,0.000062,0.001472,0.000113,0.001698,0.007868
mm_d7ea3ec4d17794,0.016938,0.000000,0.000018,0.000010,0.000035,0.000018,0.000006,0.000002,0.000021,0.000008,0.000001,0.000001,0.000000,0.000000,0.000076,0.000017,0.000082,0.000211,0.000053,0.000000,0.003217,0.000524,0.001595,0.004797
mm_63f82b6b2173d2,0.016938,0.009415,0.011018,0.010959,0.006171,0.004253,0.000245,0.024461,0.056223,0.049816,0.028373,0.059419,0.003412,0.080035,0.043533,0.047597,0.004278,0.015895,0.004219,0.004417,0.009131,0.001717,0.004176,0.013799
mm_4af3240f00d2a6,0.016938,0.000151,0.000232,0.000072,0.000117,0.000075,0.000009,0.000000,0.000011,0.000000,0.000001,0.000006,0.000001,0.000000,0.000001,0.000000,0.000004,0.000009,0.000000,0.001135,0.003726,0.000917,0.001753,0.002856
mm_a846a8807048e4,0.016938,0.101549,0.107982,0.128028,0.240184,0.316165,0.654774,0.001458,0.000557,0.001501,0.000164,0.000084,0.000005,0.004442,0.002062,0.000726,0.001637,0.009739,0.009813,0.000005,0.008926,0.013297,0.028051,0.009777
mm_62093a02533276,0.016938,0.033520,0.058528,0.073369,0.116332,0.157882,0.417938,0.000001,0.001153,0.001333,0.000844,0.000506,0.000006,0.000004,0.000011,0.000000,0.000002,0.000009,0.000000,0.004374,0.004132,0.000629,0.001414,0.001877
mm_43e8c799861a91,0.016938,0.000586,0.000296,0.000040,0.000016,0.000023,0.000013,0.000000,0.000003,0.000000,0.000002,0.000002,0.000000,0.000000,0.000178,0.000001,0.000068,0.015241,0.004986,0.000000,0.001678,0.000087,0.000722,0.003945
mm_92f9de27982425,0.016938,0.000003,0.051549,0.263686,0.369113,0.271391,0.000193,0.000117,0.000823,0.001142,0.001009,0.002863,0.000002,0.140922,0.245346,0.285652,0.309531,0.445028,0.048281,0.000368,0.018380,0.019722,0.016932,0.014435
mm_e9012d88ca3954,0.016938,0.000021,0.013442,0.021147,0.027729,0.007911,0.054402,0.006580,0.006494,0.004594,0.002031,0.000548,0.000126,0.000000,0.000507,0.000214,0.000234,0.000451,0.000026,0.002821,0.009714,0.002165,0.014103,0.025341
mm_13db9d709bdb32,0.016938,0.049535,0.046800,0.041943,0.084551,0.047145,0.024788,0.749664,0.281017,0.113435,0.043859,0.009664,0.000362,0.080776,0.023138,0.014400,0.006600,0.000590,0.000013,0.113202,0.103485,0.086873,0.074964,0.109116
mm_4ac74d939e940b,0.016938,0.000000,0.000005,0.000001,0.000007,0.000005,0.000000,0.000153,0.000471,0.000403,0.000169,0.000020,0.000001,0.000693,0.001037,0.000116,0.000148,0.000539,0.000147,0.000001,0.000814,0.000064,0.000537,0.001165
mm_5bfa0b9f2e596b,0.016938,0.004506,0.009291,0.008006,0.004075,0.004446,0.000423,0.202748,0.121773,0.083062,0.073711,0.058740,0.005234,0.085673,0.014996,0.010424,0.004312,0.001149,0.001306,0.000052,0.012287,0.016639,0.025535,0.006999
mm_bbb260b9d2b72e,0.016938,0.000014,0.014601,0.031436,0.060971,0.017271,0.001330,0.000015,0.000170,0.000170,0.000070,0.000018,0.000002,0.001077,0.005144,0.000969,0.005393,0.006151,0.008006,0.005773,0.035462,0.006317,0.015005,0.027192
mm_2f9cb4d97c0105,0.016938,0.000007,0.000009,0.000000,0.000004,0.000007,0.000001,0.000000,0.000370,0.000067,0.000304,0.001658,0.001153,0.000193,0.000310,0.000011,0.000362,0.001251,0.000021,0.000002,0.001116,0.000121,0.000813,0.003340
mm_505bdfcedc0038,0.016938,0.000000,0.005117,0.020009,0.037791,0.019116,0.000319,0.000001,0.034876,0.062009,0.062555,0.090352,0.019305,0.000000,0.000805,0.001237,0.001348,0.000494,0.000013,0.034222,0.043807,0.040672,0.041954,0.042473
mm_069eb79b12adab,0.016938,0.048490,0.080586,0.110079,0.260547,0.455768,0.393481,0.000009,0.045905,0.080991,0.101740,0.297601,0.745244,0.000040,0.107447,0.085933,0.042009,0.010062,0.000046,0.055549,0.099437,0.081418,0.058985,0.075128
mm_0cfa0f50377dd0,0.016938,0.000038,0.000374,0.004480,0.016122,0.154567,0.964544,0.088807,0.183096,0.179462,0.154716,0.266186,0.008482,0.000000,0.000268,0.000253,0.001750,0.001307,0.000593,0.014997,0.014574,0.007110,0.008480,0.008665
mm_fffdd754f26d8d,0.016938,0.000756,0.001204,0.001806,0.000522,0.000236,0.000020,0.005439,0.004299,0.002768,0.002465,0.003312,0.000111,0.000017,0.000022,0.000001,0.000002,0.000003,0.000000,0.003369,0.002978,0.000309,0.001303,0.001730
mm_b401efbedf0705,0.016938,0.000000,0.000175,0.000286,0.002780,0.002140,0.001652,0.006571,0.053854,0.083251,0.073218,0.104845,0.266170,0.000001,0.000114,0.000063,0.000085,0.000066,0.000086,0.000002,0.004748,0.002901,0.013172,0.024718
mm_07be6dfd306ada,0.016938,0.000056,0.013167,0.031528,0.038439,0.094569,0.000160,0.000002,0.000501,0.000757,0.000227,0.000103,0.000000,0.006559,0.006344,0.002870,0.000419,0.000156,0.000000,0.166438,0.211757,0.185183,0.134387,0.159786
mm_e8ba0718f9e214,0.016938,0.066048,0.019032,0.012810,0.004176,0.000652,0.000000,0.000102,0.043395,0.032686,0.023370,0.036156,0.000041,0.000046,0.055081,0.047196,0.080924,0.270634,0.471337,0.000230,0.025508,0.037181,0.038310,0.038059
mm_d1d7c2c86d88ea,0.016938,0.000072,0.000366,0.000559,0.000564,0.000147,0.000213,0.000054,0.000041,0.000004,0.000009,0.000014,0.000003,0.075454,0.099054,0.156956,0.145261,0.267771,0.077910,0.000188,0.021372,0.042536,0.020754,0.010015
mm_44225314f8c5b4,0.016938,0.000298,0.001989,0.002731,0.002472,0.000450,0.000059,0.000194,0.002603,0.002548,0.000262,0.000511,0.000029,0.167153,0.176679,0.170674,0.283758,0.241474,0.005261,0.000043,0.019555,0.018818,0.053113,0.025303
mm_f5a604d0dc90da,0.016938,0.000000,0.000107,0.000155,0.000186,0.000051,0.000021,0.000000,0.001191,0.004526,0.002270,0.001276,0.000208,0.000000,0.002094,0.001105,0.016331,0.024415,0.000383,0.053036,0.055742,0.037260,0.016652,0.042828
mm_cdda52cd322d02,0.016938,0.445668,0.109316,0.059640,0.022323,0.011013,0.003217,0.000000,0.001485,0.003196,0.004811,0.002821,0.000385,0.000000,0.000502,0.000049,0.007819,0.047639,0.006348,0.001963,0.003872,0.001874,0.002839,0.006171
mm_b2f95e4c8d4d6f,0.016938,0.029113,0.021864,0.032512,0.013447,0.007421,0.000141,0.233487,0.129436,0.055020,0.029845,0.007569,0.000028,0.000001,0.000538,0.000297,0.001006,0.000962,0.000039,0.000003,0.007670,0.002058,0.009893,0.033972
mm_0cfa1e2165a445,0.016938,0.000041,0.000561,0.000057,0.000237,0.000383,0.000030,0.000011,0.000018,0.000001,0.000002,0.000005,0.000000,0.000076,0.002289,0.000411,0.005533,0.026699,0.009551,0.000078,0.000954,0.000074,0.000216,0.000641
mm_b947411cd13d92,0.016938,0.110241,0.156092,0.201711,0.060925,0.192203,0.001681,0.045726,0.055532,0.057785,0.171466,0.435578,0.711815,0.000002,0.016698,0.029996,0.092057,0.022366,0.000181,0.038760,0.034786,0.020943,0.045204,0.067273
mm_bdff4072c9cfe7,0.016938,0.040430,0.039726,0.088347,0.035308,0.014706,0.000015,0.001705,0.029563,0.061859,0.057091,0.036795,0.001659,0.008587,0.006279,0.008129,0.025540,0.038964,0.009776,0.021439,0.014265,0.010735,0.014797,0.026238
mm_2506d86cbfd580,0.016938,0.022450,0.031240,0.023040,0.005241,0.001971,0.000008,0.000005,0.029058,0.047082,0.030505,0.016971,0.000207,0.139261,0.143952,0.137349,0.058943,0.029841,0.006758,0.085599,0.060341,0.060659,0.045790,0.041144
mm_08cbba11809e36,0.016938,0.000164,0.000896,0.001968,0.001626,0.000616,0.000024,0.292130,0.396356,0.263949,0.067557,0.049695,0.002375,0.000000,0.001553,0.001504,0.001299,0.001300,0.000013,0.046933,0.073550,0.067548,0.066021,0.085442
mm_b7ccbc86f5139a,0.016938,0.000217,0.000172,0.000032,0.000119,0.000234,0.000127,0.000000,0.000006,0.000001,0.000002,0.000015,0.000007,0.000000,0.000009,0.000000,0.000003,0.000155,0.000167,0.007370,0.005616,0.002448,0.002270,0.015717
mm_1e99ae00691c3d,0.016938,0.000477,0.008604,0.008592,0.020275,0.010206,0.002664,0.000059,0.003448,0.004014,0.000946,0.001084,0.000021,0.005234,0.004687,0.009911,0.014930,0.006402,0.000014,0.368079,0.240779,0.164436,0.092393,0.106821
mm_bbe6dad2cb4eff,0.016938,0.000000,0.000104,0.000020,0.000181,0.000113,0.000004,0.000000,0.000017,0.000002,0.000018,0.000033,0.000001,0.000066,0.000034,0.000003,0.000007,0.000007,0.000000,0.000002,0.000969,0.000155,0.001261,0.001124
mm_64f14457ac6fb1,0.016938,0.005722,0.001729,0.001303,0.000559,0.000440,0.000046,0.003419,0.001922,0.002535,0.001715,0.000911,0.000335,0.021708,0.019034,0.022338,0.005244,0.002616,0.000302,0.246369,0.143136,0.141403,0.025864,0.022956
mm_f2e1e7a9e00368,0.016938,0.012898,0.078424,0.117157,0.200273,0.317346,0.413242,0.153330,0.057471,0.033171,0.004330,0.006994,0.000031,0.000001,0.006069,0.008154,0.013208,0.005505,0.000155,0.259961,0.223603,0.178146,0.127860,0.120009
mm_8b9dfb61dca51e,0.016938,0.204119,0.304436,0.239917,0.239156,0.119940,0.020824,0.000023,0.105830,0.153083,0.156019,0.077656,0.006558,0.000091,0.000433,0.001269,0.000531,0.000573,0.000147,0.000001,0.006463,0.004562,0.020114,0.060072
mm_e7be3256c05548,0.016938,0.009016,0.010463,0.015099,0.042635,0.208429,0.537479,0.094956,0.122988,0.152471,0.030253,0.038139,0.000024,0.000000,0.028040,0.071777,0.140780,0.148979,0.603892,0.000004,0.021451,0.011854,0.030395,0.141129
mm_b6253f42873abb,0.016938,0.008934,0.106037,0.148891,0.321944,0.336847,0.114967,0.002030,0.016118,0.015183,0.011710,0.023877,0.001411,0.004988,0.003468,0.002016,0.010532,0.005033,0.000027,0.059000,0.058415,0.041005,0.029505,0.020979
mm_ef2a6912e69a79,0.016938,0.000009,0.023561,0.057501,0.067280,0.058517,0.000367,0.439159,0.170286,0.133653,0.073124,0.016138,0.003843,0.000002,0.020335,0.060937,0.093051,0.113734,0.103658,0.084382,0.066829,0.093546,0.091192,0.088729
mm_64a10e4f0bbbc3,0.016938,0.048105,0.043204,0.046760,0.125188,0.291090,0.679883,0.001171,0.005587,0.007967,0.008175,0.012492,0.000034,0.000003,0.025002,0.048124,0.084184,0.051633,0.006734,0.152531,0.220643,0.199375,0.135331,0.150617
mm_c831aaa1f0c90b,0.016938,0.013828,0.054287,0.073796,0.083506,0.281358,0.343784,0.014405,0.008995,0.006268,0.004705,0.003703,0.000054,0.005612,0.019542,0.044680,0.012681,0.018887,0.001102,0.153812,0.097103,0.074460,0.075699,0.065473
mm_f49b0c5fc3043f,0.016938,0.000000,0.000637,0.001277,0.001020,0.000359,0.000003,0.000000,0.001381,0.002699,0.001491,0.000376,0.000000,0.000000,0.000843,0.000741,0.002111,0.000506,0.000001,0.000013,0.014175,0.007087,0.024847,0.023737
mm_d90826db595f10,0.016938,0.100561,0.141168,0.119686,0.103463,0.054937,0.000274,0.000096,0.057842,0.122079,0.120832,0.176055,0.002623,0.441288,0.133550,0.085915,0.020662,0.005394,0.000253,0.071954,0.058272,0.045688,0.011094,0.010643
mm_e65a423fb0deac,0.016938,0.012813,0.007723,0.011939,0.008255,0.016087,0.015388,0.000441,0.002579,0.004254,0.000434,0.000948,0.000596,0.001414,0.001182,0.000212,0.000259,0.004056,0.000644,0.043232,0.023327,0.018750,0.008699,0.014544
mm_166b36a8de9e22,0.016938,0.000041,0.000008,0.000004,0.000002,0.000001,0.000000,0.000001,0.000020,0.000001,0.000001,0.000003,0.000001,0.000000,0.000169,0.000056,0.000244,0.000357,0.000030,0.000001,0.003958,0.000393,0.001223,0.004245
mm_43f60dd77b1240,0.016938,0.000000,0.000001,0.000000,0.000001,0.000002,0.000001,0.000029,0.000091,0.000008,0.000014,0.000050,0.000007,0.000028,0.000069,0.000001,0.000007,0.000089,0.000009,0.000003,0.001984,0.000220,0.001119,0.004235
mm_9f19b96eb2a2b8,0.016938,0.004762,0.004186,0.001279,0.003256,0.010878,0.006799,0.000000,0.000029,0.000003,0.000011,0.000114,0.000009,0.000085,0.000228,0.000011,0.000180,0.000890,0.000096,0.000004,0.000796,0.000066,0.000363,0.000804
mm_c934e495bfa489,0.016938,0.000408,0.000214,0.000085,0.000370,0.000793,0.000168,0.000020,0.000021,0.000001,0.000007,0.000033,0.000022,0.000084,0.000046,0.000003,0.000014,0.000089,0.000014,0.002333,0.001524,0.000288,0.000995,0.002294
mm_d1d12a8a4b657e,0.016938,0.000262,0.124725,0.166772,0.132490,0.064490,0.002822,0.000001,0.003644,0.007634,0.003441,0.001171,0.000001,0.000000,0.026907,0.016963,0.067746,0.088840,0.000629,0.111081,0.171209,0.152816,0.155221,0.128908
mm_ea37a4dd55d877,0.016938,0.000207,0.164244,0.266727,0.282462,0.120759,0.000527,0.135968,0.175291,0.165395,0.211171,0.272826,0.539259,0.000005,0.003607,0.008028,0.009547,0.000642,0.000442,0.043795,0.051022,0.023036,0.062173,0.047282
mm_69eb4a3b1aafea,0.016938,0.000032,0.000057,0.000003,0.000010,0.000024,0.000001,0.000000,0.000000,0.000000,0.000000,0.000001,0.000000,0.001223,0.001702,0.000627,0.001582,0.003691,0.003432,0.003833,0.003133,0.000710,0.000855,0.001084
mm_2ac0dcc730a65b,0.016938,0.000053,0.005800,0.011817,0.021886,0.192118,0.834342,0.057877,0.040967,0.024869,0.016003,0.008610,0.000035,0.007494,0.002922,0.005208,0.000907,0.000889,0.000021,0.272731,0.167793,0.108968,0.091415,0.048778
mm_d527df12a4f4df,0.016938,0.000000,0.000015,0.000001,0.000007,0.000009,0.000000,0.000002,0.000014,0.000001,0.000007,0.000024,0.000003,0.000008,0.000020,0.000001,0.000005,0.000045,0.000020,0.000504,0.000649,0.000097,0.000342,0.000546
mm_80b8d5caeb9b5b,0.016938,0.000004,0.028972,0.040123,0.024801,0.013263,0.013168,0.000014,0.017962,0.014767,0.010022,0.003067,0.001016,0.181109,0.196826,0.209296,0.234642,0.213209,0.026775,0.089584,0.048951,0.071969,0.022479,0.014498
mm_9be23ef289d13a,0.016938,0.049936,0.102335,0.088799,0.083184,0.065245,0.002371,0.000019,0.008723,0.025700,0.006649,0.008942,0.004930,0.884361,0.272035,0.100708,0.046847,0.003797,0.000614,0.073332,0.047200,0.068893,0.029558,0.014060
mm_4aa3e488a97854,0.016938,0.000007,0.013491,0.036204,0.025354,0.004686,0.000092,0.005915,0.002471,0.004080,0.000724,0.000343,0.000002,0.000002,0.000035,0.000011,0.000154,0.000161,0.000051,0.005770,0.005285,0.000989,0.001161,0.002689
mm_bcbbbc13835f13,0.016938,0.218689,0.169652,0.148921,0.194121,0.118734,0.049326,0.000803,0.162698,0.247085,0.284195,0.281564,0.359892,0.000753,0.003787,0.005804,0.006849,0.012188,0.008388,0.000167,0.024564,0.037023,0.037118,0.044564
mm_bd9dfc0bbdd17a,0.016938,0.000137,0.000214,0.000012,0.000221,0.000807,0.000109,0.000002,0.000606,0.000298,0.001469,0.004420,0.000138,0.001828,0.003934,0.000366,0.000336,0.001875,0.000327,0.012490,0.004120,0.000712,0.000844,0.003156
mm_4d511aa8797c82,0.016938,0.000266,0.015372,0.023080,0.030967,0.203601,0.708091,0.038604,0.015915,0.007991,0.006541,0.003813,0.000030,0.000422,0.005378,0.007836,0.012663,0.005281,0.000032,0.120532,0.117435,0.088333,0.053691,0.050656
mm_ec18b553784912,0.016938,0.000001,0.009692,0.025363,0.045696,0.012541,0.000012,0.082047,0.083457,0.063427,0.062746,0.011022,0.002764,0.020194,0.030890,0.035283,0.008683,0.009325,0.000945,0.092414,0.075734,0.083526,0.098914,0.072131
mm_00a0efe6578875,0.016938,0.001292,0.002310,0.005257,0.003656,0.002727,0.000050,0.000547,0.000554,0.000905,0.000314,0.000341,0.000004,0.000000,0.001014,0.001313,0.001146,0.000320,0.000001,0.004155,0.008911,0.001952,0.003765,0.011007
mm_bd9c0e2ccd7ee9,0.016938,0.000000,0.000004,0.000000,0.000001,0.000002,0.000000,0.000000,0.000000,0.000000,0.000000,0.000000,0.000000,0.000000,0.000001,0.000000,0.000000,0.000003,0.000000,0.000002,0.000416,0.000037,0.000370,0.001081
mm_5d54b042607283,0.016938,0.014968,0.041487,0.048078,0.112355,0.110187,0.000591,0.000699,0.005313,0.010625,0.011134,0.027105,0.000011,0.000507,0.025475,0.034711,0.060467,0.020880,0.000074,0.000128,0.059842,0.084371,0.102057,0.061930
mm_421ac6e096ad4a,0.016938,0.000001,0.033884,0.080911,0.079088,0.021960,0.000825,0.063256,0.129793,0.102912,0.105091,0.069325,0.006968,0.000006,0.000637,0.000367,0.001550,0.001983,0.002006,0.000016,0.017594,0.012058,0.032258,0.071460
mm_71b06bfda3d888,0.016938,0.096602,0.075799,0.063881,0.110157,0.053421,0.000108,0.004847,0.085698,0.092940,0.105960,0.217121,0.109930,0.002173,0.000809,0.001025,0.000207,0.000115,0.000000,0.061249,0.029045,0.017856,0.014439,0.006686
mm_bb00b20f8856a3,0.016938,0.000001,0.009764,0.040804,0.090681,0.056700,0.058950,0.000005,0.034124,0.035375,0.033549,0.086301,0.054563,0.000000,0.000007,0.000016,0.000014,0.000032,0.000045,0.000530,0.004546,0.004120,0.004002,0.009473
mm_d889d69fabd182,0.016938,0.000000,0.000502,0.000996,0.008013,0.005117,0.009552,0.000001,0.010979,0.007548,0.036255,0.006562,0.000071,0.000002,0.001223,0.001053,0.000807,0.002843,0.000050,0.000668,0.002760,0.000872,0.002222,0.010475
mm_7f7da12ee4accc,0.016938,0.085122,0.094162,0.100441,0.149457,0.112738,0.001902,0.000000,0.000253,0.000475,0.000398,0.000080,0.000000,0.127726,0.225042,0.237403,0.239806,0.222188,0.001880,0.000035,0.018888,0.038426,0.039831,0.014449
mm_8214950da03072,0.016938,0.000019,0.000022,0.000003,0.000011,0.000032,0.000011,0.000001,0.000011,0.000001,0.000002,0.000007,0.000006,0.000000,0.000043,0.000003,0.000059,0.000255,0.000063,0.000000,0.001639,0.000365,0.003699,0.015529
mm_8a58c40a2b1f7a,0.016938,0.000088,0.001953,0.005402,0.002097,0.001150,0.000102,0.010342,0.009795,0.008404,0.001404,0.002279,0.000005,0.029297,0.024327,0.028792,0.042775,0.090790,0.105330,0.085738,0.069840,0.053830,0.021735,0.022278
mm_cfaf2e7c31518c,0.016938,0.094786,0.070800,0.059284,0.097990,0.071813,0.004135,0.022150,0.028793,0.023635,0.028890,0.071872,0.727024,0.371688,0.230851,0.176186,0.053622,0.061349,0.078507,0.000252,0.030015,0.068585,0.061433,0.032216
mm_4bf7f3ffd60e49,0.016938,0.325078,0.292206,0.222796,0.181135,0.069144,0.001844,0.008695,0.002875,0.003371,0.000816,0.000306,0.000013,0.093102,0.047503,0.057158,0.087614,0.056731,0.354291,0.089253,0.080880,0.111364,0.046948,0.038141
mm_51ee69c2144d42,0.016938,0.081883,0.093642,0.097117,0.051438,0.029495,0.001060,0.000000,0.000172,0.000532,0.000229,0.000542,0.000001,0.838956,0.477572,0.319808,0.266108,0.052973,0.001280,0.007606,0.015592,0.005296,0.004939,0.004598
mm_9f9e3393b1aeaa,0.016938,0.002391,0.003829,0.007052,0.011730,0.003709,0.000008,0.000651,0.037064,0.034016,0.033279,0.171766,0.958043,0.442100,0.289512,0.186484,0.111618,0.033536,0.000420,0.031718,0.041793,0.030863,0.023828,0.024928
mm_ff429feccc6934,0.016938,0.027384,0.049418,0.064015,0.011779,0.008876,0.000019,0.000034,0.004726,0.004001,0.000666,0.000029,0.000000,0.159246,0.084256,0.047372,0.008178,0.011493,0.000150,0.080255,0.078744,0.068109,0.055665,0.032337
mm_e01793b8b77279,0.016938,0.000002,0.007352,0.006312,0.010401,0.002222,0.000005,0.000000,0.000811,0.001507,0.000591,0.000841,0.000013,0.000000,0.000028,0.000001,0.000015,0.000020,0.000000,0.008021,0.008553,0.002588,0.006885,0.015626
mm_58d972bbab775f,0.016938,0.000001,0.001067,0.001903,0.003023,0.000431,0.000083,0.000655,0.001905,0.000434,0.000389,0.001806,0.000107,0.012300,0.010980,0.003640,0.002419,0.006651,0.000418,0.116305,0.074761,0.066072,0.048575,0.026372
mm_f511d2121b4bb0,0.016938,0.010345,0.060991,0.106818,0.213871,0.232045,0.952019,0.000102,0.012646,0.015337,0.004693,0.000971,0.000003,0.171700,0.065375,0.038175,0.009800,0.003098,0.000005,0.001127,0.064371,0.151999,0.102176,0.042824
mm_a57142b23923b7,0.016938,0.000014,0.152407,0.240734,0.358574,0.136745,0.014484,0.246160,0.457474,0.304839,0.155692,0.076268,0.001449,0.000003,0.000372,0.000328,0.004438,0.005098,0.001070,0.349835,0.096323,0.129768,0.023598,0.017764
mm_4c346ad5f2a4ab,0.016938,0.046541,0.084703,0.088838,0.160570,0.148326,0.000183,0.004988,0.017724,0.014121,0.004647,0.003724,0.000007,0.025904,0.095841,0.113276,0.152492,0.041854,0.000270,0.151593,0.181497,0.153358,0.127730,0.130077
mm_6d766a2bd2af87,0.016938,0.000000,0.000159,0.000240,0.000380,0.000239,0.000000,0.000000,0.000276,0.000322,0.000163,0.000060,0.000000,0.236434,0.239886,0.185669,0.242716,0.056162,0.000367,0.045827,0.033134,0.018308,0.011010,0.008212
mm_407ceb6b25f5f3,0.016938,0.049984,0.069969,0.081905,0.147529,0.236184,0.898379,0.255712,0.261257,0.178151,0.156063,0.081580,0.018226,0.000001,0.018615,0.054973,0.145482,0.101618,0.072531,0.026767,0.032217,0.076057,0.026991,0.021811
mm_34a94d9cab5882,0.016938,0.027571,0.057213,0.066651,0.157855,0.314509,0.793704,0.006556,0.008876,0.008180,0.003394,0.002833,0.000012,0.000461,0.001125,0.002340,0.004310,0.016427,0.002185,0.000043,0.032930,0.027447,0.025073,0.023973
mm_e5a35044455e9b,0.016938,0.000000,0.005322,0.008464,0.026985,0.180911,0.909239,0.000007,0.010540,0.013992,0.008654,0.002134,0.000008,0.000017,0.003522,0.005510,0.006578,0.006091,0.000055,0.059827,0.107010,0.075878,0.031515,0.067278
mm_6a5199c0d66cfb,0.016938,0.002530,0.028667,0.054226,0.130083,0.321222,0.064302,0.008699,0.033672,0.073653,0.046906,0.063216,0.000062,0.036421,0.025457,0.023987,0.030124,0.016115,0.000660,0.000001,0.002088,0.001110,0.004077,0.017482
mm_58d253de8af6dc,0.016938,0.000027,0.000173,0.000362,0.002254,0.007601,0.000735,0.140577,0.194023,0.155922,0.161459,0.331874,0.527655,0.020001,0.056647,0.047865,0.037073,0.025766,0.005744,0.000022,0.030328,0.052049,0.057629,0.059647
mm_76e355df7e7640,0.016938,0.000000,0.007207,0.034776,0.063225,0.151329,0.235349,0.798308,0.435746,0.181980,0.104306,0.008619,0.000511,0.000166,0.015058,0.018899,0.020311,0.032873,0.022304,0.000048,0.025422,0.023550,0.028509,0.060697
mm_751f4725214a78,0.016938,0.001901,0.000337,0.000761,0.000119,0.000061,0.000010,0.000027,0.017526,0.011094,0.008241,0.000430,0.000012,0.016283,0.024707,0.015142,0.012520,0.012159,0.000039,0.001658,0.005357,0.000948,0.002970,0.011052
mm_7e69eebc3b9e52,0.016938,0.317558,0.188629,0.087749,0.049415,0.012386,0.001966,0.789427,0.288529,0.119249,0.094073,0.008018,0.002207,0.028511,0.027370,0.027804,0.025500,0.011398,0.003529,0.075589,0.049278,0.075795,0.014694,0.013212
mm_f49f3d71fe7e30,0.016938,0.057908,0.072520,0.070934,0.098161,0.085498,0.024134,0.276467,0.161381,0.102972,0.090256,0.028829,0.015507,0.000034,0.047620,0.065899,0.075975,0.029257,0.005893,0.093670,0.087093,0.091647,0.045180,0.081219
mm_5c10bb4d2c1eb8,0.016938,0.000941,0.035670,0.100662,0.236830,0.450405,0.003789,0.000603,0.022588,0.026454,0.035478,0.189251,0.813556,0.038468,0.029654,0.010245,0.002200,0.000264,0.000000,0.027694,0.054590,0.047028,0.035944,0.039090
mm_1bc67def9258bb,0.016938,0.000000,0.000024,0.000002,0.000061,0.000145,0.000177,0.004891,0.014282,0.017063,0.004521,0.006367,0.005325,0.000004,0.000330,0.000036,0.000223,0.001178,0.000587,0.008076,0.009337,0.009190,0.002587,0.002775
mm_2b658377a9b11c,0.016938,0.049846,0.054021,0.024180,0.016001,0.005201,0.000049,0.138159,0.095079,0.042646,0.022997,0.004489,0.001150,0.052597,0.089580,0.084003,0.086472,0.060771,0.022860,0.093873,0.090726,0.112244,0.073382,0.092882
mm_f1dbd0fb8fbe65,0.016938,0.366776,0.169099,0.121873,0.181552,0.060739,0.000369,0.006904,0.032934,0.032781,0.012859,0.033888,0.001207,0.065062,0.088702,0.089154,0.112221,0.312599,0.469371,0.000299,0.037802,0.042933,0.054349,0.026392
mm_39312887307167,0.016938,0.000100,0.000077,0.000010,0.000014,0.000011,0.000000,0.000012,0.000864,0.000482,0.000385,0.001382,0.000050,0.000017,0.000116,0.000005,0.000059,0.000191,0.000002,0.004766,0.007736,0.003585,0.009502,0.005336
mm_0f59695f874457,0.016938,0.003682,0.045785,0.054125,0.068010,0.073605,0.015811,0.036581,0.028994,0.036277,0.017510,0.002313,0.000768,0.004030,0.083778,0.122176,0.126804,0.128998,0.129522,0.000001,0.008729,0.010092,0.031096,0.028810
mm_ddbb31d5d01dea,0.016938,0.000000,0.000002,0.000000,0.000003,0.000002,0.000000,0.002801,0.016607,0.002543,0.004473,0.007553,0.000064,0.000000,0.000313,0.000311,0.001169,0.001281,0.000333,0.000000,0.016876,0.007426,0.011393,0.064155
mm_cc7916d6111b3a,0.016938,0.000014,0.015493,0.033825,0.023579,0.005955,0.000197,0.427127,0.175942,0.061262,0.031527,0.011106,0.000233,0.000000,0.001052,0.005279,0.006448,0.008464,0.001433,0.018080,0.042459,0.016448,0.046647,0.079824
mm_8a4551dd78efe1,0.016938,0.007821,0.193247,0.312430,0.326616,0.190083,0.015779,0.000692,0.013507,0.018380,0.016541,0.031652,0.000022,0.000077,0.057463,0.032855,0.132253,0.013417,0.000180,0.096641,0.077374,0.069116,0.090782,0.089794
mm_222d3ec233e98a,0.016938,0.000000,0.000078,0.000132,0.000188,0.000074,0.000027,0.000000,0.000132,0.000186,0.000021,0.000021,0.000009,0.000000,0.000080,0.000083,0.000186,0.000134,0.000016,0.000000,0.002427,0.000476,0.004374,0.005879
mm_bb5cbb1aa401ec,0.016938,0.001727,0.002640,0.001507,0.001640,0.000569,0.000035,0.000000,0.000023,0.000001,0.000015,0.000196,0.000000,0.000009,0.000184,0.000045,0.000455,0.000556,0.000107,0.000103,0.002450,0.000757,0.002963,0.006050
mm_89421becee74fe,0.016938,0.000002,0.000942,0.001582,0.000397,0.000065,0.000000,0.001949,0.005486,0.005482,0.001403,0.000887,0.000007,0.000000,0.001129,0.001233,0.001291,0.000106,0.000001,0.114733,0.086368,0.040887,0.040934,0.025170
mm_84deb11b21ec29,0.016938,0.076040,0.051021,0.048078,0.126898,0.171757,0.222693,0.000982,0.001641,0.003288,0.000187,0.000173,0.000002,0.000048,0.020780,0.027668,0.028612,0.022905,0.000652,0.083254,0.124904,0.100226,0.046802,0.098960
mm_ea090fa0be1783,0.016938,0.000000,0.003287,0.005361,0.037621,0.046996,0.057430,0.000014,0.000079,0.000072,0.000551,0.000530,0.000001,0.012304,0.027105,0.025275,0.024790,0.009837,0.000377,0.068196,0.072808,0.070680,0.070551,0.072447
mm_be8c6ce7a31080,0.016938,0.046764,0.066740,0.057161,0.019406,0.013596,0.004102,0.019608,0.048744,0.038125,0.041672,0.021110,0.002848,0.000443,0.003425,0.001667,0.004501,0.000620,0.000241,0.009928,0.007704,0.007611,0.006681,0.008330
mm_5789654212d93c,0.016938,0.062632,0.076514,0.062212,0.043389,0.029709,0.002021,0.000000,0.000226,0.000226,0.000105,0.000150,0.000004,0.075124,0.128945,0.140675,0.345638,0.353585,0.038654,0.063029,0.082177,0.065394,0.048740,0.041587
mm_ea756fb0869994,0.016938,0.000054,0.000201,0.000557,0.001484,0.001218,0.000032,0.284181,0.184983,0.105240,0.036375,0.022721,0.000015,0.002138,0.001291,0.000815,0.000484,0.000175,0.000001,0.048105,0.065647,0.060737,0.064168,0.070096
mm_4bbde1a5cc0113,0.016938,0.000000,0.000026,0.000007,0.000059,0.000056,0.000003,0.000022,0.000290,0.000020,0.000107,0.001790,0.000034,0.000000,0.000004,0.000000,0.000019,0.000021,0.000000,0.000000,0.004164,0.001018,0.007163,0.019882
mm_35fba9e65c04a7,0.016938,0.000010,0.015683,0.034794,0.041870,0.033078,0.000098,0.000000,0.005473,0.005562,0.002291,0.001342,0.000001,0.355751,0.157586,0.107358,0.050834,0.022630,0.000792,0.158853,0.113714,0.088407,0.055494,0.047336
mm_4ed1d2dd38e9e0,0.016938,0.000577,0.082428,0.214328,0.085568,0.119351,0.000014,0.000461,0.046504,0.046252,0.013901,0.017103,0.000043,0.227636,0.125330,0.102421,0.068999,0.029245,0.001107,0.013840,0.028208,0.018271,0.008484,0.011941
mm_fb4e2b1870d45f,0.016938,0.002118,0.007368,0.016156,0.039696,0.046977,0.001241,0.007929,0.014139,0.011601,0.009493,0.006995,0.000050,0.118447,0.062849,0.037002,0.036892,0.206126,0.346924,0.099669,0.099416,0.077578,0.034266,0.053599
mm_d09d42f259d8d9,0.016938,0.000050,0.054951,0.049488,0.048818,0.026138,0.000180,0.000000,0.000166,0.000043,0.000007,0.000009,0.000000,0.000000,0.060097,0.042855,0.408486,0.141466,0.000154,0.021518,0.053463,0.022115,0.016274,0.031939
mm_c6f9e8afa96478,0.016938,0.202857,0.151512,0.081753,0.049813,0.029862,0.000514,0.208518,0.268482,0.255507,0.088360,0.114504,0.017403,0.000037,0.001082,0.002244,0.001210,0.000210,0.000104,0.153983,0.158469,0.126117,0.050860,0.105647
mm_37503cb8ba4c9d,0.016938,0.000246,0.084009,0.087592,0.087352,0.078924,0.001725,0.000000,0.000214,0.000088,0.000163,0.000120,0.000000,0.153828,0.045585,0.035497,0.028677,0.003937,0.000008,0.063299,0.066010,0.053225,0.057670,0.039834
mm_91dc36e6f84773,0.016938,0.079791,0.087151,0.114571,0.273576,0.302791,0.725472,0.000009,0.003736,0.002847,0.001278,0.000341,0.000004,0.000000,0.013791,0.005237,0.039776,0.595959,0.785630,0.000005,0.013345,0.006673,0.011454,0.045614
mm_c3d71290b530ac,0.016938,0.000026,0.000031,0.000002,0.000004,0.000007,0.000005,0.000133,0.000068,0.000002,0.000008,0.000075,0.000053,0.000000,0.000098,0.000040,0.001130,0.000656,0.000040,0.000012,0.004823,0.001305,0.008780,0.030906
mm_def84447945e14,0.016938,0.005764,0.233368,0.277328,0.283880,0.146992,0.000147,0.000002,0.017842,0.018528,0.017962,0.003648,0.000027,0.060409,0.031794,0.018314,0.007817,0.000673,0.000000,0.012938,0.033555,0.034188,0.055128,0.051281
mm_5c756a51373dc2,0.016938,0.003558,0.001666,0.000878,0.000507,0.000344,0.000011,0.000000,0.000006,0.000001,0.000002,0.000002,0.000000,0.000000,0.000019,0.000008,0.000051,0.000153,0.000009,0.000559,0.004617,0.001201,0.006778,0.011300
mm_78a5de02efb52d,0.016938,0.218278,0.153845,0.117871,0.107386,0.087920,0.043085,0.004385,0.003063,0.009702,0.001761,0.000652,0.002758,0.000007,0.002988,0.010341,0.005779,0.002829,0.001443,0.007264,0.014753,0.009048,0.017841,0.019946
mm_e4a7836fc00e9f,0.016938,0.043330,0.046506,0.043392,0.093915,0.241114,0.838777,0.001753,0.013299,0.020894,0.005002,0.001687,0.000099,0.003120,0.003280,0.004893,0.003720,0.003743,0.000027,0.072480,0.069387,0.036407,0.045688,0.078289
mm_b25d46ccade422,0.016938,0.000008,0.000037,0.000003,0.000013,0.000019,0.000003,0.000000,0.000012,0.000000,0.000000,0.000010,0.000001,0.000000,0.000000,0.000000,0.000001,0.000002,0.000000,0.000403,0.001447,0.000085,0.000159,0.000502
mm_b55d2dc44c3cf8,0.016938,0.034150,0.055396,0.061476,0.064379,0.095095,0.033400,0.030802,0.009028,0.002416,0.001104,0.001680,0.000078,0.004157,0.001160,0.000538,0.000392,0.000126,0.000003,0.015838,0.014455,0.002872,0.002777,0.004355
mm_27901bd7d52b16,0.016938,0.000000,0.000002,0.000000,0.000004,0.000003,0.000000,0.000000,0.000004,0.000000,0.000000,0.000001,0.000000,0.000000,0.000001,0.000000,0.000001,0.000004,0.000000,0.000485,0.001780,0.000207,0.000710,0.001480
mm_c59407f120348a,0.016938,0.022684,0.039264,0.048504,0.115099,0.253436,0.298019,0.000002,0.006067,0.009519,0.010860,0.028280,0.001300,0.405794,0.267734,0.233814,0.203120,0.047460,0.000139,0.000008,0.032176,0.065264,0.073379,0.085196
mm_277785160c966e,0.016938,0.001167,0.000176,0.000086,0.000022,0.000019,0.000011,0.000025,0.000245,0.000055,0.000026,0.000438,0.000166,0.000000,0.000015,0.000001,0.000008,0.000054,0.000029,0.000000,0.001518,0.000264,0.002079,0.012103
mm_18663ccc7cd46e,0.016938,0.004382,0.002602,0.003930,0.003234,0.002340,0.002448,0.000010,0.047713,0.088271,0.056825,0.051962,0.006208,0.000000,0.006786,0.004170,0.009405,0.016208,0.000069,0.000003,0.018453,0.018527,0.013348,0.017433
mm_536c6876eda9d5,0.016938,0.000573,0.003066,0.003924,0.008552,0.002245,0.000179,0.086807,0.060175,0.043600,0.058009,0.028504,0.000171,0.027538,0.078273,0.081338,0.041330,0.038145,0.000115,0.000089,0.049118,0.051533,0.035886,0.032822
mm_9e464d5267968b,0.016938,0.000000,0.000037,0.000021,0.000040,0.000032,0.000008,0.000532,0.002066,0.000713,0.000775,0.001767,0.001172,0.000000,0.000083,0.000191,0.001575,0.000709,0.001611,0.036110,0.027948,0.012811,0.028727,0.070106
mm_05f94d9c495d3f,0.016938,0.000000,0.000004,0.000004,0.000024,0.000004,0.000000,0.000001,0.000079,0.000108,0.000037,0.000025,0.000001,0.000000,0.000276,0.000140,0.001048,0.003917,0.007300,0.000011,0.015125,0.018407,0.028566,0.038163
mm_ec3ab8b2ec371e,0.016938,0.170390,0.090303,0.083251,0.205035,0.144593,0.352931,0.018280,0.028379,0.026442,0.015349,0.011291,0.001282,0.041889,0.038923,0.030796,0.025340,0.023001,0.002033,0.000068,0.034533,0.082162,0.052092,0.016728
mm_575032d11136b3,0.016938,0.226969,0.204709,0.247818,0.126241,0.084747,0.001061,0.000238,0.003721,0.005922,0.008176,0.013682,0.000424,0.193848,0.032315,0.034777,0.017059,0.003735,0.000264,0.000044,0.026877,0.020117,0.054953,0.035774
mm_b70e22c364d8d0,0.016938,0.000150,0.000243,0.000045,0.000028,0.000041,0.000001,0.000000,0.000007,0.000001,0.000005,0.000006,0.000000,0.000000,0.000040,0.000001,0.000041,0.000111,0.000001,0.000000,0.004262,0.000579,0.003892,0.027109
mm_2b38a3844f4430,0.016938,0.000016,0.017435,0.025087,0.013287,0.003826,0.000068,0.000000,0.000044,0.000009,0.000012,0.000045,0.000001,0.000000,0.000253,0.000134,0.000392,0.002300,0.001050,0.000002,0.003929,0.000873,0.006490,0.011232
mm_39fd884c4e82f1,0.016938,0.199172,0.192761,0.137068,0.151966,0.074161,0.000956,0.000001,0.000236,0.000157,0.000212,0.000128,0.000000,0.001153,0.026584,0.017098,0.050573,0.109916,0.607139,0.155188,0.134675,0.132542,0.072237,0.065666
mm_5d45375dca75ad,0.016938,0.000000,0.000771,0.001856,0.001950,0.000305,0.000003,0.004977,0.202045,0.123303,0.066898,0.020956,0.000191,0.006748,0.006544,0.004781,0.001199,0.000881,0.000003,0.000296,0.082537,0.109114,0.103243,0.064980
mm_d374edfc37b3ea,0.016938,0.000595,0.003954,0.004460,0.005077,0.001101,0.000225,0.025550,0.025654,0.019185,0.056369,0.156301,0.109946,0.035287,0.020100,0.013906,0.005446,0.004960,0.000067,0.182452,0.077922,0.039328,0.014833,0.016181
mm_21bd91c15c26a2,0.016938,0.100950,0.112735,0.070217,0.058411,0.011924,0.000478,0.000261,0.040172,0.074914,0.074044,0.053424,0.000422,0.052127,0.018617,0.010472,0.003338,0.001449,0.000228,0.000004,0.010425,0.006830,0.042426,0.031210
mm_a2827711975bfe,0.016938,0.000002,0.002291,0.003652,0.004068,0.000885,0.000089,0.216677,0.258959,0.215952,0.060371,0.135123,0.001246,0.014612,0.003718,0.003087,0.000445,0.000774,0.000042,0.000792,0.002653,0.000367,0.001086,0.001693
mm_7b78d86f3e3867,0.016938,0.000191,0.149558,0.291119,0.280468,0.266940,0.004246,0.045893,0.052881,0.039133,0.032001,0.037580,0.000894,0.070417,0.040464,0.022589,0.008724,0.005012,0.000274,0.010401,0.013362,0.003003,0.005428,0.005658
mm_295fd78f29d979,0.016938,0.000006,0.000242,0.000359,0.000316,0.000072,0.000001,0.022299,0.060837,0.040577,0.016914,0.015112,0.000152,0.000000,0.012844,0.011511,0.025843,0.133011,0.070882,0.003210,0.008035,0.001779,0.002756,0.009582
mm_b571d96a4521e9,0.016938,0.000000,0.000079,0.000142,0.000474,0.000050,0.000001,0.000001,0.001839,0.000903,0.004157,0.000808,0.000078,0.000024,0.000234,0.000047,0.000850,0.000648,0.000090,0.061896,0.043753,0.016819,0.010870,0.017589
mm_cf47273e679748,0.016938,0.029392,0.010868,0.007536,0.003841,0.003729,0.006401,0.062175,0.040811,0.057951,0.088599,0.119533,0.043123,0.002615,0.005511,0.003012,0.002735,0.000461,0.000195,0.001326,0.012163,0.008190,0.006544,0.011209
mm_a3475ea395614a,0.016938,0.000000,0.000021,0.000001,0.000012,0.000016,0.000000,0.000000,0.000011,0.000000,0.000000,0.000001,0.000000,0.000000,0.000001,0.000000,0.000004,0.000006,0.000000,0.000002,0.010171,0.003470,0.004630,0.008381
mm_91ee40a2a25fec,0.016938,0.000647,0.016355,0.050722,0.077207,0.106028,0.000252,0.261446,0.297787,0.220509,0.146902,0.097219,0.000113,0.009388,0.003583,0.002051,0.002680,0.000932,0.000126,0.124419,0.134014,0.102630,0.098155,0.073951
mm_fbf0a5dca1ae1b,0.016938,0.006165,0.018159,0.011329,0.016006,0.004988,0.000249,0.000038,0.000075,0.000005,0.000005,0.000017,0.000000,0.000000,0.000000,0.000000,0.000000,0.000001,0.000000,0.001280,0.001272,0.000355,0.000765,0.001223
mm_32c3642d386dfd,0.016938,0.000000,0.000009,0.000001,0.000012,0.000038,0.000007,0.000079,0.037943,0.042265,0.122315,0.066919,0.006011,0.000359,0.000556,0.000286,0.000195,0.000153,0.000061,0.032126,0.027210,0.027749,0.009332,0.014467
mm_8076c50993705d,0.016938,0.051052,0.076124,0.073093,0.115704,0.070128,0.001109,0.184290,0.213049,0.168542,0.095479,0.167393,0.173469,0.044653,0.074246,0.060752,0.084772,0.143016,0.025317,0.195033,0.123665,0.167582,0.042281,0.052417
mm_ea97a9f1e69a12,0.016938,0.000028,0.000483,0.000879,0.004125,0.015702,0.000034,0.057813,0.129776,0.098845,0.107712,0.087932,0.003944,0.022859,0.024551,0.006877,0.015337,0.000316,0.000004,0.044888,0.050272,0.021221,0.034637,0.036471
mm_2ac9d9cff58bde,0.016938,0.000001,0.006327,0.012495,0.025819,0.003301,0.000020,0.000002,0.000163,0.000012,0.000046,0.000108,0.000002,0.000000,0.002026,0.000526,0.002705,0.001558,0.000015,0.012691,0.011130,0.001886,0.005973,0.012286
mm_dd687d9974d7f3,0.016938,0.006771,0.110125,0.109218,0.088603,0.057895,0.001652,0.000737,0.002829,0.001595,0.001723,0.000195,0.000010,0.108745,0.134303,0.124200,0.096659,0.109564,0.000474,0.014979,0.014564,0.005311,0.006258,0.009778
mm_d014f4323b425c,0.016938,0.035836,0.039796,0.069303,0.101331,0.106348,0.019090,0.226797,0.191439,0.122104,0.038170,0.066647,0.011867,0.004056,0.006694,0.002534,0.007955,0.010864,0.000148,0.026155,0.051190,0.039421,0.069383,0.045551
mm_531c6103e6c56e,0.016938,0.171599,0.181252,0.267884,0.345029,0.251245,0.034752,0.017576,0.022570,0.033294,0.004404,0.003814,0.000045,0.029336,0.004238,0.005244,0.001943,0.000341,0.000201,0.000236,0.049958,0.067418,0.076611,0.061045
mm_464326c3bdd0f2,0.016938,0.037925,0.011810,0.009223,0.003484,0.001337,0.000049,0.090069,0.071890,0.088468,0.044392,0.032609,0.000465,0.444871,0.112563,0.072431,0.098924,0.008668,0.001361,0.073909,0.071037,0.061138,0.041673,0.026419
mm_6818709b42134f,0.016938,0.050209,0.012527,0.011852,0.005603,0.001387,0.000034,0.002759,0.002136,0.001864,0.000265,0.000171,0.000003,0.009651,0.012370,0.004924,0.020938,0.134943,0.095733,0.034709,0.037166,0.031845,0.048724,0.044484
mm_ee1b1b97bfbe37,0.016938,0.000006,0.000003,0.000000,0.000001,0.000003,0.000000,0.000000,0.000085,0.000016,0.000018,0.000109,0.000040,0.000014,0.000036,0.000002,0.000006,0.000018,0.000001,0.000067,0.001136,0.000218,0.001051,0.003689
mm_b852f414d77ebf,0.016938,0.005649,0.063486,0.076119,0.133673,0.213278,0.716474,0.053762,0.169303,0.101451,0.095576,0.043169,0.003517,0.121640,0.250301,0.167594,0.085386,0.012583,0.000457,0.023578,0.051509,0.070157,0.026709,0.015206
mm_6632d8b1d3226e,0.016938,0.000000,0.000011,0.000000,0.000002,0.000008,0.000001,0.002165,0.002995,0.000456,0.000508,0.002065,0.001275,0.000000,0.000023,0.000002,0.000009,0.000068,0.000078,0.000000,0.001892,0.000475,0.004466,0.010775
mm_3271b5bccb68a5,0.016938,0.000598,0.000955,0.001205,0.001242,0.000444,0.000851,0.000227,0.001503,0.001796,0.000300,0.000473,0.000003,0.050313,0.028155,0.035328,0.011591,0.019381,0.004148,0.015824,0.025080,0.008854,0.009403,0.015678
mm_d22f2b291cbb76,0.016938,0.000000,0.000131,0.000025,0.000725,0.000430,0.000028,0.000053,0.000285,0.000038,0.000099,0.000696,0.000817,0.000000,0.000071,0.000002,0.000098,0.000955,0.000299,0.000007,0.002154,0.001133,0.002623,0.005160
mm_220cc38fafc3b5,0.016938,0.000825,0.001183,0.001019,0.003776,0.002351,0.000003,0.024619,0.083252,0.077930,0.081086,0.379935,0.538859,0.010722,0.496371,0.469229,0.504079,0.059284,0.000144,0.007591,0.041003,0.040279,0.047130,0.054099
mm_d13503079e5d4e,0.016938,0.004712,0.060341,0.095235,0.189933,0.344910,0.392694,0.148645,0.131661,0.092480,0.082695,0.031819,0.010554,0.033102,0.016867,0.020018,0.007521,0.001256,0.000870,0.020297,0.020316,0.013783,0.015507,0.045372
mm_0e97b09bfe5fcd,0.016938,0.000001,0.002420,0.002302,0.030756,0.011299,0.011960,0.000292,0.003366,0.001140,0.010695,0.027018,0.003546,0.000346,0.000407,0.000024,0.000223,0.000971,0.000313,0.000000,0.000861,0.000314,0.004080,0.006909
mm_2aeee0ed9bb821,0.016938,0.121367,0.139803,0.160053,0.257729,0.213461,0.170142,0.000001,0.000198,0.000256,0.000055,0.000026,0.000044,0.000000,0.000005,0.000000,0.000005,0.000060,0.000007,0.014172,0.008963,0.001855,0.002928,0.009113
mm_f519879b2008de,0.016938,0.014583,0.199052,0.231190,0.279576,0.176876,0.000292,0.000817,0.069233,0.060530,0.030666,0.052447,0.000037,0.338760,0.076811,0.043158,0.024235,0.004763,0.000006,0.020948,0.019655,0.015814,0.018590,0.015206
mm_c78fdd6105e64d,0.016938,0.000016,0.000017,0.000001,0.000002,0.000002,0.000000,0.000766,0.000672,0.000702,0.000037,0.000048,0.000000,0.050351,0.505412,0.429587,0.323030,0.048712,0.000110,0.006771,0.009956,0.005390,0.002624,0.002765
mm_626afdfed5ea1c,0.016938,0.007245,0.006199,0.007072,0.001955,0.002092,0.000048,0.027499,0.029219,0.027257,0.028285,0.036837,0.001997,0.011974,0.035367,0.029395,0.036586,0.008367,0.000029,0.028602,0.035356,0.022302,0.016577,0.025855
mm_f103387277be66,0.016938,0.004954,0.000808,0.000441,0.000125,0.000096,0.000005,0.000000,0.000003,0.000000,0.000000,0.000001,0.000000,0.000000,0.000000,0.000000,0.000000,0.000003,0.000000,0.000002,0.001434,0.000157,0.001882,0.008277
mm_4f443262aeb6ac,0.016938,0.000027,0.000070,0.000008,0.000058,0.000047,0.000000,0.011266,0.032679,0.032299,0.024242,0.138874,0.843419,0.145018,0.093784,0.060653,0.032263,0.034717,0.000615,0.030541,0.022449,0.009701,0.006973,0.005137
mm_e4a62213273d4b,0.016938,0.047393,0.022776,0.015820,0.009052,0.008403,0.000342,0.000000,0.000008,0.000001,0.000017,0.000021,0.000002,0.000138,0.000118,0.000007,0.000032,0.000062,0.000000,0.000002,0.001822,0.000363,0.001794,0.001982
mm_e2f89604103488,0.016938,0.000000,0.000042,0.000064,0.000282,0.000036,0.000002,0.000000,0.000170,0.000065,0.000705,0.000353,0.000022,0.000229,0.000133,0.000053,0.000147,0.000025,0.000000,0.000003,0.007760,0.008328,0.027079,0.016758
mm_b64536dd06babb,0.016938,0.276917,0.207470,0.298048,0.237570,0.225670,0.001642,0.000000,0.001028,0.003255,0.000747,0.000134,0.000000,0.000009,0.000776,0.000685,0.000281,0.000214,0.000023,0.000002,0.026583,0.030775,0.026310,0.034242
mm_e741f7b0f3d10a,0.016938,0.037598,0.033317,0.041443,0.119740,0.218527,0.390790,0.003384,0.002782,0.002071,0.002041,0.000806,0.000004,0.001963,0.006649,0.005527,0.001523,0.001354,0.000005,0.060341,0.080977,0.067511,0.062686,0.089413
mm_f307b54d069e9f,0.016938,0.002002,0.001731,0.005417,0.001595,0.000519,0.000002,0.000006,0.000180,0.000420,0.000060,0.000022,0.000000,0.008031,0.024881,0.037125,0.080817,0.423603,0.137753,0.214344,0.122248,0.067423,0.052999,0.017162
mm_89fb545846ecdb,0.016938,0.208052,0.190884,0.138033,0.129613,0.060514,0.055937,0.124194,0.176057,0.180760,0.232283,0.311074,0.361806,0.016362,0.052988,0.065137,0.026072,0.061230,0.026517,0.079975,0.063600,0.100621,0.094908,0.081075
mm_fd0067df0a5996,0.016938,0.000357,0.157382,0.170705,0.439539,0.210592,0.000122,0.035321,0.059319,0.071486,0.111838,0.153089,0.000324,0.162410,0.075951,0.044954,0.013598,0.003364,0.000013,0.037465,0.048216,0.037047,0.030770,0.034334
mm_050aca234f888d,0.016938,0.093586,0.066002,0.067699,0.217677,0.290422,0.226599,0.017299,0.016340,0.030571,0.014653,0.033943,0.003370,0.000190,0.000095,0.000025,0.000010,0.000023,0.000002,0.001250,0.001019,0.000134,0.000624,0.002465
mm_a5fceb9184ff56,0.016938,0.030490,0.072170,0.092694,0.174406,0.345409,0.649884,0.009723,0.008253,0.006106,0.003304,0.004659,0.000626,0.083888,0.060592,0.043151,0.034047,0.024093,0.000775,0.075645,0.117920,0.103131,0.076959,0.058640
mm_69279badf33f34,0.016938,0.000122,0.000034,0.000002,0.000004,0.000005,0.000000,0.000000,0.001057,0.001220,0.000417,0.000273,0.000001,0.007931,0.008415,0.004728,0.008927,0.004980,0.000930,0.044256,0.056347,0.038266,0.030639,0.022276
mm_2696c50106ee22,0.016938,0.001799,0.007157,0.043591,0.063067,0.038557,0.000031,0.003485,0.021650,0.033262,0.052063,0.269203,0.882293,0.088078,0.061666,0.040871,0.044601,0.011558,0.000066,0.198969,0.141609,0.083488,0.022652,0.038688
mm_bad44c0de760c8,0.016938,0.029449,0.136722,0.135095,0.138205,0.069191,0.003309,0.059072,0.112325,0.109205,0.120888,0.251151,0.813027,0.000406,0.012864,0.012894,0.002349,0.018564,0.020939,0.055001,0.075367,0.073313,0.073187,0.082394
mm_a716bd4680b81b,0.016938,0.007939,0.020033,0.018276,0.019403,0.017565,0.000090,0.000253,0.087768,0.126370,0.100020,0.213112,0.008341,0.000003,0.013712,0.025077,0.014696,0.018369,0.004652,0.021534,0.026657,0.008097,0.013251,0.024551
mm_877032bad95258,0.016938,0.000110,0.000255,0.000659,0.001242,0.001041,0.000002,0.012177,0.025634,0.027185,0.033324,0.047560,0.001234,0.000571,0.000407,0.000229,0.000321,0.000046,0.000005,0.001353,0.004486,0.000919,0.002742,0.005865
mm_952409a05d8e6c,0.016938,0.044096,0.087997,0.101966,0.187189,0.302626,0.766799,0.061181,0.016177,0.010021,0.004281,0.000605,0.000332,0.000140,0.004974,0.006737,0.029127,0.020607,0.003409,0.131794,0.087916,0.125363,0.041317,0.041848
mm_84a81f51a53b5f,0.016938,0.351062,0.131943,0.098820,0.130539,0.077431,0.007045,0.000004,0.003660,0.015920,0.003398,0.001107,0.000071,0.007143,0.012278,0.022904,0.006425,0.003941,0.000028,0.000833,0.082574,0.077689,0.059288,0.036281
mm_39e202a6fcd109,0.016938,0.000000,0.000004,0.000002,0.000003,0.000002,0.000000,0.000019,0.000042,0.000009,0.000012,0.000133,0.000076,0.000000,0.000053,0.000014,0.001136,0.003987,0.005525,0.002371,0.003452,0.000571,0.002910,0.005577
mm_3c0108331cfe05,0.016938,0.000008,0.010163,0.019158,0.009547,0.002619,0.000003,0.023450,0.032557,0.026019,0.018532,0.156025,0.872326,0.049727,0.019690,0.027600,0.010024,0.005559,0.001094,0.053428,0.118509,0.115472,0.116423,0.124495
mm_04f330fd90b994,0.016938,0.000251,0.000217,0.000026,0.000176,0.000088,0.000000,0.000000,0.000003,0.000000,0.000002,0.000002,0.000000,0.016011,0.021459,0.015785,0.003726,0.001785,0.000003,0.175401,0.105162,0.078235,0.054830,0.035951
mm_88c8adbc5b292b,0.016938,0.000166,0.032259,0.023784,0.019119,0.002155,0.000031,0.092766,0.066531,0.059789,0.026853,0.003821,0.001625,0.063658,0.075909,0.081829,0.044751,0.072763,0.054452,0.000151,0.059082,0.113473,0.088646,0.041985
mm_1398996542e80e,0.016938,0.000626,0.000634,0.001375,0.000346,0.000682,0.000020,0.001213,0.000359,0.000180,0.000029,0.000034,0.000000,0.000819,0.000209,0.000202,0.000169,0.000036,0.000001,0.002892,0.002078,0.000351,0.001029,0.000935
mm_0f3e4bf2c3c2eb,0.016938,0.000000,0.004146,0.014465,0.089270,0.242113,0.766126,0.001819,0.001353,0.000722,0.000382,0.000136,0.000001,0.000000,0.000136,0.000127,0.001103,0.002208,0.000003,0.000010,0.056143,0.050121,0.033565,0.080062
mm_15235c4fe0b8bc,0.016938,0.088835,0.048031,0.027480,0.037984,0.018684,0.009216,0.064698,0.158570,0.193140,0.226823,0.383538,0.163129,0.001807,0.003783,0.002067,0.003680,0.001744,0.000304,0.193316,0.259776,0.258032,0.105706,0.123049
mm_96b9c1745d8019,0.016938,0.003830,0.001969,0.001182,0.000675,0.000126,0.000001,0.000001,0.004864,0.009231,0.016162,0.004378,0.000026,0.000338,0.003870,0.005085,0.004358,0.003977,0.000031,0.132245,0.065042,0.045546,0.030752,0.031746
mm_29d9d9d04b2199,0.016938,0.000073,0.000052,0.000005,0.000008,0.000012,0.000001,0.000009,0.000737,0.000148,0.000071,0.000758,0.000407,0.001732,0.000808,0.000254,0.000135,0.000255,0.000003,0.000008,0.001835,0.000170,0.000517,0.000817
mm_5e71215ebb967b,0.016938,0.000005,0.000019,0.000002,0.000006,0.000008,0.000000,0.000010,0.000039,0.000002,0.000008,0.000018,0.000001,0.000000,0.000001,0.000000,0.000000,0.000001,0.000000,0.000002,0.003845,0.000505,0.005284,0.020379
mm_9ddd05eff8c495,0.016938,0.000000,0.000002,0.000000,0.000004,0.000006,0.000002,0.000000,0.003880,0.001818,0.005019,0.083062,0.096924,0.021493,0.004793,0.004879,0.000280,0.000106,0.000229,0.008840,0.022895,0.023859,0.037661,0.021813
mm_773e08ded16b40,0.016938,0.104290,0.202058,0.209754,0.227978,0.182838,0.023022,0.000004,0.018356,0.026643,0.033346,0.034425,0.005472,0.036720,0.080928,0.092599,0.108568,0.109028,0.088192,0.017193,0.092337,0.109932,0.131197,0.064697
mm_2ef92bf75c37ef,0.016938,0.606168,0.159038,0.093834,0.192600,0.028479,0.002612,0.002767,0.007033,0.026346,0.009054,0.011206,0.000106,0.031195,0.014809,0.008326,0.004053,0.001951,0.000087,0.063214,0.096629,0.083800,0.062954,0.104719
mm_97cdd8d932477f,0.016938,0.009493,0.001380,0.001050,0.000604,0.000052,0.000009,0.751307,0.285336,0.123809,0.023919,0.020904,0.007879,0.000008,0.013708,0.024124,0.045785,0.029225,0.031320,0.096249,0.096925,0.093011,0.039097,0.082613
mm_b6c2762d33b33d,0.016938,0.000000,0.001271,0.000610,0.003577,0.002547,0.002745,0.000000,0.000080,0.000022,0.000059,0.000216,0.000064,0.000000,0.000352,0.000005,0.000130,0.007349,0.000577,0.000000,0.001006,0.000228,0.002505,0.012157
mm_4daa0d660b58d3,0.016938,0.000070,0.000130,0.000014,0.000071,0.000156,0.000003,0.000000,0.000000,0.000000,0.000000,0.000000,0.000000,0.000000,0.000002,0.000000,0.000001,0.000004,0.000000,0.000163,0.000676,0.000083,0.000494,0.000906
mm_4f42496173b502,0.016938,0.000000,0.000768,0.001033,0.002635,0.006185,0.000001,0.006543,0.062689,0.090582,0.094679,0.383851,0.792428,0.000002,0.013280,0.025124,0.027474,0.017500,0.000034,0.070632,0.053485,0.028196,0.030029,0.032773
mm_c60432089b996e,0.016938,0.000000,0.000009,0.000009,0.000068,0.000008,0.000001,0.000004,0.000006,0.000001,0.000001,0.000001,0.000001,0.000000,0.000004,0.000001,0.000004,0.000037,0.000015,0.000001,0.005365,0.000977,0.003360,0.040021
mm_035d91879913f6,0.016938,0.000000,0.000017,0.000005,0.000168,0.000063,0.000001,0.000000,0.000017,0.000002,0.000012,0.000025,0.000000,0.000000,0.000012,0.000001,0.000013,0.000023,0.000003,0.000001,0.001813,0.000577,0.003871,0.008141
mm_5209e5a46601e8,0.016938,0.311870,0.515341,0.425564,0.536794,0.301229,0.000074,0.170142,0.316654,0.266429,0.198541,0.310138,0.001321,0.020311,0.017693,0.009915,0.003123,0.002911,0.000004,0.140772,0.120276,0.099124,0.104644,0.104928
mm_ac76e43fd4416f,0.016938,0.730450,0.115857,0.038603,0.004938,0.001175,0.000131,0.000002,0.000908,0.002147,0.000703,0.000182,0.000009,0.008226,0.014400,0.013981,0.006611,0.011060,0.002612,0.142693,0.097063,0.063726,0.062284,0.045643
mm_09815b7dc09905,0.016938,0.004044,0.005145,0.005607,0.001268,0.000960,0.000005,0.000003,0.052376,0.078533,0.046151,0.042155,0.000118,0.168240,0.228431,0.227434,0.153173,0.248603,0.006933,0.029732,0.035716,0.031941,0.032648,0.056136
mm_dab2722277300c,0.016938,0.011870,0.029196,0.039075,0.093186,0.296060,0.283059,0.000002,0.004340,0.004979,0.004138,0.003160,0.000089,0.061832,0.253261,0.296101,0.255229,0.195165,0.000155,0.000901,0.089816,0.104869,0.094569,0.070857
mm_19fcdfad9afdb3,0.016938,0.023560,0.041219,0.057283,0.067173,0.063109,0.000135,0.030785,0.152433,0.188158,0.196740,0.590323,0.019874,0.000000,0.000942,0.001007,0.001731,0.001188,0.000005,0.016315,0.019395,0.004506,0.015540,0.028442
mm_e6f163682495dc,0.016938,0.107108,0.087568,0.076022,0.037582,0.029425,0.020928,0.000003,0.007331,0.017083,0.014708,0.001282,0.000036,0.179033,0.086119,0.043489,0.037742,0.008656,0.000772,0.000025,0.005270,0.003325,0.013376,0.016162
mm_4e9c640fe38d64,0.016938,0.000007,0.130313,0.087713,0.180797,0.102931,0.000071,0.000691,0.000679,0.000769,0.000220,0.000201,0.000000,0.138024,0.156177,0.187043,0.366165,0.425191,0.038885,0.050513,0.058209,0.041897,0.044179,0.026971
mm_080cecbc7f5667,0.016938,0.000040,0.041122,0.067530,0.144315,0.205382,0.270664,0.000000,0.061884,0.041792,0.223123,0.279118,0.000320,0.014559,0.030673,0.007444,0.035083,0.142405,0.038050,0.000000,0.001203,0.000227,0.002764,0.008475
mm_43ce25a62bc69d,0.016938,0.461972,0.087007,0.027984,0.008201,0.003122,0.000032,0.011020,0.067556,0.055579,0.071291,0.239662,0.880961,0.000000,0.000048,0.000023,0.000422,0.001145,0.000008,0.070841,0.103695,0.064671,0.066362,0.086961
mm_6a4f43392876ca,0.016938,0.000000,0.000017,0.000036,0.000088,0.000026,0.000000,0.000755,0.004787,0.003023,0.001109,0.000830,0.000001,0.058022,0.156352,0.215241,0.272461,0.428834,0.131824,0.000035,0.016324,0.022474,0.042712,0.014295
mm_d3e81435e77677,0.016938,0.000000,0.001205,0.000307,0.010110,0.019790,0.011105,0.000007,0.000345,0.000078,0.000330,0.000979,0.000289,0.001196,0.001180,0.000097,0.000878,0.002307,0.000349,0.001083,0.002408,0.000361,0.001002,0.005596
mm_80e080d0913f48,0.016938,0.003172,0.004979,0.009481,0.018469,0.012111,0.001295,0.215824,0.140415,0.087787,0.029806,0.041501,0.000082,0.061453,0.096130,0.121986,0.192374,0.334414,0.363766,0.000061,0.030298,0.041385,0.045257,0.039492
mm_f89ffbfd07ad1a,0.016938,0.017668,0.057540,0.093999,0.097358,0.248805,0.010472,0.041810,0.050390,0.053995,0.101469,0.308026,0.784798,0.065079,0.036602,0.088882,0.141083,0.135767,0.088722,0.194902,0.085313,0.094361,0.042423,0.011077
mm_f7b0855d936a05,0.016938,0.002431,0.001574,0.001395,0.000622,0.000391,0.000003,0.084810,0.131528,0.147680,0.228883,0.536920,0.821218,0.061592,0.067919,0.053351,0.058218,0.049440,0.001877,0.112961,0.069633,0.049684,0.039295,0.029281
mm_360180f54f16b4,0.016938,0.000001,0.000015,0.000000,0.000004,0.000004,0.000000,0.002554,0.001451,0.000829,0.000239,0.000305,0.000037,0.000000,0.000140,0.000024,0.000124,0.000263,0.000040,0.000000,0.002751,0.000345,0.003449,0.012172
mm_65bdf7e074072d,0.016938,0.000000,0.000002,0.000000,0.000004,0.000002,0.000000,0.000000,0.000003,0.000000,0.000001,0.000007,0.000000,0.000000,0.000298,0.000017,0.001398,0.012569,0.003843,0.000024,0.015819,0.003597,0.011441,0.035039
mm_3c71c087ced6ff,0.016938,0.000000,0.000031,0.000024,0.000042,0.000013,0.000002,0.000000,0.000000,0.000000,0.000000,0.000001,0.000000,0.000400,0.000506,0.000054,0.000250,0.000765,0.000046,0.000082,0.005231,0.001654,0.004471,0.003978
mm_ed492f795da99d,0.016938,0.000003,0.003705,0.014401,0.037316,0.034198,0.009343,0.106340,0.124687,0.144370,0.109000,0.177616,0.019533,0.000000,0.012975,0.047166,0.071778,0.040516,0.013299,0.043041,0.050093,0.025042,0.015678,0.070342
mm_06cd754634bdba,0.016938,0.000067,0.000073,0.000026,0.000097,0.000076,0.000000,0.002582,0.001832,0.003227,0.000730,0.000722,0.000456,0.018654,0.011918,0.015860,0.033000,0.131261,0.005044,0.040565,0.021686,0.030028,0.019904,0.012633
mm_522dbc6e6520c5,0.016938,0.000268,0.001245,0.001469,0.000594,0.000204,0.000043,0.000828,0.005345,0.002797,0.004333,0.000812,0.000012,0.000001,0.000004,0.000000,0.000001,0.000001,0.000000,0.000181,0.000528,0.000030,0.000146,0.000243
mm_c54ece85c76354,0.016938,0.000000,0.000324,0.000595,0.000992,0.000121,0.000003,0.000000,0.000038,0.000020,0.000024,0.000017,0.000000,0.000065,0.000021,0.000002,0.000001,0.000002,0.000000,0.001034,0.003076,0.000241,0.001759,0.002357
mm_562a72142df20d,0.016938,0.000115,0.000053,0.000051,0.000017,0.000026,0.000045,0.028656,0.063867,0.054945,0.054594,0.137669,0.117300,0.008557,0.007272,0.009760,0.015401,0.004247,0.003350,0.000807,0.002635,0.000443,0.000619,0.002987
mm_0691de85fb46a4,0.016938,0.000277,0.104366,0.103625,0.083256,0.011036,0.000229,0.041701,0.202241,0.164375,0.105454,0.042150,0.000326,0.000003,0.008108,0.013809,0.021816,0.013923,0.007816,0.000120,0.045576,0.116399,0.108117,0.084790
mm_c22eb56ff0ed88,0.016938,0.000010,0.065504,0.148174,0.123290,0.092308,0.000025,0.102439,0.052384,0.041581,0.041358,0.011706,0.002207,0.005012,0.020671,0.029792,0.037116,0.101555,0.002751,0.112513,0.056755,0.034525,0.013809,0.016476
mm_5b01d642a55534,0.016938,0.003606,0.009865,0.008218,0.009760,0.007698,0.001906,0.000837,0.215245,0.239157,0.243082,0.176799,0.142193,0.077475,0.136735,0.123005,0.161720,0.077160,0.115784,0.138779,0.113137,0.093234,0.045238,0.045052
mm_a87b7510efee9a,0.016938,0.002279,0.002060,0.001092,0.000992,0.000252,0.000000,0.041910,0.060060,0.036734,0.016492,0.018820,0.002411,0.113747,0.118986,0.118225,0.055448,0.020545,0.000157,0.271754,0.241620,0.169297,0.068074,0.110052
mm_e207babeeac5cf,0.016938,0.010060,0.003126,0.002855,0.000650,0.000557,0.000360,0.000014,0.000610,0.000136,0.000694,0.001162,0.000056,0.000443,0.001473,0.001245,0.001950,0.001952,0.000841,0.007852,0.007315,0.002014,0.001253,0.005157
mm_6b1fbaf19332ec,0.016938,0.017208,0.036602,0.033411,0.041517,0.020404,0.000112,0.005495,0.002873,0.002572,0.000526,0.000283,0.000004,0.000020,0.018858,0.044375,0.024782,0.006913,0.000069,0.000004,0.028077,0.029201,0.051104,0.057276
mm_0cacb0b682ba92,0.016938,0.024537,0.042392,0.062144,0.049380,0.080797,0.040986,0.000012,0.008426,0.021153,0.007785,0.004743,0.000114,0.002583,0.005220,0.003846,0.003708,0.003621,0.000314,0.019508,0.012814,0.006141,0.006113,0.009006
mm_18f63351f9b520,0.016938,0.088434,0.145360,0.109503,0.072232,0.033379,0.000035,0.001848,0.025035,0.033382,0.043510,0.343840,0.308535,0.021659,0.017659,0.012726,0.011779,0.003444,0.000011,0.018501,0.016991,0.006419,0.007949,0.007511
mm_8aba20773668bd,0.016938,0.000000,0.000009,0.000000,0.000003,0.000006,0.000000,0.000080,0.000212,0.000007,0.000010,0.000037,0.000002,0.000000,0.000004,0.000000,0.000000,0.000003,0.000000,0.000000,0.000747,0.000075,0.000947,0.002339
mm_5f711f1ab07c39,0.016938,0.003333,0.022036,0.032799,0.055784,0.101710,0.041840,0.528663,0.249907,0.119574,0.071427,0.014131,0.003520,0.020635,0.074285,0.115075,0.129496,0.119405,0.043225,0.054802,0.034004,0.044522,0.028006,0.044072
mm_95703d8bf2d48d,0.016938,0.000000,0.000004,0.000000,0.000007,0.000008,0.000000,0.000000,0.000002,0.000000,0.000001,0.000004,0.000000,0.000044,0.000075,0.000008,0.000013,0.000015,0.000001,0.000000,0.000498,0.000034,0.000191,0.000981
mm_a04175e4789ff9,0.016938,0.002749,0.004848,0.006180,0.002274,0.001436,0.000012,0.118689,0.203712,0.202520,0.231517,0.435603,0.189822,0.204040,0.155748,0.165977,0.258390,0.205536,0.189486,0.000012,0.018048,0.021080,0.039191,0.033628
mm_ae95bd86b0f5d8,0.016938,0.000000,0.000584,0.000877,0.001563,0.001310,0.000351,0.000000,0.000644,0.000417,0.000473,0.000808,0.000043,0.000000,0.000913,0.000265,0.000357,0.000729,0.000219,0.000000,0.002563,0.000264,0.001848,0.007298
mm_981f8dc4713504,0.016938,0.000192,0.000326,0.000363,0.000184,0.000059,0.000000,0.000175,0.000079,0.000033,0.000022,0.000016,0.000000,0.000001,0.000002,0.000000,0.000001,0.000003,0.000000,0.003343,0.002314,0.000556,0.003747,0.010829
mm_74267df0cf9b99,0.016938,0.000183,0.001258,0.001210,0.002341,0.000397,0.000004,0.070442,0.145021,0.130482,0.140239,0.076091,0.000090,0.045479,0.100543,0.094518,0.110375,0.127864,0.000025,0.238247,0.099453,0.058485,0.013932,0.015597
mm_51bb12b6926b25,0.016938,0.130322,0.071385,0.072596,0.040251,0.010216,0.000864,0.001179,0.000749,0.000429,0.000138,0.000209,0.000110,0.000304,0.000510,0.000699,0.000179,0.000079,0.000005,0.058551,0.032523,0.043284,0.012279,0.011157
mm_7fdc5d0d1e29c3,0.016938,0.000000,0.000271,0.000560,0.000700,0.000705,0.000001,0.000001,0.167131,0.202624,0.098326,0.043842,0.000070,0.000000,0.012138,0.070155,0.162711,0.379142,0.402704,0.000092,0.057515,0.090693,0.118118,0.073342
mm_358f6b37cf9f53,0.016938,0.000038,0.000179,0.000063,0.000174,0.000087,0.000004,0.000005,0.005332,0.003012,0.016345,0.012715,0.000007,0.056674,0.014372,0.011363,0.004203,0.000711,0.000073,0.000008,0.040443,0.128045,0.141475,0.065657
mm_282389a80b08fd,0.016938,0.000000,0.000002,0.000000,0.000002,0.000001,0.000000,0.000000,0.000009,0.000001,0.000003,0.000011,0.000003,0.000000,0.000013,0.000004,0.000093,0.000117,0.000013,0.000000,0.000623,0.000074,0.001460,0.007343
mm_ee79119fc41cc9,0.016938,0.793014,0.196733,0.064974,0.038166,0.004827,0.000035,0.000000,0.000069,0.000297,0.000147,0.000047,0.000002,0.000021,0.000902,0.002235,0.000542,0.000094,0.000001,0.006882,0.012352,0.002620,0.018088,0.039300
mm_960d10f098b9b9,0.016938,0.043248,0.087608,0.116893,0.053633,0.026945,0.000048,0.018996,0.049655,0.045427,0.055957,0.206025,0.726090,0.008671,0.216253,0.167276,0.357029,0.262954,0.001331,0.126445,0.123826,0.109888,0.133934,0.142475
mm_b3fae6d0ee7e7b,0.016938,0.000071,0.000059,0.000005,0.000005,0.000010,0.000001,0.000000,0.000014,0.000000,0.000003,0.000049,0.000002,0.000000,0.000014,0.000000,0.000005,0.000063,0.000001,0.000000,0.000115,0.000004,0.000109,0.000548
mm_11e1d992f5ed17,0.016938,0.073825,0.113624,0.085193,0.022740,0.035343,0.001131,0.054516,0.011503,0.014311,0.000671,0.001445,0.000331,0.000146,0.000308,0.000231,0.000489,0.000077,0.000007,0.002537,0.012553,0.002381,0.004174,0.011602
mm_4a1d7ff7a2f273,0.016938,0.000001,0.002265,0.002261,0.017185,0.003886,0.000462,0.001100,0.005973,0.008830,0.003308,0.000703,0.000328,0.036840,0.129161,0.156306,0.036907,0.132400,0.014000,0.149957,0.086332,0.058651,0.032725,0.051963
mm_6584a25f63b802,0.016938,0.000056,0.000028,0.000016,0.000008,0.000008,0.000012,0.707024,0.077165,0.025974,0.004457,0.003463,0.000457,0.000000,0.004110,0.009715,0.071801,0.023940,0.019212,0.046885,0.071492,0.047129,0.050818,0.021764
mm_2af5d59ad9bba1,0.016938,0.001339,0.003977,0.003525,0.001010,0.000466,0.000145,0.001712,0.008157,0.002080,0.003883,0.004997,0.000178,0.000029,0.000054,0.000002,0.000003,0.000013,0.000002,0.001005,0.000769,0.000017,0.000123,0.000513
mm_286594f196f7d6,0.016938,0.134030,0.212650,0.147360,0.104080,0.043840,0.000158,0.023261,0.039401,0.048708,0.074148,0.135705,0.003657,0.002997,0.013196,0.012629,0.015698,0.004163,0.000026,0.066764,0.061796,0.036879,0.017371,0.020268
mm_bd837ae13a0229,0.016938,0.000000,0.000009,0.000001,0.000049,0.000079,0.000031,0.000005,0.000317,0.000083,0.000221,0.000664,0.000224,0.000000,0.000056,0.000007,0.000066,0.001710,0.010609,0.000000,0.000464,0.000122,0.002384,0.005979
mm_cd2deb918e421a,0.016938,0.001473,0.031937,0.057567,0.078442,0.174748,0.470903,0.103523,0.023968,0.008635,0.005464,0.003932,0.000213,0.111114,0.093304,0.052822,0.030627,0.005392,0.000054,0.000022,0.004810,0.002184,0.009098,0.014532
mm_48fe1e621af255,0.016938,0.080874,0.099695,0.100851,0.131188,0.129810,0.030717,0.015855,0.065568,0.035290,0.036288,0.223361,0.929181,0.062876,0.055444,0.048005,0.075272,0.131745,0.002363,0.033458,0.016307,0.002960,0.003460,0.009756
mm_652d225397d028,0.016938,0.000003,0.033149,0.084931,0.066186,0.017959,0.000016,0.000013,0.199804,0.187428,0.334966,0.097015,0.000310,0.158286,0.274237,0.314748,0.318061,0.288593,0.008254,0.131474,0.102620,0.122432,0.094813,0.072672
mm_72836e819bb9e7,0.016938,0.041152,0.055072,0.058118,0.147884,0.304407,0.869103,0.050267,0.175915,0.163960,0.225940,0.402823,0.139111,0.034028,0.023650,0.042420,0.038732,0.040829,0.009603,0.002029,0.053280,0.131786,0.055147,0.016030
mm_8e201c3c0c6526,0.016938,0.000000,0.000003,0.000001,0.000012,0.000002,0.000000,0.013590,0.065959,0.065995,0.080520,0.393914,0.868714,0.034658,0.010011,0.003708,0.001973,0.000235,0.000001,0.000529,0.034593,0.039725,0.039335,0.027442
mm_d5bd49a66dd4ec,0.016938,0.000032,0.002928,0.007849,0.022883,0.020261,0.000096,0.212333,0.294195,0.205972,0.150864,0.110702,0.001285,0.005409,0.028647,0.035044,0.034924,0.030333,0.000008,0.124260,0.079074,0.047007,0.030062,0.042418
mm_5cbc136410ef65,0.016938,0.099199,0.044426,0.051222,0.008010,0.006623,0.000126,0.018259,0.007548,0.006802,0.000342,0.000467,0.000002,0.492714,0.321370,0.331821,0.324885,0.152079,0.000825,0.058340,0.028899,0.018829,0.007025,0.005785
mm_49fcc54c526f7b,0.016938,0.008330,0.003329,0.004259,0.000609,0.000294,0.000001,0.254073,0.395973,0.335476,0.188674,0.314275,0.004427,0.202424,0.072543,0.026805,0.018657,0.000986,0.000003,0.021292,0.060087,0.043966,0.032849,0.028923
mm_ea1fb49ab17017,0.016938,0.000002,0.000011,0.000001,0.000006,0.000004,0.000000,0.000000,0.000002,0.000000,0.000000,0.000001,0.000000,0.000000,0.000002,0.000000,0.000001,0.000009,0.000002,0.000259,0.001404,0.000472,0.000480,0.000943
mm_be4d5d71e16c76,0.016938,0.005615,0.008054,0.005434,0.006885,0.003764,0.000035,0.000001,0.093062,0.203808,0.263735,0.299567,0.008149,0.035670,0.004568,0.003781,0.001773,0.000282,0.000007,0.000008,0.039614,0.041990,0.092955,0.037564
mm_25b8b349cbe790,0.016938,0.222095,0.258008,0.235042,0.256758,0.154469,0.000034,0.000901,0.004913,0.007368,0.014584,0.129982,0.990590,0.001076,0.001245,0.001616,0.002144,0.001998,0.000053,0.195523,0.123326,0.084981,0.073822,0.060370
mm_65a0a50a28bff7,0.016938,0.050440,0.039597,0.037734,0.094801,0.154794,0.006826,0.000000,0.003637,0.009739,0.009687,0.005530,0.001053,0.005569,0.034420,0.044006,0.025297,0.023785,0.000137,0.157139,0.095050,0.065451,0.046530,0.041709
mm_654e0058f9ef65,0.016938,0.031936,0.111416,0.169098,0.280659,0.614150,0.239964,0.001504,0.012747,0.027696,0.036621,0.175009,0.010772,0.011071,0.009364,0.010731,0.015924,0.008884,0.004444,0.000813,0.001787,0.000111,0.000573,0.003842
mm_473b5fed6f1deb,0.016938,0.000000,0.000003,0.000001,0.000001,0.000000,0.000000,0.000000,0.000000,0.000000,0.000000,0.000001,0.000000,0.000000,0.000459,0.000144,0.001482,0.020649,0.018275,0.002124,0.011280,0.000614,0.001916,0.029325
mm_76d011da899b15,0.016938,0.000018,0.014230,0.031543,0.156709,0.336673,0.001657,0.018719,0.037937,0.024141,0.007124,0.005228,0.000004,0.000000,0.000057,0.000075,0.000134,0.000063,0.000002,0.000000,0.004182,0.000813,0.004674,0.051437
mm_d03c2dd87b9367,0.016938,0.000000,0.000007,0.000006,0.000010,0.000004,0.000000,0.000000,0.000006,0.000001,0.000002,0.000016,0.000006,0.184296,0.119384,0.126696,0.019528,0.017891,0.002934,0.022601,0.009190,0.007863,0.006780,0.012266
mm_ba9a2be9d28912,0.016938,0.000000,0.000108,0.000091,0.001393,0.001309,0.000998,0.000000,0.000007,0.000001,0.000000,0.000001,0.000000,0.000159,0.000098,0.000071,0.000052,0.000132,0.000005,0.000034,0.004883,0.003045,0.011853,0.005835
mm_f79c1d1ace0f16,0.016938,0.000000,0.000025,0.000019,0.000162,0.000019,0.000012,0.000179,0.020296,0.009002,0.015194,0.038393,0.006157,0.000003,0.020332,0.017138,0.043936,0.065369,0.034880,0.030489,0.053609,0.029772,0.014990,0.040281
mm_1d73cc17c5fd3c,0.016938,0.017094,0.029648,0.036735,0.066193,0.266788,0.945333,0.060146,0.115722,0.068396,0.018402,0.012876,0.000102,0.057798,0.082422,0.087974,0.143930,0.289105,0.127045,0.080365,0.104374,0.084376,0.092542,0.070916
mm_dd1fe6499e28ea,0.016938,0.000000,0.000271,0.000384,0.003351,0.003074,0.010900,0.000007,0.003655,0.006617,0.000958,0.000627,0.000034,0.000314,0.000932,0.001175,0.001201,0.000882,0.000133,0.001115,0.005992,0.003047,0.004773,0.012306
mm_0030986ca46131,0.016938,0.189104,0.090438,0.055287,0.031933,0.006627,0.000758,0.000023,0.354796,0.518473,0.546555,0.381485,0.144070,0.257825,0.039764,0.023579,0.013592,0.000747,0.000025,0.000539,0.021774,0.046259,0.057221,0.026845
mm_351f9050b151fc,0.016938,0.000007,0.000025,0.000004,0.000029,0.000023,0.000006,0.000002,0.003582,0.001358,0.005170,0.008687,0.002267,0.000000,0.000003,0.000000,0.000004,0.000009,0.000001,0.000614,0.003060,0.000352,0.000617,0.002251
mm_29db03439f5630,0.016938,0.000000,0.000051,0.000082,0.000116,0.000032,0.000000,0.010852,0.052396,0.093565,0.150824,0.432411,0.202381,0.000017,0.154024,0.130748,0.149321,0.128381,0.001224,0.000320,0.055433,0.069670,0.068205,0.082614
mm_b9c5bf9f58eceb,0.016938,0.210635,0.153376,0.124571,0.197389,0.234642,0.197455,0.012271,0.009207,0.008620,0.000498,0.000298,0.000004,0.193678,0.073611,0.034963,0.011595,0.005038,0.000356,0.000082,0.016855,0.015650,0.035110,0.027158
mm_03ea40529f7b8a,0.016938,0.004552,0.003362,0.006511,0.002935,0.001932,0.000017,0.018479,0.020828,0.024752,0.018945,0.029650,0.010810,0.000327,0.028560,0.027640,0.029790,0.000911,0.000078,0.000000,0.002824,0.000231,0.001210,0.027724
mm_2d34552abf91ce,0.016938,0.005319,0.030528,0.050699,0.025108,0.029354,0.000416,0.000000,0.008069,0.014246,0.011511,0.028841,0.001099,0.008061,0.005353,0.002218,0.001481,0.000971,0.000249,0.000058,0.063789,0.052682,0.076785,0.078295
mm_cb95ff82b92477,0.016938,0.007691,0.004561,0.011887,0.005652,0.008285,0.000097,0.012788,0.018460,0.015758,0.024574,0.127154,0.261870,0.039459,0.053102,0.062910,0.055281,0.003569,0.000043,0.000079,0.030715,0.044392,0.054742,0.038787
mm_6bd7cea949a724,0.016938,0.000302,0.000208,0.000032,0.000090,0.000051,0.000000,0.000000,0.000018,0.000003,0.000010,0.000007,0.000000,0.000002,0.000002,0.000000,0.000001,0.000004,0.000000,0.010317,0.007917,0.002335,0.007642,0.008918
mm_6427e8eb592ef8,0.016938,0.000008,0.000009,0.000001,0.000002,0.000003,0.000000,0.000057,0.000183,0.000031,0.000024,0.000052,0.000002,0.000000,0.000023,0.000011,0.000082,0.000044,0.000003,0.000006,0.002745,0.000403,0.000646,0.002810
mm_ba0dcc9e8f915f,0.016938,0.000000,0.000230,0.000167,0.000503,0.000193,0.000013,0.000701,0.001398,0.000249,0.000750,0.001291,0.000075,0.000001,0.000010,0.000001,0.000008,0.000037,0.000025,0.000284,0.001806,0.000315,0.000594,0.002459
mm_175d48488d0e78,0.016938,0.002841,0.007785,0.012284,0.024547,0.024861,0.005472,0.741925,0.393224,0.227457,0.091499,0.030886,0.001302,0.059839,0.040114,0.055873,0.047399,0.050133,0.041574,0.091593,0.081893,0.116867,0.059403,0.073227
mm_9520ef9710750b,0.016938,0.007712,0.251600,0.331237,0.303808,0.317687,0.003856,0.057511,0.158433,0.125530,0.136892,0.117923,0.001194,0.665585,0.138644,0.071572,0.021489,0.002652,0.000034,0.147539,0.134657,0.112364,0.047141,0.055988
mm_9bd441690c7995,0.016938,0.000001,0.000058,0.000055,0.000192,0.000030,0.000000,0.535080,0.391596,0.214984,0.076519,0.042192,0.000193,0.353717,0.130123,0.097448,0.076340,0.011107,0.000064,0.125503,0.138541,0.107926,0.095617,0.074678
mm_91505892fdce5c,0.016938,0.118082,0.082563,0.064493,0.027990,0.062235,0.056019,0.435409,0.133359,0.055344,0.008442,0.035589,0.007608,0.018761,0.037482,0.055592,0.029572,0.076371,0.072645,0.052398,0.046944,0.068723,0.073406,0.060631
mm_7368d50b4bfcc9,0.016938,0.076793,0.028968,0.012689,0.011361,0.001442,0.000001,0.783142,0.355671,0.193132,0.028303,0.049006,0.001526,0.020253,0.003830,0.002608,0.000439,0.000664,0.000009,0.000003,0.007682,0.005780,0.019044,0.013355
mm_1d2759135d29d0,0.016938,0.006508,0.060918,0.057658,0.061124,0.062168,0.078172,0.181733,0.123250,0.054824,0.039087,0.004187,0.000908,0.013073,0.014307,0.026489,0.026428,0.014658,0.002124,0.096109,0.080444,0.133222,0.047274,0.055608
mm_fdc616fcc1450b,0.016938,0.000000,0.000004,0.000000,0.000005,0.000004,0.000000,0.000000,0.000008,0.000000,0.000003,0.000010,0.000000,0.000014,0.000062,0.000002,0.000003,0.000033,0.000005,0.001299,0.002407,0.000283,0.000636,0.002091
mm_2653324f000e03,0.016938,0.139041,0.182838,0.142984,0.082163,0.092877,0.002429,0.014567,0.117851,0.121616,0.023277,0.042048,0.000329,0.001059,0.002358,0.002207,0.007659,0.001250,0.000005,0.039295,0.089877,0.069026,0.035971,0.063476
mm_356b105d3388f9,0.016938,0.100832,0.064077,0.040450,0.004547,0.003551,0.000026,0.000002,0.000003,0.000000,0.000000,0.000001,0.000000,0.001032,0.001761,0.000809,0.001978,0.001185,0.000007,0.001670,0.002862,0.000380,0.001109,0.002329
mm_855f230743205b,0.016938,0.000607,0.001671,0.001894,0.001212,0.000068,0.000001,0.004188,0.002354,0.002111,0.000544,0.000268,0.000002,0.285118,0.249982,0.174667,0.125851,0.044668,0.000213,0.001407,0.038261,0.054213,0.051273,0.019444
mm_834e1f3aa5454b,0.016938,0.009259,0.139609,0.177962,0.217830,0.268151,0.018146,0.019179,0.067217,0.066657,0.082730,0.343729,0.555746,0.047094,0.186090,0.183873,0.269115,0.275943,0.026373,0.060049,0.110738,0.073465,0.033532,0.061378
mm_4de8c81d615e56,0.016938,0.005200,0.093750,0.129469,0.199883,0.166612,0.128332,0.048556,0.076155,0.058463,0.051717,0.063516,0.075931,0.000021,0.098703,0.140462,0.330453,0.040634,0.003771,0.010725,0.020066,0.015119,0.005276,0.011329
mm_63b612d0cda5a1,0.016938,0.000053,0.063687,0.076633,0.266224,0.167678,0.001097,0.000000,0.001181,0.000829,0.000180,0.000036,0.000000,0.650852,0.178963,0.066808,0.027795,0.003301,0.000176,0.042848,0.022709,0.010907,0.006415,0.004283
mm_dcbb1972fdc1bb,0.016938,0.304185,0.381780,0.355476,0.226397,0.211156,0.014772,0.007584,0.005187,0.014114,0.014397,0.015963,0.013998,0.013147,0.017553,0.028596,0.008558,0.002908,0.001549,0.045173,0.031081,0.052110,0.032914,0.026969
mm_0806a2a40f665a,0.016938,0.035826,0.031841,0.022733,0.056914,0.052920,0.004976,0.000003,0.001482,0.000662,0.001770,0.001926,0.000029,0.000582,0.001616,0.000056,0.000075,0.000399,0.000054,0.000001,0.000753,0.000081,0.000949,0.002312
mm_e4aa0c6b6464b8,0.016938,0.000000,0.000079,0.000003,0.000085,0.000309,0.000005,0.000018,0.012510,0.003838,0.002773,0.010647,0.000902,0.000000,0.000645,0.000080,0.000240,0.000671,0.000095,0.000000,0.005006,0.000548,0.002906,0.024899
mm_b8b3a8d4281221,0.016938,0.000000,0.010528,0.033414,0.171504,0.470175,0.709642,0.011748,0.051835,0.052561,0.038130,0.002862,0.000083,0.085510,0.196418,0.158736,0.252973,0.100898,0.002749,0.000004,0.009915,0.005258,0.037481,0.028034
mm_398f8dc858b364,0.016938,0.295149,0.167947,0.134313,0.248413,0.076838,0.000369,0.089639,0.150312,0.143091,0.122032,0.136072,0.003432,0.000012,0.104741,0.112481,0.130004,0.116000,0.001762,0.000004,0.012899,0.017139,0.014904,0.021460
mm_d9c5099e6c1480,0.016938,0.000002,0.000014,0.000001,0.000004,0.000007,0.000000,0.000035,0.000117,0.000008,0.000026,0.000085,0.000003,0.000000,0.000097,0.000001,0.000039,0.001188,0.000192,0.000105,0.001156,0.000140,0.000523,0.001009
mm_27ab2ecbfedf8f,0.016938,0.183132,0.145281,0.096927,0.032705,0.057916,0.009243,0.000936,0.005747,0.003477,0.002076,0.010373,0.009357,0.021502,0.023591,0.014881,0.038595,0.067361,0.234869,0.000021,0.003187,0.001571,0.005844,0.006984
mm_8517aea87ea63c,0.016938,0.266359,0.196673,0.149614,0.172009,0.101437,0.010462,0.036374,0.097115,0.107199,0.167325,0.262614,0.272619,0.102859,0.095357,0.127830,0.152296,0.112304,0.032730,0.119149,0.078877,0.110050,0.088049,0.055619
mm_778810dcc39ca3,0.016938,0.000113,0.026668,0.061286,0.023744,0.015132,0.014683,0.000691,0.000877,0.002449,0.000774,0.000594,0.000789,0.001033,0.050571,0.039707,0.093186,0.061189,0.003189,0.005021,0.026117,0.024467,0.016173,0.021163
mm_755a1fabdf4068,0.016938,0.000000,0.001025,0.001777,0.005331,0.027148,0.000437,0.184713,0.120591,0.082921,0.109765,0.079211,0.000734,0.051493,0.056943,0.060785,0.076004,0.042933,0.005027,0.000070,0.022079,0.047538,0.048562,0.018548
mm_835c33671d3b4a,0.016938,0.000066,0.000475,0.000186,0.000815,0.000731,0.000850,0.091922,0.098792,0.090992,0.123843,0.334632,0.744568,0.000010,0.005113,0.014201,0.018330,0.003528,0.001199,0.031745,0.022596,0.008505,0.006728,0.016714
mm_8d31dba22587af,0.016938,0.000000,0.000003,0.000000,0.000005,0.000003,0.000000,0.000000,0.000001,0.000000,0.000000,0.000001,0.000000,0.000006,0.000017,0.000001,0.000003,0.000015,0.000003,0.000190,0.000497,0.000016,0.000215,0.001077
mm_7a0b736d48323e,0.016938,0.000298,0.001882,0.005392,0.019977,0.017262,0.000180,0.038750,0.044630,0.050288,0.017812,0.029619,0.000492,0.015122,0.060431,0.119703,0.145713,0.361337,0.517524,0.006787,0.010277,0.004762,0.008216,0.009472
mm_810a5aa06846f5,0.016938,0.000081,0.000182,0.000112,0.000075,0.000028,0.000009,0.000000,0.000020,0.000002,0.000004,0.000008,0.000000,0.000000,0.000805,0.001138,0.001089,0.002306,0.000056,0.000093,0.026522,0.030024,0.028201,0.025151
mm_5a1d76f191b705,0.016938,0.148197,0.061788,0.033524,0.014921,0.006543,0.000008,0.010512,0.020364,0.037913,0.068429,0.348094,0.714491,0.000000,0.000500,0.002074,0.002341,0.001687,0.000014,0.000512,0.027849,0.029892,0.034798,0.020549
mm_0fb6a09485e094,0.016938,0.000210,0.001976,0.007434,0.010335,0.024221,0.000148,0.001685,0.002273,0.002007,0.003627,0.002060,0.000016,0.470138,0.362717,0.188823,0.058709,0.013591,0.000016,0.079448,0.059905,0.039922,0.014547,0.020697
mm_7fd3cdd71d7749,0.016938,0.000000,0.000602,0.001510,0.003656,0.001591,0.003366,0.000002,0.144094,0.248647,0.214947,0.097998,0.001263,0.289081,0.113373,0.102202,0.123379,0.035275,0.053747,0.061424,0.058863,0.098986,0.047776,0.039732
mm_1f1404809eb6de,0.016938,0.002570,0.005897,0.006951,0.019844,0.107613,0.907184,0.307197,0.247323,0.260976,0.147136,0.129062,0.003512,0.145159,0.136283,0.140178,0.167340,0.100673,0.010550,0.006096,0.005638,0.004775,0.004140,0.010381
mm_b2eba4f5e277c4,0.016938,0.000000,0.000180,0.000588,0.000532,0.000184,0.000000,0.675155,0.543769,0.398377,0.199877,0.121495,0.000205,0.002684,0.006082,0.006715,0.005028,0.004441,0.000010,0.005530,0.009407,0.003268,0.010479,0.034429
mm_226f9b9193c3ea,0.016938,0.000000,0.000006,0.000001,0.000007,0.000002,0.000000,0.000002,0.012300,0.010153,0.009605,0.003966,0.000024,0.000000,0.000002,0.000000,0.000006,0.000010,0.000000,0.033347,0.037082,0.025854,0.016750,0.026641
mm_356adb152b4720,0.016938,0.000000,0.000128,0.000192,0.001386,0.000262,0.000012,0.000664,0.000820,0.000552,0.000036,0.000060,0.000004,0.000024,0.000040,0.000001,0.000002,0.000046,0.000004,0.001910,0.005865,0.000913,0.001831,0.003489
mm_8f1957d2a43725,0.016938,0.088400,0.091406,0.086811,0.134552,0.079434,0.012774,0.271054,0.094583,0.042170,0.010585,0.004595,0.000674,0.000023,0.092369,0.227293,0.278541,0.202142,0.163693,0.000059,0.035583,0.069570,0.078638,0.078500
mm_74035a6fb4ac71,0.016938,0.186998,0.173430,0.151075,0.206560,0.207296,0.427507,0.000192,0.000933,0.003613,0.002838,0.004141,0.000022,0.476199,0.241554,0.172810,0.241153,0.069034,0.002029,0.044196,0.067370,0.048523,0.083686,0.053287
mm_ed099b4b9593e0,0.016938,0.044469,0.036150,0.026746,0.038148,0.016174,0.001022,0.114062,0.160220,0.171317,0.279034,0.358635,0.182588,0.001217,0.020855,0.031174,0.048983,0.043894,0.013645,0.167266,0.138494,0.161292,0.065473,0.054338
mm_7a2489b7ef66ee,0.016938,0.009237,0.002570,0.003376,0.002887,0.007111,0.008145,0.000631,0.000255,0.000092,0.000058,0.000121,0.000086,0.003982,0.003551,0.002094,0.003791,0.005214,0.001125,0.002724,0.002131,0.000539,0.001014,0.004486
mm_917a932bc3073e,0.016938,0.017652,0.034990,0.077696,0.190771,0.137149,0.004364,0.000234,0.033747,0.065153,0.049905,0.037748,0.004285,0.000000,0.001219,0.002220,0.003658,0.013033,0.026771,0.049876,0.038109,0.046912,0.050224,0.044339
mm_27f58a5dc20615,0.016938,0.044900,0.062600,0.067217,0.067203,0.020958,0.000176,0.007103,0.003152,0.002596,0.000549,0.000452,0.000001,0.000000,0.000002,0.000000,0.000000,0.000001,0.000000,0.000000,0.000809,0.000214,0.002580,0.006849
mm_a88eeeed5a1e3b,0.016938,0.011637,0.186262,0.255155,0.378819,0.305123,0.023936,0.075218,0.144271,0.112100,0.119682,0.188919,0.001334,0.000000,0.001090,0.004172,0.003095,0.002198,0.000039,0.010640,0.013484,0.006913,0.014047,0.026144
mm_632aeb6c5af179,0.016938,0.884414,0.089671,0.024414,0.016823,0.000392,0.000081,0.000000,0.045352,0.118819,0.169470,0.227002,0.019733,0.000072,0.008772,0.005874,0.031808,0.004540,0.003620,0.156090,0.107046,0.129614,0.072174,0.052593
mm_d3895fd817fd59,0.016938,0.000000,0.000020,0.000008,0.000091,0.000249,0.001172,0.000000,0.010330,0.026126,0.035884,0.109515,0.027923,0.000133,0.000354,0.000090,0.000138,0.002725,0.000478,0.080498,0.053247,0.095198,0.098041,0.064222
mm_7c74a061e0463d,0.016938,0.046629,0.020289,0.016622,0.007461,0.004899,0.022542,0.009306,0.004099,0.002937,0.001336,0.001602,0.001673,0.000194,0.000531,0.000132,0.000604,0.001260,0.002925,0.000003,0.005986,0.005858,0.013888,0.018832
mm_06a67a2137f844,0.016938,0.000000,0.000622,0.000675,0.004341,0.042953,0.030994,0.017477,0.005998,0.001693,0.000430,0.000266,0.000000,0.000000,0.005782,0.004163,0.007976,0.002273,0.000003,0.010717,0.011209,0.006481,0.005200,0.008102
mm_e2e1785a87b339,0.016938,0.104918,0.140444,0.168573,0.254955,0.289278,0.064223,0.033765,0.013612,0.007657,0.001487,0.000397,0.000002,0.000020,0.173759,0.255755,0.182572,0.075210,0.000010,0.044915,0.058220,0.055675,0.052996,0.056961
mm_3c482f213e68e2,0.016938,0.014321,0.023355,0.011368,0.012145,0.012453,0.000550,0.000001,0.000003,0.000000,0.000001,0.000001,0.000000,0.000000,0.000016,0.000000,0.000029,0.000269,0.000017,0.000047,0.001447,0.000230,0.000893,0.002992
mm_9fc36e6e99763d,0.016938,0.022717,0.021675,0.032314,0.007691,0.001462,0.000229,0.000001,0.004503,0.012122,0.002015,0.002940,0.001795,0.302968,0.067781,0.037401,0.028238,0.008141,0.001406,0.086724,0.050794,0.061306,0.022030,0.010387
mm_ac11a98a05b39a,0.016938,0.002850,0.006480,0.006575,0.002483,0.002373,0.000016,0.000547,0.001257,0.001261,0.001332,0.000952,0.000005,0.000000,0.001882,0.003424,0.002507,0.002024,0.000011,0.179800,0.144418,0.111988,0.084650,0.055633
mm_60c159a224f7c7,0.016938,0.102640,0.188599,0.105929,0.067537,0.024194,0.000001,0.007469,0.011335,0.011338,0.027550,0.087717,0.000915,0.091464,0.027943,0.029918,0.004520,0.002327,0.000061,0.065400,0.021609,0.016230,0.023877,0.005548
mm_413b4a62693ad1,0.016938,0.002103,0.027053,0.029042,0.043397,0.016184,0.000235,0.030814,0.037433,0.025397,0.020397,0.028979,0.004268,0.015326,0.005111,0.010013,0.011986,0.005334,0.001586,0.000086,0.044657,0.067455,0.156674,0.075232
mm_762b91e7e7f65a,0.016938,0.000024,0.000024,0.000003,0.000012,0.000014,0.000000,0.000117,0.000328,0.000488,0.000345,0.000159,0.000001,0.054481,0.025458,0.020773,0.004584,0.012337,0.017944,0.000014,0.002101,0.001021,0.003023,0.003838
mm_3d9870b2d62806,0.016938,0.187599,0.211236,0.160936,0.048919,0.065455,0.000555,0.368202,0.239586,0.176447,0.127591,0.117135,0.008090,0.000090,0.001661,0.001762,0.003272,0.000220,0.000044,0.000002,0.002197,0.000186,0.001231,0.008393
mm_6ef02d97175627,0.016938,0.099136,0.177718,0.125165,0.058962,0.037304,0.008152,0.030388,0.102991,0.121828,0.137226,0.381463,0.118731,0.055080,0.014809,0.013649,0.011007,0.004005,0.000949,0.002477,0.028576,0.013959,0.042731,0.047157
mm_d4245975ff973f,0.016938,0.015523,0.030682,0.043243,0.110801,0.200642,0.754893,0.047173,0.023859,0.036109,0.008376,0.004325,0.003103,0.050580,0.071045,0.041148,0.011659,0.029091,0.002303,0.000627,0.031569,0.053033,0.043953,0.019621
mm_6d6c0641c34ddb,0.016938,0.001308,0.001962,0.001005,0.001384,0.000587,0.000077,0.046763,0.112342,0.123062,0.148502,0.214518,0.080358,0.000229,0.000251,0.000157,0.000057,0.000073,0.000451,0.000002,0.002832,0.000898,0.011300,0.016399
mm_a962846781b260,0.016938,0.000000,0.000020,0.000043,0.000071,0.000018,0.000000,0.009502,0.003826,0.002422,0.000472,0.000352,0.000011,0.000061,0.000092,0.000004,0.000006,0.000034,0.000000,0.004490,0.006902,0.001624,0.005267,0.006048
mm_b0983c8ae2f73b,0.016938,0.000000,0.102609,0.293513,0.307410,0.180919,0.000714,0.000000,0.132616,0.193030,0.129183,0.143358,0.000364,0.009575,0.001287,0.000967,0.000195,0.000086,0.000134,0.006980,0.009204,0.001507,0.002529,0.003428
mm_e239b03c631331,0.016938,0.050170,0.053852,0.057354,0.124447,0.115253,0.043155,0.047968,0.138893,0.145862,0.146166,0.241922,0.001515,0.000000,0.000425,0.000421,0.001118,0.000330,0.000002,0.000022,0.009188,0.004939,0.016852,0.022866
mm_3c3476924b186b,0.016938,0.008748,0.021862,0.023788,0.029733,0.006433,0.001244,0.000020,0.000316,0.000090,0.000329,0.000544,0.000130,0.024904,0.012105,0.004758,0.004413,0.000703,0.000002,0.031000,0.029216,0.024173,0.012443,0.021614
mm_713bf18ffbad89,0.016938,0.000000,0.002153,0.003913,0.037814,0.012470,0.000665,0.000000,0.000531,0.000737,0.000521,0.000219,0.000047,0.000000,0.000065,0.000016,0.000331,0.001100,0.000367,0.000005,0.006470,0.000938,0.003789,0.020318
mm_606f644b66d4fd,0.016938,0.000000,0.002484,0.006117,0.039159,0.004230,0.002899,0.335517,0.249461,0.117809,0.038977,0.018279,0.001213,0.000714,0.000832,0.001311,0.002247,0.000863,0.000224,0.000580,0.034323,0.054022,0.041620,0.009679
mm_7353ab9ee5382a,0.016938,0.000113,0.000855,0.002209,0.002373,0.001059,0.000002,0.281199,0.303916,0.229766,0.177102,0.097675,0.000058,0.006915,0.001682,0.000875,0.000177,0.000179,0.000001,0.016620,0.021070,0.010101,0.026059,0.022163
mm_e2d0556d0f3f52,0.016938,0.300226,0.255921,0.203359,0.228352,0.092086,0.000079,0.000000,0.001858,0.002355,0.001079,0.000703,0.000000,0.000000,0.001224,0.001591,0.004483,0.001751,0.000003,0.000283,0.062648,0.097071,0.137732,0.101323
mm_50d9fec66adf1a,0.016938,0.471290,0.164510,0.123296,0.169968,0.048181,0.023943,0.000148,0.062095,0.098463,0.105573,0.088759,0.023739,0.000060,0.000099,0.000016,0.000008,0.000027,0.000005,0.002730,0.002161,0.000352,0.001239,0.002490
mm_5e7d0e0caa81db,0.016938,0.000000,0.001501,0.002051,0.012740,0.001559,0.000422,0.011656,0.010478,0.004004,0.002420,0.005595,0.000234,0.041910,0.023264,0.011987,0.006415,0.010764,0.010651,0.000045,0.028016,0.048115,0.062951,0.028300
mm_e219d4cd2461e1,0.016938,0.000000,0.000005,0.000003,0.000017,0.000004,0.000000,0.000000,0.000038,0.000005,0.000006,0.000021,0.000006,0.000014,0.000076,0.000002,0.000024,0.000313,0.000161,0.000001,0.002361,0.000382,0.003989,0.014790
mm_70f0ad1f0cc9bb,0.016938,0.007973,0.005724,0.007034,0.000722,0.000444,0.000023,0.000000,0.000026,0.000009,0.000009,0.000011,0.000003,0.000000,0.000004,0.000000,0.000006,0.000018,0.000000,0.004075,0.003420,0.000224,0.000846,0.002995
mm_402f651405fef3,0.016938,0.044048,0.053767,0.073556,0.063430,0.025916,0.000410,0.006812,0.016235,0.015063,0.019285,0.014062,0.000217,0.215893,0.106422,0.112505,0.030155,0.007694,0.000627,0.000000,0.018959,0.017418,0.027878,0.070657
mm_2f5813076c7972,0.016938,0.000000,0.000002,0.000000,0.000001,0.000002,0.000001,0.000000,0.000011,0.000006,0.000061,0.000101,0.000028,0.000000,0.001595,0.000572,0.017985,0.009249,0.000751,0.000032,0.011040,0.004852,0.024494,0.036497
mm_9964fa75d6b0f6,0.016938,0.000000,0.000001,0.000000,0.000000,0.000000,0.000000,0.000000,0.000024,0.000001,0.000017,0.000163,0.000005,0.000000,0.000003,0.000000,0.000002,0.000011,0.000001,0.000000,0.001095,0.000150,0.003326,0.009332
mm_4b7a2664c65919,0.016938,0.197627,0.146015,0.116792,0.024498,0.011568,0.000212,0.000002,0.022913,0.042451,0.044762,0.020839,0.000037,0.031959,0.060500,0.051329,0.108660,0.362285,0.394208,0.000001,0.012740,0.021823,0.023924,0.029851
mm_b1d4333a285b6b,0.016938,0.001538,0.009851,0.022930,0.062923,0.157845,0.005221,0.004399,0.004760,0.003289,0.001869,0.001537,0.000012,0.020422,0.042940,0.033999,0.029621,0.014905,0.000009,0.112062,0.114520,0.086609,0.041519,0.073091
mm_766c4d70f27d03,0.016938,0.037044,0.035330,0.026259,0.032104,0.021765,0.000933,0.000001,0.013133,0.024227,0.039409,0.161344,0.509106,0.034145,0.030642,0.037063,0.034092,0.011852,0.002051,0.000033,0.025981,0.040731,0.050174,0.038991
mm_fa0a69ae4bac2b,0.016938,0.019212,0.107013,0.094984,0.130146,0.058474,0.004217,0.094488,0.109581,0.092177,0.092830,0.097406,0.188862,0.000000,0.000382,0.000554,0.002040,0.000617,0.000001,0.005587,0.027228,0.013790,0.038406,0.052819
mm_7a6e7184355d79,0.016938,0.006229,0.011615,0.018937,0.011339,0.017380,0.000996,0.000000,0.000371,0.000847,0.000159,0.000116,0.000004,0.000000,0.000007,0.000000,0.000005,0.000331,0.000003,0.000001,0.008941,0.002941,0.008504,0.029010
mm_965dce67295012,0.016938,0.000075,0.000027,0.000002,0.000002,0.000004,0.000000,0.000000,0.000059,0.000162,0.000063,0.000027,0.000005,0.000050,0.000010,0.000001,0.000002,0.000002,0.000000,0.005775,0.004442,0.000588,0.001729,0.001900
mm_3b108e9331b79e,0.016938,0.005845,0.004669,0.005868,0.000822,0.000882,0.000139,0.000000,0.000099,0.000289,0.000045,0.000037,0.000002,0.037626,0.078800,0.065095,0.120022,0.043201,0.000085,0.164373,0.049158,0.032965,0.011614,0.012463
mm_6e9eb56f44f455,0.016938,0.049170,0.185724,0.189139,0.200331,0.220417,0.000517,0.012199,0.112036,0.120718,0.163763,0.379195,0.691835,0.135498,0.034635,0.018550,0.008540,0.006180,0.000449,0.042672,0.034228,0.027499,0.032612,0.015472
mm_ae3aa36d350d25,0.016938,0.054815,0.070529,0.077483,0.168198,0.232114,0.082256,0.123276,0.043422,0.029419,0.018208,0.003369,0.000031,0.007093,0.023719,0.028145,0.019262,0.007371,0.000206,0.135695,0.149053,0.145311,0.118607,0.159434
mm_349b0f798c3e6b,0.016938,0.000423,0.000888,0.000166,0.000374,0.000291,0.000062,0.000009,0.000082,0.000010,0.000005,0.000027,0.000001,0.000058,0.000314,0.000003,0.000021,0.000460,0.000047,0.000000,0.000415,0.000026,0.000385,0.000528
mm_6c63adecefef91,0.016938,0.000138,0.000030,0.000017,0.000006,0.000011,0.000000,0.000045,0.000087,0.000017,0.000034,0.000083,0.000005,0.000029,0.000073,0.000023,0.000126,0.000086,0.000013,0.000633,0.001007,0.000071,0.000224,0.000470
mm_f8b3d402b7205f,0.016938,0.012820,0.001736,0.001670,0.000516,0.000254,0.000110,0.000000,0.000097,0.000023,0.000079,0.000178,0.000036,0.060558,0.042433,0.058594,0.077093,0.019647,0.000929,0.000005,0.009423,0.006924,0.021407,0.026928
mm_264281ea325b99,0.016938,0.033278,0.018455,0.021637,0.005432,0.001473,0.000367,0.012531,0.014987,0.015706,0.001593,0.001317,0.000113,0.000000,0.000648,0.000215,0.004269,0.003589,0.000061,0.028829,0.031608,0.015218,0.024092,0.035403
mm_7a3f672b6464e7,0.016938,0.001621,0.010643,0.019233,0.035358,0.136372,0.781905,0.663253,0.234001,0.092938,0.047291,0.007036,0.001412,0.029420,0.011361,0.010602,0.001910,0.000914,0.002378,0.000001,0.003705,0.002861,0.018377,0.025202
mm_00618fef6f51f2,0.016938,0.000000,0.000366,0.002560,0.009028,0.018296,0.000008,0.368855,0.101591,0.051050,0.051240,0.009285,0.002334,0.005062,0.025347,0.026728,0.017995,0.019444,0.000372,0.174723,0.122456,0.088619,0.060125,0.069103
mm_0d202a3413ee41,0.016938,0.000557,0.032555,0.047878,0.070691,0.077528,0.000684,0.067142,0.080109,0.059048,0.055604,0.144671,0.866529,0.000003,0.013771,0.014693,0.023639,0.043418,0.000140,0.029575,0.027527,0.021448,0.023974,0.035018
mm_df4a617bcd5c23,0.016938,0.000108,0.000190,0.000044,0.000046,0.000070,0.000002,0.000000,0.000951,0.000288,0.000842,0.013103,0.006030,0.000003,0.000012,0.000000,0.000000,0.000002,0.000000,0.000000,0.000594,0.000059,0.001228,0.002021
mm_4fe5b7f5f16bd3,0.016938,0.096760,0.120014,0.120570,0.056640,0.104471,0.005185,0.363219,0.149138,0.098031,0.095071,0.102716,0.011922,0.208672,0.071868,0.088366,0.055315,0.012670,0.002773,0.020868,0.016933,0.019849,0.017751,0.011276
mm_cd8802f96d373b,0.016938,0.083607,0.055295,0.042096,0.016963,0.007935,0.000215,0.002575,0.001528,0.001589,0.000256,0.000037,0.000004,0.035476,0.045005,0.036231,0.005368,0.007960,0.000166,0.028994,0.019216,0.016132,0.008492,0.014020
mm_f23e8898070af8,0.016938,0.000129,0.000055,0.000022,0.000023,0.000021,0.000005,0.000103,0.000064,0.000049,0.000014,0.000011,0.000002,0.000001,0.000020,0.000001,0.000004,0.000051,0.000025,0.002056,0.001404,0.000360,0.000499,0.000842
mm_528ec671142d0c,0.016938,0.013343,0.019120,0.012921,0.003553,0.002615,0.000090,0.000000,0.003937,0.016865,0.017458,0.058953,0.001474,0.808109,0.238343,0.097652,0.043442,0.002247,0.000103,0.009627,0.009730,0.007044,0.005384,0.004742
mm_514b42ff00f6dc,0.016938,0.202040,0.102946,0.045111,0.043071,0.017106,0.000091,0.003779,0.020219,0.010820,0.008953,0.001105,0.000002,0.088539,0.025219,0.013971,0.009362,0.002330,0.000077,0.000000,0.004733,0.001838,0.009877,0.011672
mm_46cd2c39d0bba5,0.016938,0.000171,0.005501,0.007597,0.018685,0.129504,0.971507,0.002742,0.005675,0.004345,0.004680,0.005046,0.000003,0.000132,0.000889,0.002052,0.003849,0.170565,0.822769,0.165096,0.133368,0.108682,0.102171,0.066700
mm_2a44f982ff5717,0.016938,0.000003,0.064747,0.152161,0.165516,0.133692,0.012849,0.291131,0.116018,0.059557,0.058229,0.011567,0.001971,0.000639,0.023275,0.035783,0.059503,0.053697,0.020409,0.169867,0.110595,0.153603,0.034996,0.024567
mm_723116e9de8795,0.016938,0.526320,0.573666,0.405096,0.303964,0.044143,0.000047,0.245715,0.108192,0.052126,0.017836,0.014974,0.002637,0.189647,0.268212,0.300182,0.304210,0.389933,0.013995,0.131647,0.059781,0.062938,0.029353,0.032249
mm_addbeb7fc250b5,0.016938,0.000158,0.001919,0.009656,0.007619,0.018328,0.000011,0.000001,0.000298,0.001071,0.000539,0.000314,0.000000,0.185719,0.086633,0.102978,0.207303,0.034124,0.054744,0.091452,0.099689,0.074368,0.031204,0.058525
mm_4f7f8719e210d8,0.016938,0.038311,0.051617,0.070623,0.110123,0.166351,0.021142,0.030658,0.070064,0.058851,0.086465,0.198029,0.128624,0.000010,0.004239,0.005413,0.004170,0.002984,0.000159,0.000000,0.004699,0.002793,0.008170,0.010906
mm_0ec061f3fad685,0.016938,0.033256,0.037856,0.037428,0.044624,0.035719,0.031555,0.000003,0.000932,0.002243,0.001760,0.000458,0.000095,0.027429,0.020555,0.024554,0.003102,0.002892,0.001786,0.000739,0.037692,0.074282,0.069182,0.026386
mm_f8dc5ba504763a,0.016938,0.000003,0.000029,0.000006,0.000006,0.000003,0.000000,0.000000,0.000005,0.000000,0.000001,0.000003,0.000000,0.000154,0.001961,0.000186,0.000728,0.002706,0.000321,0.000001,0.002947,0.000402,0.002226,0.007935
mm_c2da80a120371d,0.016938,0.000020,0.040649,0.068657,0.048139,0.110038,0.006013,0.006649,0.003612,0.003000,0.000993,0.001110,0.000003,0.375278,0.235552,0.143880,0.096944,0.051329,0.001086,0.181616,0.146039,0.110916,0.083708,0.053114
mm_c70fd369e711f6,0.016938,0.000010,0.000008,0.000000,0.000002,0.000013,0.000001,0.000136,0.001500,0.000551,0.000495,0.000716,0.000141,0.000000,0.000214,0.000091,0.003280,0.003524,0.000355,0.006195,0.014639,0.009188,0.011348,0.014408
mm_c11c8be6205d56,0.016938,0.041500,0.062870,0.058653,0.034343,0.039146,0.001576,0.021940,0.005377,0.005231,0.000423,0.000689,0.000085,0.092363,0.071375,0.109690,0.284106,0.308391,0.518455,0.000001,0.032125,0.062441,0.127429,0.085896
mm_1559992ad962aa,0.016938,0.115540,0.113879,0.079096,0.069795,0.023064,0.000043,0.000438,0.000616,0.000398,0.000116,0.000116,0.000000,0.000242,0.000717,0.000744,0.000888,0.000504,0.000008,0.000072,0.016130,0.027361,0.025483,0.013018
mm_254b0827988ab3,0.016938,0.085361,0.137648,0.130950,0.140672,0.094356,0.009322,0.010096,0.018166,0.031369,0.002451,0.003647,0.009133,0.251215,0.030539,0.031702,0.006370,0.002247,0.000532,0.227974,0.146581,0.279920,0.043223,0.047496
mm_c51f222121b9e0,0.016938,0.047810,0.067363,0.146510,0.171887,0.196222,0.012659,0.019295,0.053473,0.063830,0.076315,0.138102,0.011215,0.002171,0.003696,0.005345,0.002473,0.003452,0.000043,0.022645,0.014640,0.005304,0.012700,0.018513
mm_83835db9b96140,0.016938,0.001665,0.007004,0.010917,0.009602,0.003723,0.004004,0.041952,0.057351,0.045594,0.021269,0.042197,0.043551,0.002059,0.000563,0.000586,0.000490,0.000304,0.000332,0.054164,0.042500,0.051547,0.020822,0.022281
mm_8052a9fbdcfb93,0.016938,0.028120,0.021482,0.034260,0.104134,0.052758,0.000408,0.000000,0.000186,0.001533,0.002141,0.007952,0.000010,0.123057,0.094252,0.097278,0.229276,0.348243,0.386754,0.000073,0.027267,0.032929,0.065312,0.033635
mm_cb918906f69eba,0.016938,0.000495,0.001035,0.002934,0.013759,0.134063,0.933890,0.037619,0.055819,0.038071,0.025169,0.030852,0.016125,0.032739,0.008770,0.020366,0.005820,0.004989,0.002430,0.062107,0.052945,0.039565,0.045461,0.031923
mm_afa9cf718e26da,0.016938,0.002929,0.009974,0.016667,0.027881,0.054454,0.050299,0.002389,0.021573,0.083653,0.154934,0.157010,0.008888,0.000023,0.100969,0.201338,0.276065,0.379475,0.684100,0.183174,0.065664,0.093364,0.027359,0.020888
mm_3e0033e5047ecb,0.016938,0.060735,0.051519,0.051723,0.070791,0.130303,0.871589,0.007905,0.076079,0.090112,0.025898,0.040002,0.027819,0.086588,0.052691,0.051797,0.104625,0.091616,0.018221,0.462942,0.186372,0.266402,0.038860,0.019364
mm_77bb2432c39020,0.016938,0.000010,0.000008,0.000001,0.000002,0.000002,0.000000,0.000254,0.000351,0.000360,0.000223,0.000254,0.000014,0.000505,0.000189,0.000092,0.000036,0.000033,0.000020,0.000001,0.003563,0.001145,0.006877,0.013560
mm_c1eea8a8aa1e93,0.016938,0.000002,0.000859,0.002001,0.001120,0.000579,0.000100,0.000071,0.000062,0.000003,0.000002,0.000012,0.000000,0.000000,0.000001,0.000000,0.000002,0.000003,0.000000,0.000001,0.001026,0.000082,0.001524,0.005894
mm_8d7f64650e42be,0.016938,0.000000,0.000003,0.000002,0.000016,0.000004,0.000000,0.000040,0.000218,0.000020,0.000013,0.000053,0.000000,0.000000,0.000018,0.000003,0.000074,0.000042,0.000000,0.000006,0.015689,0.002785,0.008236,0.040737
mm_bf9620a82f7cb2,0.016938,0.005738,0.003937,0.004656,0.002569,0.001486,0.000271,0.167750,0.194126,0.124310,0.085326,0.048800,0.009025,0.000053,0.018174,0.078135,0.025140,0.004858,0.009038,0.000061,0.037639,0.082630,0.129318,0.069311
mm_c40018b728e055,0.016938,0.009211,0.022147,0.026093,0.015424,0.002713,0.000011,0.009610,0.048515,0.032520,0.025524,0.240029,0.687198,0.046803,0.030279,0.057164,0.028011,0.042828,0.011093,0.334287,0.225549,0.152955,0.169376,0.069068
mm_02548b8037057f,0.016938,0.000001,0.005408,0.001460,0.001963,0.002182,0.000048,0.000000,0.000010,0.000001,0.000003,0.000006,0.000000,0.003259,0.002511,0.001105,0.000561,0.000394,0.000095,0.171405,0.084506,0.031891,0.007580,0.008615
mm_815cb4c7084a8f,0.016938,0.000004,0.000015,0.000026,0.000019,0.000005,0.000000,0.000000,0.000001,0.000000,0.000000,0.000002,0.000000,0.000000,0.000000,0.000000,0.000000,0.000002,0.000000,0.000254,0.001051,0.000199,0.000250,0.000507
mm_1b10e550154ab8,0.016938,0.146922,0.031699,0.008764,0.007049,0.001557,0.000001,0.000246,0.002847,0.002419,0.003597,0.001170,0.000002,0.057053,0.074012,0.071386,0.105054,0.048430,0.000967,0.000012,0.028490,0.041734,0.079078,0.098091
mm_094d2e9663ba5a,0.016938,0.170939,0.042960,0.028217,0.004535,0.002179,0.000181,0.000590,0.022028,0.040771,0.024170,0.034751,0.006428,0.005798,0.095127,0.192184,0.164024,0.269055,0.000714,0.000000,0.008866,0.008331,0.025386,0.035523
mm_b7d888809fcb84,0.016938,0.000182,0.002382,0.006170,0.008666,0.007099,0.000009,0.000011,0.090158,0.247016,0.143363,0.179689,0.000612,0.877714,0.348440,0.206068,0.098296,0.005489,0.000471,0.033117,0.060387,0.048557,0.033938,0.032539
mm_0f017bc6bf71d2,0.016938,0.086601,0.116806,0.124522,0.088478,0.140859,0.198246,0.179524,0.185329,0.159269,0.196245,0.102755,0.058342,0.000000,0.010425,0.016967,0.104484,0.019306,0.002909,0.030210,0.025472,0.062072,0.040165,0.024903
mm_19325fdb558e72,0.016938,0.053720,0.109388,0.092785,0.087038,0.071250,0.000198,0.000011,0.029058,0.052970,0.057098,0.508066,0.904677,0.014507,0.009064,0.009788,0.008565,0.001977,0.000151,0.136632,0.143996,0.101614,0.050800,0.045760
mm_a73a2bbbe5c4c1,0.016938,0.001572,0.013642,0.021788,0.056373,0.207007,0.938219,0.000000,0.000199,0.000310,0.000404,0.000690,0.000000,0.005710,0.002691,0.001409,0.000719,0.000191,0.000001,0.002602,0.002784,0.000304,0.001882,0.002658
mm_91fe00433548b1,0.016938,0.007293,0.028441,0.032758,0.034244,0.089522,0.005721,0.006337,0.002613,0.001864,0.001933,0.000690,0.000794,0.003528,0.046254,0.066036,0.086411,0.112276,0.288225,0.135876,0.109870,0.145114,0.124469,0.111056
mm_bba36ea13db95d,0.016938,0.000206,0.000059,0.000007,0.000014,0.000052,0.000044,0.000180,0.000368,0.000133,0.000097,0.000375,0.000136,0.000001,0.000004,0.000000,0.000001,0.000017,0.000002,0.003451,0.001601,0.000246,0.001093,0.001831
mm_17529fc5b7edb4,0.016938,0.043188,0.037102,0.034048,0.035244,0.034355,0.021952,0.000128,0.086937,0.247998,0.042182,0.009579,0.002013,0.000000,0.020216,0.013530,0.019528,0.208508,0.126954,0.029792,0.024315,0.032992,0.031819,0.041393
mm_9d9d0059932bf2,0.016938,0.000000,0.000009,0.000001,0.000017,0.000013,0.000002,0.000000,0.000056,0.000007,0.000028,0.000151,0.000034,0.000011,0.000044,0.000013,0.000012,0.000021,0.000009,0.000000,0.001518,0.000165,0.001887,0.012609
mm_260f6fdd83aa36,0.016938,0.000000,0.000007,0.000003,0.000030,0.000008,0.000001,0.000010,0.005811,0.002798,0.027252,0.015415,0.001864,0.000057,0.000047,0.000015,0.000047,0.000021,0.000000,0.000014,0.004708,0.004662,0.011879,0.012247
mm_365fc12a3d5ca2,0.016938,0.000396,0.000247,0.000324,0.000160,0.000150,0.000170,0.000102,0.000190,0.000363,0.000013,0.000013,0.000009,0.000000,0.000003,0.000001,0.000002,0.000006,0.000002,0.000811,0.002222,0.000278,0.000727,0.001042
mm_a1a8093995b5e1,0.016938,0.000032,0.000009,0.000000,0.000001,0.000004,0.000001,0.000020,0.022514,0.031699,0.048087,0.011131,0.001507,0.000002,0.000007,0.000000,0.000008,0.000016,0.000006,0.000444,0.007443,0.001325,0.002308,0.009601
mm_61dae3acd7b3ee,0.016938,0.048545,0.018688,0.024016,0.003593,0.002070,0.000016,0.074291,0.094719,0.130178,0.013055,0.027700,0.000015,0.791698,0.307178,0.171852,0.048676,0.006067,0.000004,0.126428,0.110298,0.092161,0.057540,0.041385
mm_376e9e38213d6d,0.016938,0.000014,0.201506,0.346486,0.286360,0.098516,0.000166,0.178855,0.217813,0.201551,0.228922,0.408597,0.796313,0.030018,0.147592,0.189559,0.184189,0.412199,0.130227,0.234284,0.119113,0.072084,0.024963,0.016975
mm_e098266049d687,0.016938,0.000006,0.000005,0.000002,0.000010,0.000007,0.000001,0.000125,0.000349,0.000158,0.000266,0.001652,0.005999,0.007239,0.011000,0.009373,0.003979,0.004781,0.002100,0.013521,0.011652,0.009692,0.006597,0.021431
mm_e682ab40868743,0.016938,0.000405,0.000348,0.000210,0.000293,0.000188,0.000025,0.000000,0.000046,0.000015,0.000023,0.000011,0.000001,0.000439,0.000738,0.000171,0.000416,0.000216,0.000005,0.000001,0.000646,0.000039,0.000367,0.001464
mm_c1c0ca3dc112d5,0.016938,0.019884,0.038788,0.050869,0.087765,0.124452,0.091999,0.335175,0.277118,0.192948,0.214754,0.137911,0.001849,0.000339,0.001071,0.000970,0.000702,0.000827,0.000005,0.062164,0.047832,0.032694,0.030818,0.026091
mm_60dc87d9ba4373,0.016938,0.025919,0.034303,0.033352,0.165725,0.408214,0.389431,0.000000,0.003235,0.003624,0.006010,0.006819,0.000025,0.541964,0.375310,0.266798,0.106759,0.068894,0.000174,0.000234,0.014692,0.008665,0.032205,0.023126
mm_e49ea15dcbb13a,0.016938,0.000097,0.000294,0.002705,0.012640,0.024691,0.000030,0.000001,0.011289,0.011055,0.004238,0.001569,0.000001,0.003918,0.002543,0.001619,0.002168,0.000256,0.000000,0.000205,0.038026,0.038122,0.029838,0.024027
mm_1d3655a39a3165,0.016938,0.000004,0.000008,0.000001,0.000002,0.000003,0.000000,0.000000,0.000232,0.000075,0.000791,0.001236,0.000107,0.000001,0.000005,0.000000,0.000002,0.000008,0.000000,0.000057,0.000141,0.000002,0.000018,0.000239
mm_3b6d9705b10e93,0.016938,0.000990,0.223186,0.258911,0.185309,0.086614,0.000469,0.000003,0.054828,0.076648,0.077473,0.283812,0.963199,0.092206,0.101926,0.098420,0.124079,0.111182,0.007167,0.226446,0.138327,0.093885,0.097188,0.048600
mm_af191932298260,0.016938,0.000000,0.000218,0.000035,0.003800,0.020115,0.051428,0.000001,0.000030,0.000001,0.000009,0.000118,0.000218,0.000081,0.000075,0.000005,0.000038,0.000121,0.000013,0.000239,0.000617,0.000037,0.000223,0.001065
mm_afcb343b916418,0.016938,0.000000,0.000190,0.000029,0.000276,0.000259,0.000009,0.000000,0.000883,0.000299,0.001612,0.011655,0.001626,0.000004,0.001358,0.000082,0.000402,0.001038,0.000356,0.000000,0.002154,0.000173,0.001251,0.006313
mm_a35cbe96d38e25,0.016938,0.000000,0.000053,0.000185,0.000176,0.000048,0.000002,0.004403,0.003613,0.003796,0.002747,0.001934,0.000005,0.004957,0.001715,0.001525,0.000295,0.000097,0.000007,0.046128,0.020690,0.013826,0.010296,0.005064
mm_44a9be30ad16f0,0.016938,0.012069,0.010802,0.011063,0.013555,0.008412,0.001339,0.176694,0.275171,0.235804,0.243974,0.249110,0.052903,0.000000,0.000612,0.002917,0.000693,0.000072,0.000004,0.118092,0.162644,0.142477,0.099019,0.070412
mm_c9c6d36269cb9a,0.016938,0.000028,0.000014,0.000001,0.000004,0.000002,0.000000,0.000002,0.006348,0.011731,0.005922,0.002173,0.000010,0.022553,0.021782,0.014024,0.005903,0.001403,0.000003,0.122706,0.165382,0.141831,0.105444,0.128294
mm_8ba2f24ee3e7a4,0.016938,0.000000,0.000142,0.000220,0.000457,0.000465,0.000000,0.033001,0.024610,0.011909,0.007236,0.028550,0.001262,0.149554,0.220297,0.179929,0.261575,0.090250,0.083302,0.129546,0.099628,0.067038,0.013064,0.012479
mm_516a22516a3bc4,0.016938,0.000149,0.000077,0.000045,0.000027,0.000008,0.000001,0.000782,0.001510,0.001012,0.000092,0.000348,0.000224,0.000000,0.000003,0.000000,0.000002,0.000002,0.000000,0.001931,0.004503,0.000343,0.002847,0.010542
mm_c96d786c071f7f,0.016938,0.000004,0.013535,0.026303,0.027804,0.015388,0.010537,0.095132,0.052072,0.033960,0.025056,0.018899,0.002092,0.001312,0.002088,0.004300,0.007863,0.001595,0.000372,0.000006,0.003247,0.001940,0.012823,0.011328
mm_a3896340de3c01,0.016938,0.292582,0.233204,0.162045,0.155580,0.037389,0.003868,0.000001,0.020311,0.041661,0.035448,0.039647,0.003088,0.001450,0.033439,0.043016,0.113070,0.251781,0.103606,0.145546,0.113377,0.102084,0.077290,0.080243
mm_c9da7c3b1ef310,0.016938,0.002195,0.032817,0.051352,0.097522,0.079442,0.213773,0.051688,0.010727,0.008531,0.001306,0.000994,0.001889,0.000000,0.000756,0.000413,0.003282,0.002618,0.000930,0.000000,0.005585,0.005982,0.011641,0.040248
mm_a381de32145477,0.016938,0.000000,0.002237,0.002118,0.005675,0.002368,0.000018,0.000006,0.102826,0.099061,0.072950,0.055810,0.001318,0.026136,0.054078,0.038441,0.009507,0.008030,0.000084,0.000016,0.006367,0.006936,0.014463,0.015299
mm_d76c79ca3904ec,0.016938,0.002772,0.087134,0.178714,0.199767,0.183958,0.010186,0.039972,0.076183,0.047257,0.040350,0.005643,0.000017,0.001345,0.006072,0.006343,0.002611,0.003939,0.000073,0.143382,0.109303,0.085841,0.065660,0.077101
mm_d3aff7eb7f3a51,0.016938,0.000107,0.000092,0.000004,0.000023,0.000025,0.000001,0.000435,0.003632,0.002599,0.000178,0.000210,0.000285,0.000000,0.001813,0.003849,0.002346,0.000264,0.000001,0.000000,0.005591,0.000701,0.003664,0.020609
mm_f5f8cd3469e20a,0.016938,0.183327,0.406143,0.398362,0.175062,0.348672,0.002249,0.009323,0.010069,0.008990,0.004969,0.003605,0.000029,0.254807,0.276897,0.283776,0.507844,0.499682,0.029743,0.039475,0.045932,0.058800,0.029443,0.029550
mm_cfbc9c695ef140,0.016938,0.000015,0.000038,0.000007,0.000011,0.000008,0.000000,0.000000,0.000001,0.000000,0.000000,0.000000,0.000000,0.000000,0.000001,0.000000,0.000000,0.000000,0.000000,0.000038,0.001795,0.000290,0.002257,0.005635
mm_2bb2a9177353c3,0.016938,0.000001,0.000339,0.000501,0.001756,0.000353,0.000006,0.115120,0.021632,0.009301,0.002137,0.000601,0.000001,0.002834,0.000553,0.000140,0.000028,0.000044,0.000001,0.000000,0.013314,0.018309,0.048613,0.042883
mm_41dadae5c1a1ec,0.016938,0.000004,0.032080,0.098756,0.121068,0.031125,0.000550,0.000000,0.000201,0.000609,0.000567,0.000205,0.000071,0.005397,0.004937,0.003767,0.002792,0.006323,0.000399,0.018014,0.008788,0.008399,0.004771,0.009504
mm_b4413707dd2f02,0.016938,0.006467,0.017148,0.026237,0.035204,0.053618,0.010307,0.037749,0.030738,0.025783,0.041421,0.032089,0.010525,0.044558,0.018205,0.021792,0.007945,0.001349,0.000456,0.001080,0.014434,0.029346,0.015330,0.011273
mm_ddfc368552b6c1,0.016938,0.159139,0.064183,0.058326,0.010961,0.006424,0.000450,0.000036,0.001377,0.002015,0.003053,0.002208,0.000211,0.000014,0.081876,0.188802,0.312144,0.316373,0.001958,0.036425,0.036613,0.017887,0.018003,0.037595
mm_a7cfd61383933e,0.016938,0.001714,0.000420,0.000217,0.000106,0.000015,0.000001,0.000353,0.001189,0.000935,0.002939,0.008328,0.006712,0.000095,0.001072,0.000289,0.000684,0.000645,0.000009,0.000000,0.003206,0.001478,0.006634,0.014518
mm_a1359013ada443,0.016938,0.000024,0.000073,0.000013,0.000030,0.000022,0.000002,0.000277,0.000500,0.000142,0.000199,0.000493,0.000751,0.000024,0.000050,0.000004,0.000007,0.000060,0.000058,0.000044,0.000254,0.000012,0.000067,0.000937
mm_7e7ab5d79b276b,0.016938,0.589660,0.205774,0.116844,0.158985,0.024371,0.003723,0.245744,0.172691,0.115207,0.075445,0.048233,0.006836,0.014184,0.006967,0.007522,0.003893,0.003438,0.001593,0.122091,0.106352,0.087686,0.097218,0.070471
mm_aba82e3f1e36c8,0.016938,0.000000,0.000733,0.001832,0.004516,0.008793,0.000084,0.319473,0.042566,0.028246,0.021298,0.001715,0.000985,0.047859,0.083798,0.093716,0.121532,0.087641,0.000527,0.000003,0.006757,0.003306,0.021901,0.022132
mm_c4c0487c4ad2d4,0.016938,0.003458,0.008738,0.010245,0.042929,0.075743,0.000245,0.000562,0.007719,0.013689,0.001025,0.001014,0.000009,0.000008,0.022368,0.033578,0.059213,0.252669,0.823217,0.034107,0.040574,0.030869,0.030218,0.022002
mm_8871a920a8b0bf,0.016938,0.000445,0.000060,0.000033,0.000016,0.000008,0.000013,0.000001,0.008888,0.017421,0.016241,0.009726,0.000800,0.000088,0.000274,0.000115,0.000314,0.000218,0.000046,0.000018,0.004474,0.002753,0.002903,0.005451
mm_b80c6272f27f10,0.016938,0.118887,0.019327,0.019601,0.002636,0.002360,0.000181,0.000000,0.000245,0.000360,0.000179,0.000103,0.000047,0.000000,0.000007,0.000000,0.000038,0.000055,0.000003,0.001087,0.003204,0.000257,0.001284,0.002814
mm_9be12556e8aa32,0.016938,0.000137,0.021537,0.031974,0.050050,0.147492,0.882739,0.067107,0.072291,0.071914,0.080240,0.030894,0.008662,0.085434,0.162126,0.196969,0.225088,0.284228,0.023365,0.046302,0.098243,0.072038,0.076298,0.079059
mm_90bc9bb63b3b9f,0.016938,0.000000,0.000045,0.000081,0.000030,0.000004,0.000000,0.000000,0.001178,0.002044,0.000820,0.000938,0.000000,0.000000,0.000057,0.000006,0.000256,0.000144,0.000003,0.000122,0.002371,0.000122,0.001599,0.004903
mm_b69617e6ccc511,0.016938,0.044257,0.009540,0.004632,0.002733,0.003999,0.001279,0.000001,0.000014,0.000000,0.000001,0.000106,0.000011,0.000236,0.000244,0.000072,0.000115,0.000359,0.000232,0.000755,0.001021,0.000109,0.000505,0.002051
mm_38dfc042f58cb0,0.016938,0.763744,0.375310,0.181128,0.128732,0.021435,0.000968,0.003437,0.001475,0.003564,0.000349,0.000115,0.000015,0.000180,0.010671,0.013603,0.017656,0.027243,0.015529,0.051167,0.020967,0.031625,0.010228,0.009303
mm_65dca92c1cdedd,0.016938,0.000020,0.007007,0.013503,0.036015,0.170100,0.926624,0.781140,0.394462,0.156682,0.117247,0.008942,0.000068,0.156243,0.149909,0.092456,0.019373,0.022292,0.000177,0.070328,0.106562,0.101832,0.069017,0.101352
mm_56ea7bd1bca625,0.016938,0.018642,0.017614,0.016588,0.025263,0.013896,0.000310,0.013996,0.034847,0.047221,0.024731,0.012762,0.000114,0.101284,0.121534,0.129540,0.109650,0.088957,0.002026,0.096551,0.127529,0.126780,0.098121,0.122497
mm_eb9096d3a155e9,0.016938,0.177968,0.064681,0.067945,0.166455,0.189055,0.297425,0.000000,0.003784,0.010496,0.006846,0.020955,0.000426,0.000010,0.017735,0.025982,0.015040,0.006456,0.000280,0.039058,0.051660,0.043383,0.044740,0.054328
mm_b4c6395d02c4a1,0.016938,0.000000,0.000000,0.000000,0.000000,0.000000,0.000000,0.123616,0.050037,0.033593,0.004092,0.003199,0.001127,0.000041,0.048819,0.111057,0.115604,0.068096,0.117187,0.000002,0.005980,0.004927,0.015011,0.017297
mm_6f83073937dbf9,0.016938,0.747557,0.133978,0.043110,0.021851,0.001120,0.000015,0.000000,0.000711,0.001401,0.000729,0.000333,0.000001,0.005934,0.001011,0.000688,0.001319,0.000212,0.000001,0.000076,0.020318,0.020132,0.031379,0.016400
mm_9861ceecbf44f7,0.016938,0.000000,0.000084,0.000191,0.000669,0.000306,0.000035,0.000000,0.002459,0.002913,0.001362,0.000854,0.000600,0.000007,0.081407,0.217821,0.322579,0.467300,0.117508,0.000004,0.015237,0.012283,0.014943,0.064249
mm_bc29be05157c3d,0.016938,0.000000,0.000001,0.000000,0.000002,0.000001,0.000001,0.000000,0.000148,0.000476,0.000338,0.000073,0.000011,0.000000,0.001203,0.000547,0.003791,0.002048,0.000774,0.000000,0.003018,0.000470,0.003846,0.039231
mm_e9155bbff88049,0.016938,0.000000,0.001351,0.001651,0.002335,0.003837,0.000001,0.429401,0.406604,0.324445,0.253011,0.129062,0.000208,0.023383,0.174076,0.136092,0.117152,0.026402,0.000370,0.039464,0.181705,0.115582,0.042945,0.171270
mm_b3759fa73c8b9b,0.016938,0.000002,0.000691,0.000536,0.000593,0.000125,0.000001,0.000301,0.049672,0.090324,0.050960,0.028987,0.000025,0.010938,0.017527,0.015623,0.014924,0.013803,0.000362,0.164292,0.075709,0.056797,0.028663,0.043005
mm_560c50f214eaf8,0.016938,0.085614,0.099806,0.080568,0.080786,0.054502,0.010569,0.025518,0.049699,0.047469,0.043458,0.065571,0.002319,0.000000,0.000199,0.000074,0.001332,0.001623,0.000458,0.017186,0.035542,0.004182,0.006209,0.020832
mm_5e6bb4235f715f,0.016938,0.332498,0.147631,0.069908,0.024008,0.006182,0.000159,0.000012,0.139920,0.233700,0.252313,0.367957,0.004366,0.005937,0.008750,0.005520,0.000603,0.000425,0.000001,0.000065,0.021447,0.027784,0.019941,0.011996
mm_8b7f48c5a87b46,0.016938,0.000209,0.000186,0.000615,0.000131,0.000124,0.000001,0.773935,0.430750,0.217775,0.042277,0.019233,0.000461,0.000013,0.000103,0.000059,0.000219,0.000161,0.000079,0.001009,0.002840,0.000528,0.000787,0.001834
mm_04f8be6dabf472,0.016938,0.000470,0.000301,0.000094,0.000029,0.000032,0.000001,0.000004,0.000009,0.000000,0.000000,0.000005,0.000000,0.000004,0.000012,0.000001,0.000003,0.000003,0.000000,0.000032,0.001406,0.000138,0.001827,0.007762
mm_9ae3e3670ae5be,0.016938,0.000004,0.006520,0.006681,0.004512,0.001308,0.000001,0.186404,0.414757,0.278374,0.077913,0.123736,0.000024,0.000162,0.001088,0.001156,0.000991,0.000523,0.000033,0.000028,0.026542,0.037780,0.034534,0.016783
mm_1a73346d2bbc91,0.016938,0.000052,0.000156,0.000180,0.000350,0.000194,0.000124,0.026602,0.088905,0.060027,0.020490,0.137364,0.844015,0.288603,0.108626,0.106274,0.182907,0.089134,0.014329,0.000078,0.023437,0.032351,0.047901,0.034702
mm_6c46ef0a08b4ca,0.016938,0.119536,0.120107,0.131431,0.266740,0.260336,0.759400,0.000001,0.000809,0.001910,0.000948,0.000256,0.000047,0.003038,0.022117,0.048464,0.061429,0.312203,0.914910,0.106502,0.055340,0.061482,0.025077,0.010626
mm_41347a964085d5,0.016938,0.129319,0.114339,0.074893,0.029223,0.026988,0.024621,0.000003,0.036056,0.131826,0.039067,0.037189,0.033176,0.000038,0.000051,0.000034,0.000026,0.000020,0.000022,0.000202,0.002712,0.000578,0.002240,0.011307
mm_5e37c021882681,0.016938,0.000029,0.000043,0.000002,0.000025,0.000050,0.000020,0.000000,0.000085,0.000005,0.000005,0.000097,0.000045,0.000000,0.000040,0.000000,0.000027,0.000489,0.000045,0.000000,0.001541,0.000122,0.000681,0.007935
mm_47c06fb44f2060,0.016938,0.198974,0.145417,0.094140,0.091402,0.025129,0.013565,0.066561,0.077783,0.059605,0.057654,0.055133,0.031262,0.056919,0.139658,0.165259,0.186740,0.163319,0.044382,0.038038,0.031423,0.038672,0.041439,0.056068
mm_4ebbd3d0c170e0,0.016938,0.334108,0.039736,0.012552,0.006974,0.002237,0.000314,0.047842,0.045298,0.067687,0.024157,0.019472,0.025312,0.005478,0.040647,0.052961,0.028190,0.010197,0.002375,0.179437,0.038947,0.032119,0.008415,0.010463
mm_aaf1704f320033,0.016938,0.037759,0.071008,0.062778,0.065503,0.026691,0.002206,0.137195,0.166870,0.142966,0.147699,0.166325,0.748898,0.244848,0.165500,0.119658,0.025135,0.107951,0.181591,0.091085,0.047916,0.075344,0.020748,0.024414
mm_c47400158bb3c5,0.016938,0.000135,0.000809,0.001020,0.002275,0.001530,0.000002,0.133489,0.140501,0.094731,0.097782,0.077838,0.027852,0.000031,0.001115,0.003052,0.004345,0.002643,0.001808,0.266959,0.170970,0.106016,0.028650,0.042800
mm_d6e675e45a7e13,0.016938,0.000002,0.024927,0.041909,0.086465,0.011812,0.000175,0.000008,0.000094,0.000014,0.000054,0.000034,0.000002,0.123703,0.030288,0.018083,0.008278,0.005661,0.000995,0.001251,0.003957,0.000406,0.001172,0.003200
mm_6ea8d4bed038d1,0.016938,0.233328,0.370341,0.340913,0.412801,0.275671,0.001886,0.000067,0.053984,0.089867,0.089143,0.354650,0.645398,0.000006,0.001191,0.002297,0.002594,0.000808,0.000760,0.155673,0.132698,0.102970,0.119134,0.087617
mm_74ee6cc52d6ac1,0.016938,0.000001,0.002261,0.005631,0.004416,0.004378,0.000001,0.347125,0.144270,0.095203,0.060979,0.019990,0.000347,0.026846,0.015479,0.014941,0.006596,0.002372,0.000072,0.102503,0.108061,0.090876,0.059859,0.081972
mm_4896cac349626b,0.016938,0.012893,0.020455,0.030755,0.075475,0.243525,0.812216,0.012297,0.015569,0.014430,0.007371,0.014413,0.000051,0.142281,0.108214,0.133210,0.091287,0.053165,0.000467,0.000001,0.012348,0.020514,0.024929,0.016521
mm_0861393f5a2e70,0.016938,0.009966,0.011898,0.010036,0.019890,0.093875,0.887451,0.537365,0.283564,0.148825,0.054682,0.028951,0.000097,0.000001,0.004669,0.004132,0.006646,0.004243,0.000032,0.000186,0.026924,0.025870,0.023285,0.015690
mm_6b927cf397964b,0.016938,0.004354,0.013797,0.019613,0.036607,0.168814,0.965937,0.002707,0.005062,0.004239,0.003507,0.005793,0.006009,0.000007,0.033068,0.062255,0.058610,0.013658,0.001277,0.224207,0.163313,0.189258,0.070730,0.037674
mm_3d83f89e9d03af,0.016938,0.002591,0.002154,0.000913,0.001261,0.001120,0.001126,0.000055,0.000074,0.000070,0.000089,0.000069,0.000031,0.000001,0.000525,0.000292,0.000160,0.000180,0.000208,0.002620,0.002083,0.000544,0.001522,0.009880
mm_87eb03a0e28abd,0.016938,0.000039,0.001221,0.001192,0.010003,0.001930,0.000044,0.004623,0.153496,0.261315,0.073530,0.032703,0.000181,0.000000,0.000082,0.000041,0.000731,0.000156,0.000000,0.000003,0.003033,0.000586,0.005566,0.020335
mm_1155c409993659,0.016938,0.041268,0.015845,0.013670,0.006694,0.004089,0.000028,0.000731,0.001195,0.000317,0.000329,0.000699,0.000004,0.000100,0.000127,0.000009,0.000082,0.000089,0.000001,0.030647,0.021982,0.008687,0.006610,0.007910
mm_b8b155b2ba4961,0.016938,0.000081,0.000192,0.000028,0.000150,0.000113,0.000033,0.000000,0.000008,0.000001,0.000001,0.000004,0.000000,0.000000,0.000001,0.000000,0.000000,0.000001,0.000000,0.000054,0.000691,0.000030,0.000234,0.001052
mm_ef2f6bf643acf5,0.016938,0.000043,0.000032,0.000002,0.000010,0.000035,0.000010,0.000001,0.000006,0.000000,0.000001,0.000006,0.000001,0.000000,0.000023,0.000000,0.000014,0.000263,0.000102,0.001520,0.002599,0.000705,0.001129,0.002806
mm_12ca322ffee3e0,0.016938,0.000002,0.000342,0.000068,0.000615,0.002274,0.005419,0.000271,0.000455,0.000051,0.000097,0.001026,0.000077,0.000227,0.000406,0.000120,0.000829,0.001358,0.000307,0.001181,0.002946,0.001580,0.003785,0.007636
mm_44ce58ee8a12f0,0.016938,0.039974,0.019756,0.017518,0.017347,0.009459,0.002053,0.000677,0.000585,0.000717,0.000089,0.000078,0.000005,0.000004,0.158736,0.267869,0.511200,0.545063,0.003398,0.000001,0.025047,0.015062,0.028187,0.090069
mm_0fa813b83f4c34,0.016938,0.004708,0.002989,0.003849,0.002142,0.001102,0.000016,0.173280,0.189663,0.163687,0.210373,0.151598,0.001383,0.000000,0.003680,0.005025,0.004827,0.001709,0.000046,0.118173,0.154717,0.151556,0.150593,0.148523
mm_f5b1a80c4fe4f0,0.016938,0.000006,0.008263,0.009661,0.011307,0.004840,0.000055,0.000004,0.016085,0.034211,0.030676,0.010932,0.002244,0.011842,0.018412,0.023044,0.011384,0.017040,0.003335,0.136571,0.085107,0.098290,0.050607,0.040235
mm_80ed258362fbc3,0.016938,0.000195,0.029259,0.047772,0.019974,0.005437,0.000516,0.000899,0.000427,0.000574,0.000237,0.000652,0.000271,0.009227,0.003868,0.005732,0.003037,0.003030,0.001643,0.026823,0.018709,0.022518,0.015838,0.016381
mm_cdca6444dad614,0.016938,0.281102,0.151319,0.073043,0.059564,0.027937,0.001465,0.005187,0.005500,0.005687,0.001824,0.000795,0.000119,0.000013,0.000031,0.000004,0.000022,0.000054,0.000043,0.000095,0.000733,0.000047,0.000110,0.000850
mm_d87b2fac08eb6f,0.016938,0.001326,0.002583,0.002514,0.001495,0.000898,0.000233,0.002558,0.001105,0.000473,0.000144,0.000115,0.000001,0.000000,0.000013,0.000002,0.000022,0.000022,0.000000,0.000308,0.003819,0.000493,0.001831,0.004256
mm_67c94e327c8caa,0.016938,0.000044,0.000213,0.000195,0.000934,0.000543,0.000008,0.224643,0.240255,0.165869,0.030280,0.108267,0.010269,0.222394,0.029321,0.022344,0.003329,0.000815,0.000059,0.001521,0.007094,0.001989,0.018511,0.027117
mm_a2e72e1738dcf8,0.016938,0.004629,0.001667,0.002258,0.004652,0.004124,0.003311,0.445152,0.158008,0.127432,0.013840,0.013161,0.007010,0.000000,0.000007,0.000001,0.000002,0.000005,0.000000,0.004578,0.006683,0.001301,0.004398,0.020337
mm_9e68cf4912d82d,0.016938,0.058523,0.013474,0.011741,0.003185,0.000855,0.000049,0.000000,0.000636,0.001097,0.002242,0.000414,0.000006,0.071715,0.014680,0.008392,0.003647,0.000671,0.000097,0.169774,0.102055,0.059410,0.014083,0.024704
mm_ea30d063bb1c91,0.016938,0.072915,0.130601,0.132348,0.076473,0.106570,0.020054,0.155379,0.198675,0.173675,0.180306,0.369207,0.444495,0.039386,0.026533,0.048661,0.027210,0.006621,0.000118,0.088730,0.095179,0.090633,0.073617,0.101738
mm_992799858e8e92,0.016938,0.000753,0.027990,0.071385,0.083630,0.064647,0.001541,0.001077,0.044789,0.061207,0.078216,0.369076,0.000061,0.000046,0.222254,0.317361,0.427159,0.284705,0.000473,0.068769,0.060122,0.039533,0.036597,0.032938
mm_2ba28f8db268da,0.016938,0.000470,0.000163,0.000145,0.000075,0.000085,0.000003,0.000001,0.000025,0.000013,0.000002,0.000002,0.000000,0.000000,0.000012,0.000000,0.000007,0.000370,0.000010,0.000008,0.000565,0.000058,0.000467,0.000823
mm_9457431c6d5f0f,0.016938,0.028868,0.054070,0.051659,0.047428,0.046428,0.022189,0.112351,0.186363,0.177694,0.159303,0.170201,0.017288,0.387984,0.140674,0.095422,0.037579,0.020870,0.028275,0.000051,0.053182,0.091692,0.170692,0.120265
mm_9e62cb0f011d92,0.016938,0.000154,0.120299,0.165460,0.121552,0.048459,0.016487,0.009392,0.003496,0.003161,0.001941,0.001182,0.000037,0.022479,0.021254,0.044082,0.012699,0.012836,0.019341,0.125804,0.144159,0.173106,0.089134,0.092664
mm_2fd24d57b2a767,0.016938,0.000000,0.000015,0.000001,0.000030,0.000025,0.000000,0.000000,0.000004,0.000000,0.000000,0.000001,0.000000,0.000000,0.000029,0.000004,0.000644,0.000925,0.000033,0.000058,0.000528,0.000046,0.000208,0.000444
mm_e806c9d6065e1f,0.016938,0.007034,0.007888,0.006479,0.005985,0.004023,0.000175,0.000000,0.000042,0.000177,0.000216,0.000248,0.000009,0.000004,0.000083,0.000018,0.000193,0.000390,0.000033,0.005057,0.004527,0.001236,0.004629,0.029901
mm_0fdc564dae17f7,0.016938,0.001203,0.008061,0.008385,0.019957,0.003763,0.000628,0.000008,0.000074,0.000016,0.000009,0.000032,0.000024,0.000000,0.000001,0.000000,0.000003,0.000017,0.000001,0.000002,0.002730,0.000551,0.005654,0.021509
mm_e736f89fb8d131,0.016938,0.038188,0.033423,0.028938,0.037675,0.016503,0.001998,0.000239,0.000372,0.000891,0.001728,0.003187,0.001380,0.002354,0.006186,0.004504,0.003192,0.003707,0.000002,0.007906,0.007374,0.001976,0.004853,0.009376
mm_9c5a6acc6cb89f,0.016938,0.009565,0.018855,0.030996,0.057234,0.096918,0.001166,0.182372,0.347895,0.274887,0.156281,0.229504,0.000227,0.252862,0.410527,0.358487,0.453714,0.185331,0.000821,0.004442,0.025145,0.024386,0.026194,0.019731
mm_68aceeec2497e6,0.016938,0.009847,0.006859,0.007034,0.004497,0.003231,0.000121,0.044415,0.049162,0.051622,0.057708,0.050133,0.000436,0.370350,0.146929,0.115216,0.062775,0.008181,0.000108,0.046109,0.042176,0.035029,0.030093,0.028927
mm_5fc1944830320e,0.016938,0.000000,0.000001,0.000000,0.000003,0.000002,0.000000,0.000546,0.091856,0.106384,0.070824,0.031497,0.003190,0.000000,0.000108,0.000016,0.000775,0.000712,0.000003,0.016619,0.031983,0.020859,0.023220,0.029903
mm_6ec1e7082374d8,0.016938,0.000420,0.001767,0.002285,0.006268,0.003678,0.004059,0.000919,0.003730,0.004622,0.001583,0.004518,0.000059,0.035415,0.035016,0.042092,0.034766,0.031772,0.000095,0.049939,0.036632,0.031437,0.012477,0.014007
mm_72e83f476fa629,0.016938,0.000000,0.000111,0.000060,0.000495,0.000106,0.000060,0.000000,0.000003,0.000000,0.000001,0.000008,0.000002,0.000001,0.000010,0.000000,0.000006,0.000059,0.000043,0.032043,0.022148,0.017808,0.005803,0.012839
mm_d6191bc86bb09f,0.016938,0.000000,0.000204,0.000072,0.001499,0.003590,0.002959,0.023095,0.016346,0.005655,0.005213,0.017217,0.001560,0.000364,0.000377,0.000045,0.000212,0.000689,0.000025,0.000003,0.000290,0.000026,0.000541,0.000961
mm_487d084283cb0c,0.016938,0.001818,0.034622,0.038986,0.057108,0.026760,0.006015,0.000003,0.036010,0.071992,0.083650,0.296660,0.884887,0.089603,0.250258,0.299239,0.282769,0.240448,0.083331,0.077495,0.058344,0.069131,0.036803,0.017501
mm_1a6ae18233060c,0.016938,0.005577,0.063201,0.046906,0.043214,0.135562,0.899561,0.060667,0.131670,0.122854,0.157489,0.135800,0.002828,0.146797,0.245312,0.246628,0.363438,0.308259,0.007947,0.002602,0.009905,0.007348,0.021112,0.011018
mm_9070b498c7f048,0.016938,0.023952,0.074634,0.116901,0.126130,0.248580,0.009527,0.009659,0.007997,0.007053,0.002815,0.004924,0.000025,0.018363,0.027027,0.032574,0.079350,0.272849,0.823979,0.110019,0.071922,0.054332,0.059345,0.032398
mm_7dcc786448628f,0.016938,0.000000,0.000002,0.000000,0.000001,0.000002,0.000000,0.001360,0.002113,0.000202,0.001712,0.023609,0.016366,0.000000,0.000087,0.000008,0.000232,0.000431,0.000170,0.000000,0.003422,0.000143,0.000936,0.032901
mm_08ecfc06e700a7,0.016938,0.000003,0.018541,0.027302,0.021373,0.007726,0.002285,0.149463,0.086647,0.061265,0.095447,0.067165,0.038471,0.000001,0.049201,0.069581,0.070455,0.153597,0.173715,0.141157,0.107450,0.171173,0.085980,0.076229
mm_624193b37492a4,0.016938,0.000000,0.000000,0.000000,0.000001,0.000001,0.000000,0.000000,0.000007,0.000001,0.000002,0.000006,0.000003,0.000004,0.000008,0.000000,0.000003,0.000009,0.000000,0.000002,0.000803,0.000137,0.000920,0.002448
mm_c6308f1566bfad,0.016938,0.000001,0.007087,0.007377,0.026317,0.008500,0.000463,0.000000,0.000000,0.000000,0.000000,0.000000,0.000000,0.000000,0.000001,0.000000,0.000000,0.000001,0.000000,0.000000,0.000785,0.000080,0.001856,0.006040
mm_3f385f84bc1972,0.016938,0.014533,0.152129,0.191206,0.230629,0.207133,0.000025,0.669304,0.328030,0.151713,0.067107,0.011347,0.000017,0.067216,0.060410,0.054162,0.036395,0.027516,0.002052,0.315637,0.229377,0.168921,0.205619,0.099678
mm_cf4c880ed7ac49,0.016938,0.000606,0.000775,0.005368,0.006928,0.007658,0.000077,0.000075,0.373433,0.446481,0.408739,0.139404,0.000264,0.005822,0.098805,0.036930,0.207820,0.045926,0.003714,0.128491,0.185067,0.173506,0.180903,0.204627
mm_cc0673a75db1ee,0.016938,0.027433,0.001515,0.000806,0.000235,0.000056,0.000017,0.000000,0.000287,0.000214,0.000728,0.004359,0.000127,0.042225,0.008204,0.009898,0.004430,0.002551,0.002117,0.000096,0.032841,0.043175,0.050420,0.019188
mm_99d2c77918e49a,0.016938,0.159253,0.157993,0.127591,0.045095,0.085684,0.030789,0.436881,0.157941,0.073201,0.022211,0.035606,0.014672,0.000000,0.000118,0.000045,0.000622,0.001697,0.000549,0.006538,0.009040,0.004989,0.005217,0.012248
mm_42d961a9405e0a,0.016938,0.001051,0.003349,0.002745,0.003609,0.002412,0.000001,0.000025,0.000039,0.000028,0.000007,0.000002,0.000000,0.000000,0.000000,0.000000,0.000000,0.000000,0.000000,0.000502,0.004224,0.000909,0.006868,0.013010
mm_1428b528a01eb0,0.016938,0.000000,0.000002,0.000002,0.000010,0.000005,0.000002,0.000000,0.001839,0.000938,0.006664,0.026391,0.010932,0.000137,0.000105,0.000024,0.000033,0.000058,0.000001,0.000002,0.000803,0.000137,0.000920,0.002448
mm_ad4c31c51a3a51,0.016938,0.000000,0.000008,0.000003,0.000058,0.000065,0.000024,0.000001,0.022190,0.049517,0.052182,0.030657,0.002174,0.018483,0.170959,0.191111,0.226641,0.160939,0.023773,0.089432,0.073798,0.085065,0.035984,0.036857
mm_dad4fcc6d1fa18,0.016938,0.000000,0.000617,0.001448,0.003866,0.000276,0.000029,0.032555,0.016089,0.009876,0.001731,0.004316,0.000379,0.042322,0.038192,0.022737,0.030653,0.042209,0.027969,0.000002,0.004858,0.002915,0.013619,0.009130
mm_f663bc9b3ba7c4,0.016938,0.000050,0.009164,0.015489,0.036216,0.104624,0.840922,0.000011,0.000580,0.000752,0.001141,0.001371,0.003474,0.066637,0.104359,0.096164,0.118277,0.069428,0.024743,0.254038,0.161638,0.244570,0.052746,0.050415
mm_641afac103d837,0.016938,0.011364,0.011611,0.010770,0.008158,0.003604,0.000112,0.006531,0.016880,0.009940,0.009719,0.008775,0.000480,0.001483,0.002971,0.002829,0.004182,0.004588,0.000495,0.056007,0.068197,0.064875,0.066519,0.064660
mm_21b4957ab9c398,0.016938,0.000398,0.021506,0.036009,0.068969,0.073966,0.073647,0.038856,0.021982,0.012505,0.005405,0.002111,0.000204,0.000000,0.005866,0.001875,0.017612,0.242627,0.254611,0.000195,0.035303,0.037148,0.021882,0.045540
mm_23f92c839f1c4a,0.016938,0.056822,0.180608,0.214212,0.128713,0.160340,0.004594,0.000624,0.010637,0.015784,0.011902,0.037168,0.000243,0.364906,0.232855,0.191146,0.128350,0.109951,0.001313,0.000304,0.044167,0.046294,0.038343,0.018848
mm_e02b9a8a1bcef1,0.016938,0.000806,0.000449,0.000372,0.000420,0.000133,0.000001,0.001590,0.000988,0.001281,0.000421,0.000619,0.000554,0.000000,0.000143,0.000141,0.000156,0.000238,0.000005,0.000127,0.029350,0.024867,0.021636,0.018864
mm_0dab572d8a201b,0.016938,0.063154,0.020402,0.008577,0.007146,0.000565,0.000001,0.003198,0.006510,0.004503,0.002601,0.001387,0.000001,0.003319,0.071853,0.195779,0.241583,0.218541,0.000382,0.101995,0.098109,0.082800,0.078736,0.056345
mm_bac784aaf22ae8,0.016938,0.007736,0.026910,0.028946,0.047607,0.071300,0.057594,0.030550,0.045052,0.058162,0.078629,0.065008,0.016998,0.000000,0.000659,0.001560,0.013813,0.003332,0.001361,0.018701,0.017223,0.019463,0.021367,0.027918
mm_b0dc1b4dccfb3f,0.016938,0.008612,0.140812,0.149788,0.168896,0.093033,0.012278,0.000022,0.075592,0.079845,0.031231,0.024286,0.000528,0.238949,0.126552,0.094910,0.173933,0.062759,0.009725,0.074962,0.060230,0.066546,0.031887,0.019179
mm_dc684c90b41fa2,0.016938,0.000000,0.004837,0.012367,0.029131,0.194573,0.983880,0.171275,0.151166,0.173108,0.156310,0.145661,0.000077,0.017537,0.009620,0.011459,0.007366,0.004751,0.000092,0.194458,0.184140,0.157972,0.126221,0.103928
mm_45eb7feab04bfa,0.016938,0.000000,0.000315,0.000596,0.002232,0.000309,0.000012,0.000015,0.001443,0.003285,0.001401,0.000231,0.000012,0.191136,0.285521,0.312906,0.344209,0.334203,0.054880,0.000146,0.049895,0.063849,0.082279,0.052588
mm_157261bdb218c2,0.016938,0.013597,0.025513,0.025341,0.016476,0.011943,0.000421,0.095174,0.095229,0.076110,0.074004,0.298326,0.977022,0.000950,0.004844,0.004960,0.006782,0.001394,0.000169,0.000006,0.027868,0.053298,0.067039,0.065409
mm_e84cab3fca253a,0.016938,0.002094,0.008402,0.009112,0.006565,0.003722,0.000021,0.304772,0.398067,0.265097,0.104360,0.081993,0.000389,0.114216,0.012282,0.008454,0.002794,0.000822,0.000092,0.000229,0.032608,0.042716,0.052513,0.037708
mm_9390b585320173,0.016938,0.000317,0.000101,0.000077,0.000034,0.000024,0.000036,0.000004,0.044181,0.026150,0.034370,0.336056,0.869572,0.022743,0.011928,0.020519,0.002100,0.002162,0.002860,0.004534,0.015787,0.011984,0.035649,0.024326
mm_d5dbc144595311,0.016938,0.000983,0.000253,0.000042,0.000033,0.000034,0.000003,0.000000,0.000002,0.000001,0.000000,0.000001,0.000000,0.000000,0.000001,0.000000,0.000001,0.000004,0.000000,0.000000,0.000608,0.000013,0.000101,0.002744
mm_db88fbf68a1a38,0.016938,0.090025,0.145476,0.172693,0.317008,0.189828,0.002431,0.275686,0.136784,0.066151,0.024011,0.006391,0.000846,0.069227,0.094999,0.121840,0.137865,0.333766,0.125846,0.147319,0.116346,0.124406,0.069024,0.064103
mm_37cbdfc141c431,0.016938,0.000015,0.000013,0.000001,0.000004,0.000029,0.000020,0.000001,0.000010,0.000001,0.000004,0.000023,0.000002,0.003206,0.001833,0.000457,0.000085,0.000944,0.001490,0.001546,0.001113,0.000201,0.000518,0.001238
mm_b26d5270f3fb11,0.016938,0.094031,0.027250,0.019432,0.012235,0.009417,0.002147,0.000001,0.002322,0.000440,0.001209,0.010605,0.002744,0.000003,0.000812,0.000097,0.001477,0.002943,0.000701,0.002468,0.013428,0.001384,0.001742,0.011467
mm_64b7893914341f,0.016938,0.006770,0.015464,0.022990,0.064159,0.123136,0.037282,0.072409,0.137988,0.122565,0.152758,0.088514,0.064705,0.020019,0.044318,0.062018,0.076883,0.028796,0.023654,0.026517,0.097060,0.103201,0.047559,0.051481
mm_8ea13a50c39148,0.016938,0.000451,0.000152,0.000228,0.000210,0.000147,0.000010,0.019064,0.129578,0.129901,0.064313,0.036753,0.001011,0.000000,0.001372,0.001756,0.018997,0.004671,0.000297,0.011023,0.015539,0.018994,0.018822,0.017243
mm_f06041be7625ae,0.016938,0.074817,0.081217,0.078504,0.109094,0.137639,0.080202,0.258356,0.158975,0.116947,0.105625,0.029997,0.021715,0.000000,0.000662,0.001737,0.017246,0.009475,0.018954,0.047553,0.031750,0.018869,0.013597,0.029599
mm_476c35037b4b84,0.016938,0.000000,0.000241,0.001216,0.006442,0.010213,0.000002,0.582664,0.265614,0.151888,0.155148,0.067352,0.003288,0.000000,0.004077,0.008611,0.004986,0.001598,0.000003,0.345641,0.203077,0.147934,0.099585,0.054780
mm_7e05691416e7d2,0.016938,0.000164,0.000107,0.000016,0.000117,0.000190,0.000095,0.000036,0.000098,0.000003,0.000017,0.000423,0.000527,0.000000,0.000005,0.000000,0.000001,0.000004,0.000004,0.000435,0.002296,0.000153,0.000826,0.004851
mm_81cf78fe67b076,0.016938,0.001599,0.000711,0.000096,0.000150,0.000187,0.000008,0.000000,0.000080,0.000009,0.000011,0.000019,0.000001,0.000000,0.000001,0.000000,0.000000,0.000001,0.000000,0.000833,0.003602,0.000654,0.001577,0.002767
mm_33f508366b9e3d,0.016938,0.000000,0.000004,0.000001,0.000006,0.000003,0.000000,0.000000,0.000002,0.000000,0.000002,0.000007,0.000000,0.070788,0.216094,0.154593,0.196732,0.034120,0.000509,0.096648,0.116994,0.090151,0.067056,0.072142
mm_f789e0e518a257,0.016938,0.016835,0.023200,0.027323,0.057656,0.116275,0.324398,0.001705,0.000753,0.000905,0.000198,0.000181,0.000240,0.000000,0.000304,0.000162,0.004646,0.006672,0.011957,0.095566,0.072028,0.056278,0.061263,0.048385
mm_2747a47785bae2,0.016938,0.000002,0.018802,0.060448,0.053412,0.025125,0.000010,0.025339,0.016505,0.021172,0.019061,0.017436,0.000841,0.028189,0.094958,0.114335,0.165547,0.132735,0.005683,0.000172,0.125211,0.193011,0.241425,0.210934
mm_db2b124a9a8bc9,0.016938,0.034000,0.023518,0.027654,0.036380,0.024271,0.010888,0.208329,0.188096,0.107487,0.046979,0.063180,0.013403,0.000453,0.005609,0.008017,0.003176,0.001345,0.000871,0.017120,0.043004,0.020914,0.012053,0.076969
mm_c43601d96ffe11,0.016938,0.000000,0.000018,0.000012,0.000025,0.000008,0.000000,0.000021,0.000014,0.000000,0.000000,0.000002,0.000000,0.000000,0.000004,0.000000,0.000004,0.000005,0.000000,0.000206,0.001178,0.000066,0.000388,0.000483
mm_186eb01ba8faed,0.016938,0.000015,0.000009,0.000000,0.000004,0.000012,0.000003,0.000000,0.000090,0.000015,0.000022,0.000064,0.000012,0.000002,0.000183,0.000008,0.000217,0.001256,0.000189,0.000003,0.001623,0.000520,0.002869,0.009069
mm_f660b6a8333753,0.016938,0.109294,0.019667,0.022826,0.003740,0.002941,0.000742,0.246520,0.108015,0.068998,0.018329,0.007204,0.003983,0.000008,0.008524,0.018887,0.019298,0.003012,0.000580,0.000627,0.012708,0.003216,0.007332,0.019982
mm_05b552a6b20a81,0.016938,0.009614,0.014000,0.016321,0.015234,0.005528,0.000583,0.000006,0.104532,0.155300,0.042885,0.024369,0.000131,0.000000,0.000464,0.000461,0.000420,0.000264,0.000189,0.000031,0.009551,0.006886,0.009514,0.007696
mm_63e9938b8320bb,0.016938,0.385689,0.320188,0.251706,0.335836,0.199445,0.000470,0.000000,0.000794,0.001784,0.002809,0.002740,0.000035,0.266058,0.221436,0.162704,0.235767,0.077684,0.004703,0.000102,0.043267,0.046869,0.056144,0.045934
mm_43f8d6043fefc2,0.016938,0.024184,0.036848,0.023730,0.011998,0.005431,0.000038,0.299119,0.046598,0.018442,0.010925,0.001214,0.000004,0.503303,0.316850,0.275544,0.029233,0.087041,0.001172,0.055852,0.067044,0.062488,0.079801,0.102508
mm_5b8f5ae1664b52,0.016938,0.000004,0.019744,0.043015,0.039398,0.031080,0.000727,0.339624,0.240032,0.197954,0.295371,0.208334,0.075604,0.094239,0.074615,0.176581,0.117146,0.046678,0.038135,0.111214,0.099287,0.151145,0.045122,0.044808
mm_0fc5f808627bf1,0.016938,0.000002,0.004092,0.007031,0.015854,0.211470,0.847160,0.008711,0.007620,0.007509,0.007450,0.022242,0.003268,0.094940,0.090470,0.090810,0.136862,0.121621,0.076431,0.303966,0.203142,0.257931,0.173122,0.066681
mm_4872540bca535c,0.016938,0.000246,0.000096,0.000019,0.000031,0.000041,0.000001,0.000027,0.005439,0.002137,0.011884,0.044181,0.059719,0.000022,0.000020,0.000001,0.000010,0.000025,0.000000,0.006803,0.011745,0.006108,0.006358,0.014388
mm_77df5bcb171ed3,0.016938,0.000073,0.000222,0.000254,0.000290,0.000514,0.000000,0.518671,0.343526,0.196172,0.168261,0.040597,0.000172,0.437748,0.373089,0.305352,0.229062,0.112965,0.001008,0.255084,0.256337,0.190112,0.095821,0.139845
mm_fa36a1250dc0ea,0.016938,0.020056,0.024545,0.026449,0.048897,0.200707,0.505207,0.000027,0.012757,0.011806,0.004709,0.006028,0.000059,0.008657,0.002462,0.002244,0.003581,0.000939,0.000037,0.076154,0.073323,0.053771,0.031730,0.034509
mm_1510ad63261998,0.016938,0.000000,0.000010,0.000001,0.000004,0.000005,0.000001,0.000076,0.000100,0.000004,0.000020,0.000642,0.000040,0.002380,0.000790,0.000488,0.000286,0.000449,0.000263,0.000001,0.003852,0.002228,0.015149,0.017587
mm_cc560415f3e44e,0.016938,0.000028,0.000596,0.001048,0.001259,0.001878,0.000001,0.000007,0.089908,0.080064,0.085991,0.269818,0.006531,0.072461,0.033559,0.024461,0.027374,0.016931,0.010111,0.109803,0.093622,0.076220,0.079832,0.065239
mm_1e27ad01e6a8ab,0.016938,0.015786,0.001894,0.001281,0.000376,0.000120,0.000014,0.006897,0.033582,0.038719,0.013090,0.046947,0.063458,0.000000,0.000127,0.000183,0.000552,0.000242,0.000128,0.004610,0.010601,0.003339,0.004087,0.021779
mm_0606354af38bf7,0.016938,0.003525,0.005262,0.009185,0.018243,0.139097,0.989577,0.004952,0.002502,0.011458,0.000948,0.000578,0.000170,0.000017,0.001360,0.003427,0.003874,0.005392,0.013530,0.000113,0.048589,0.075416,0.083719,0.044810
mm_6b34031a069ecb,0.016938,0.000000,0.000163,0.000022,0.000303,0.000230,0.000014,0.000003,0.000046,0.000026,0.000018,0.000085,0.000068,0.000000,0.000025,0.000005,0.000177,0.000315,0.000003,0.000003,0.013676,0.006373,0.008617,0.013272
mm_aa0db3f559b6ed,0.016938,0.021747,0.017542,0.010151,0.000847,0.000980,0.000016,0.030802,0.047637,0.036232,0.013065,0.033762,0.001101,0.000000,0.000210,0.000357,0.000611,0.000543,0.000236,0.048404,0.063004,0.033109,0.035278,0.033930
mm_be982ce055c00e,0.016938,0.565015,0.342065,0.243891,0.306036,0.072181,0.000543,0.020188,0.042784,0.084387,0.042160,0.043123,0.000869,0.000027,0.089469,0.074202,0.064240,0.024851,0.000020,0.000029,0.013245,0.012005,0.010661,0.015325
mm_a6809e21904143,0.016938,0.004884,0.001574,0.001134,0.000202,0.000251,0.000039,0.066139,0.095511,0.089060,0.164247,0.359551,0.700412,0.002920,0.007696,0.008428,0.004676,0.003682,0.000592,0.019558,0.015274,0.018567,0.015936,0.019795
mm_3553f771bfd77a,0.016938,0.001030,0.015649,0.020282,0.103966,0.176230,0.000522,0.002597,0.006470,0.003829,0.000577,0.000350,0.000002,0.000100,0.000230,0.000097,0.000866,0.001866,0.000013,0.002237,0.006059,0.000660,0.002404,0.004184
mm_e4785a9495e7d8,0.016938,0.043962,0.010763,0.012224,0.011276,0.006861,0.000985,0.054465,0.056151,0.077604,0.055256,0.059471,0.052271,0.020147,0.019654,0.022428,0.017645,0.018047,0.012003,0.061064,0.028499,0.041415,0.006068,0.004934
mm_32411f1976356e,0.016938,0.000065,0.022496,0.032237,0.020185,0.004598,0.000020,0.000411,0.000469,0.000239,0.000233,0.000077,0.000002,0.004053,0.027673,0.017653,0.024274,0.001729,0.000001,0.000006,0.025189,0.037346,0.064536,0.050048
mm_fdd4fdacc3b718,0.016938,0.000000,0.000003,0.000000,0.000012,0.000008,0.000000,0.000000,0.000002,0.000000,0.000002,0.000003,0.000000,0.119469,0.073120,0.058645,0.084583,0.031083,0.000142,0.061817,0.072057,0.061182,0.047260,0.051444
mm_b582a9fad0951c,0.016938,0.104367,0.145947,0.130659,0.167205,0.137896,0.023465,0.000011,0.158271,0.275981,0.300029,0.178357,0.038321,0.225089,0.131831,0.094487,0.161610,0.078367,0.007314,0.141144,0.069669,0.146138,0.040930,0.019827
mm_a85a0e59a59ea5,0.016938,0.000000,0.000002,0.000000,0.000002,0.000002,0.000001,0.000000,0.001269,0.002503,0.000916,0.000620,0.000242,0.000000,0.017509,0.028475,0.116326,0.388404,0.705032,0.000299,0.019242,0.024640,0.020722,0.025081
mm_0c36a31f756736,0.016938,0.000006,0.000007,0.000001,0.000003,0.000004,0.000001,0.000018,0.000009,0.000001,0.000002,0.000006,0.000001,0.000002,0.000002,0.000000,0.000001,0.000003,0.000002,0.012271,0.005731,0.002083,0.005173,0.010804
mm_1d7563db7eaf81,0.016938,0.050759,0.045097,0.044030,0.040923,0.017517,0.000111,0.173865,0.129084,0.100506,0.071492,0.091461,0.007867,0.549268,0.128985,0.087247,0.078255,0.014418,0.002365,0.000169,0.050291,0.075489,0.113071,0.089839
mm_f71d0ccfeeddd8,0.016938,0.002638,0.001336,0.000997,0.000319,0.000124,0.000004,0.000000,0.001020,0.051762,0.107921,0.343239,0.004217,0.022302,0.002649,0.001627,0.001232,0.000071,0.000001,0.002580,0.009138,0.003658,0.005767,0.010430
mm_0d14d72c3f7a4a,0.016938,0.038168,0.263873,0.208672,0.125306,0.028169,0.000045,0.000002,0.029729,0.046588,0.037020,0.042332,0.005846,0.000000,0.000871,0.000723,0.005255,0.001260,0.000012,0.003425,0.021913,0.011975,0.010536,0.009055
mm_45ba25728a8dce,0.016938,0.014573,0.026613,0.049291,0.023579,0.021559,0.000381,0.000000,0.044284,0.199293,0.083380,0.068298,0.000146,0.005205,0.015977,0.007962,0.042682,0.010738,0.000031,0.141425,0.147569,0.129818,0.132451,0.129407
mm_9270a9a302e7f8,0.016938,0.002852,0.078539,0.093135,0.063600,0.020321,0.000031,0.041334,0.066477,0.056116,0.027265,0.245445,0.829340,0.008383,0.025460,0.014368,0.029417,0.077885,0.741875,0.013797,0.021048,0.014640,0.024086,0.020985
mm_ec30f6f06d4886,0.016938,0.688850,0.512967,0.333762,0.347132,0.083887,0.000153,0.000208,0.002428,0.002790,0.004520,0.108364,0.972210,0.095770,0.169887,0.185498,0.168967,0.190124,0.007812,0.000169,0.048955,0.071029,0.056335,0.025600
mm_c5b546d85fb339,0.016938,0.197502,0.185814,0.116518,0.018787,0.062974,0.002369,0.042352,0.103294,0.111221,0.034085,0.045887,0.000237,0.010521,0.017586,0.009452,0.018914,0.023401,0.000154,0.000082,0.040935,0.045906,0.024459,0.012491
mm_a35a8bc0e407dd,0.016938,0.000019,0.005539,0.008250,0.019737,0.026236,0.064395,0.000789,0.001329,0.001847,0.001086,0.000333,0.000239,0.048043,0.017817,0.028760,0.007891,0.001966,0.002215,0.070135,0.048220,0.066260,0.017656,0.024684
mm_096f1f1de9d916,0.016938,0.102778,0.140509,0.139395,0.098439,0.028251,0.001483,0.033466,0.051675,0.028798,0.020790,0.013224,0.000152,0.011858,0.004980,0.003048,0.000329,0.000264,0.000036,0.002226,0.023879,0.027630,0.010889,0.005473
mm_3f460649e9e2c4,0.016938,0.000210,0.000330,0.000312,0.000319,0.000101,0.000000,0.035923,0.083907,0.108750,0.133181,0.352621,0.386716,0.000013,0.017715,0.023875,0.013276,0.003804,0.000001,0.044516,0.051795,0.025522,0.043773,0.060948
mm_f407e8f1880bc9,0.016938,0.000000,0.000185,0.000497,0.002593,0.000607,0.000009,0.017446,0.083942,0.100014,0.087321,0.018325,0.008484,0.118325,0.125287,0.122825,0.133055,0.223928,0.722889,0.177947,0.145441,0.097564,0.047668,0.062343
mm_2cfbdf996c746b,0.016938,0.000052,0.000443,0.000267,0.000914,0.000131,0.000014,0.006738,0.033284,0.023015,0.023162,0.009656,0.000870,0.002489,0.004776,0.001745,0.009741,0.008095,0.000752,0.000485,0.001944,0.000107,0.000463,0.001415
mm_9f316587fb88a3,0.016938,0.000087,0.000054,0.000028,0.000009,0.000006,0.000001,0.003666,0.001024,0.000957,0.000250,0.000185,0.000003,0.000039,0.000937,0.001011,0.000929,0.000546,0.000160,0.003504,0.002344,0.000262,0.000766,0.000818
mm_a918d3e4005b02,0.016938,0.000012,0.114354,0.166014,0.486276,0.277367,0.032051,0.004671,0.008288,0.007333,0.004016,0.008838,0.000060,0.000583,0.000747,0.000090,0.000440,0.000590,0.000004,0.052254,0.085289,0.041804,0.073509,0.042337
mm_6c92113d6421cf,0.016938,0.000010,0.000009,0.000000,0.000001,0.000001,0.000000,0.000368,0.000060,0.000019,0.000007,0.000025,0.000005,0.000000,0.000180,0.000054,0.000226,0.000221,0.000030,0.000000,0.001531,0.000230,0.001124,0.004750
mm_dd42b8bb8ca758,0.016938,0.009165,0.003579,0.004247,0.000763,0.000274,0.000075,0.000087,0.000676,0.000734,0.000081,0.000317,0.000565,0.000000,0.000268,0.000201,0.000793,0.001041,0.000015,0.000000,0.003756,0.000511,0.003190,0.011338
mm_e24b43eccfd8f9,0.016938,0.000133,0.004977,0.003527,0.000868,0.000049,0.000000,0.000000,0.010192,0.006401,0.002984,0.001275,0.000001,0.020062,0.001992,0.000734,0.000325,0.000059,0.000001,0.009117,0.006981,0.004632,0.011028,0.006914
mm_265fb499b4cf02,0.016938,0.293217,0.291413,0.192496,0.148087,0.024532,0.000037,0.031205,0.034306,0.050428,0.012473,0.009154,0.000017,0.171581,0.294313,0.275837,0.459527,0.153177,0.004483,0.000010,0.018400,0.015110,0.049039,0.062549
mm_3b2e922f551627,0.016938,0.004430,0.017256,0.010613,0.011518,0.002032,0.000066,0.006487,0.006404,0.005266,0.000726,0.000203,0.000000,0.109412,0.081734,0.053673,0.026913,0.132217,0.883027,0.078573,0.043913,0.039423,0.024522,0.019185
mm_9ebfc561a6a687,0.016938,0.000000,0.000037,0.000004,0.000243,0.000300,0.000026,0.000001,0.000010,0.000001,0.000001,0.000002,0.000000,0.000000,0.000383,0.000103,0.001063,0.006794,0.011237,0.000000,0.001506,0.000160,0.001913,0.010190
mm_848c3e82030631,0.016938,0.000000,0.000096,0.000206,0.000489,0.000152,0.000006,0.315787,0.365185,0.284397,0.274381,0.140091,0.027503,0.351914,0.203440,0.154279,0.128799,0.069660,0.070223,0.062906,0.063807,0.110101,0.035977,0.022648
mm_7c1283a94899ee,0.016938,0.000002,0.000007,0.000000,0.000003,0.000006,0.000000,0.000000,0.000002,0.000000,0.000001,0.000008,0.000002,0.000000,0.000019,0.000001,0.000086,0.000279,0.000001,0.000014,0.004171,0.000978,0.007951,0.018647
mm_b04066c49a3eed,0.016938,0.032091,0.052965,0.044326,0.046167,0.026556,0.004950,0.000089,0.128694,0.211960,0.193799,0.205695,0.017107,0.000242,0.001664,0.002321,0.006594,0.012925,0.006306,0.289927,0.101272,0.125173,0.015859,0.026902
mm_9d2c1113a05a5d,0.016938,0.000015,0.002962,0.004901,0.006497,0.005201,0.000029,0.103569,0.169301,0.149890,0.088946,0.174740,0.500577,0.366370,0.231207,0.122493,0.039595,0.012805,0.000080,0.075509,0.095942,0.070804,0.041631,0.048387
mm_384c0e14bd50f2,0.016938,0.038351,0.047822,0.042679,0.077557,0.067062,0.000055,0.000001,0.015530,0.010223,0.016637,0.005801,0.000002,0.001439,0.019480,0.016549,0.011653,0.007803,0.000152,0.068570,0.075441,0.060780,0.070609,0.062298
mm_79a08bbbbc9536,0.016938,0.000000,0.000228,0.000957,0.001354,0.001441,0.000002,0.001930,0.065974,0.066877,0.090018,0.224637,0.204448,0.114935,0.043850,0.042470,0.036966,0.013685,0.000536,0.000153,0.034054,0.048719,0.054426,0.052559
mm_1fa35a9c0502db,0.016938,0.000017,0.000050,0.000003,0.000009,0.000011,0.000000,0.000003,0.000034,0.000003,0.000006,0.000015,0.000001,0.026136,0.011816,0.005292,0.003774,0.001677,0.000047,0.013439,0.024037,0.010839,0.007494,0.007304
mm_70a9b5d5f9d678,0.016938,0.000093,0.013988,0.030215,0.041764,0.152332,0.005790,0.009226,0.055503,0.066383,0.099756,0.203785,0.260337,0.000004,0.000113,0.000049,0.000144,0.000076,0.000041,0.000120,0.001748,0.000133,0.000535,0.001854
mm_8e456cc159cc7b,0.016938,0.000834,0.014066,0.016642,0.024093,0.008277,0.000037,0.006676,0.004871,0.002964,0.000653,0.000258,0.000001,0.000004,0.001496,0.001565,0.001665,0.000737,0.000008,0.000000,0.001080,0.000082,0.000847,0.007898
mm_a0c6b853adf617,0.016938,0.000029,0.000015,0.000003,0.000007,0.000005,0.000000,0.000502,0.002389,0.001464,0.002341,0.004377,0.002251,0.000241,0.000483,0.000418,0.001175,0.000612,0.000611,0.021195,0.024216,0.013912,0.009246,0.017717
mm_dee8655b0fcb21,0.016938,0.000286,0.000106,0.000006,0.000047,0.000520,0.000024,0.000027,0.000022,0.000004,0.000005,0.000008,0.000002,0.000000,0.000970,0.000284,0.003549,0.039449,0.114664,0.000000,0.000330,0.000074,0.001036,0.003581
mm_bea3f5081ed66a,0.016938,0.000001,0.001457,0.001163,0.001130,0.000909,0.000030,0.000191,0.000148,0.000163,0.000003,0.000002,0.000001,0.000004,0.000004,0.000000,0.000004,0.000002,0.000000,0.000129,0.001576,0.000109,0.000664,0.002399
mm_65abcf4c5013e2,0.016938,0.032886,0.010461,0.009768,0.014601,0.005945,0.000066,0.000000,0.000172,0.000073,0.000283,0.000157,0.000009,0.000000,0.000754,0.000629,0.002956,0.001255,0.000001,0.012281,0.018027,0.007783,0.015688,0.031195
mm_497ef491d76706,0.016938,0.097758,0.094983,0.100407,0.213425,0.177140,0.057072,0.029531,0.099943,0.113174,0.128275,0.235240,0.079715,0.018102,0.027717,0.030974,0.049955,0.002210,0.000250,0.057514,0.038943,0.037201,0.018833,0.022779
mm_1e7b4082f4a43a,0.016938,0.000027,0.048470,0.072925,0.079877,0.019083,0.010724,0.007855,0.004475,0.005940,0.000741,0.001366,0.000126,0.021700,0.007126,0.006779,0.002051,0.002449,0.001507,0.051736,0.032654,0.057836,0.047344,0.029256
mm_156525962126c3,0.016938,0.000000,0.000016,0.000002,0.000009,0.000005,0.000000,0.016895,0.015279,0.009952,0.004944,0.001814,0.000233,0.000401,0.008164,0.008113,0.005061,0.001668,0.000002,0.000269,0.002957,0.000522,0.001680,0.004346
mm_00df85909a5e47,0.016938,0.000000,0.000009,0.000001,0.000013,0.000013,0.000002,0.000033,0.013150,0.015624,0.032860,0.075455,0.051454,0.001303,0.000999,0.000147,0.001498,0.005959,0.000129,0.000020,0.001709,0.000399,0.002480,0.003414
mm_d09a088684f078,0.016938,0.393070,0.402191,0.309591,0.341349,0.207430,0.000282,0.004582,0.032834,0.040978,0.019169,0.028286,0.003571,0.000000,0.006194,0.008240,0.005754,0.002004,0.000002,0.305741,0.188267,0.147331,0.127029,0.058148
mm_3ffa765d1358a6,0.016938,0.000011,0.000018,0.000001,0.000012,0.000031,0.000003,0.000001,0.000070,0.000002,0.000009,0.000199,0.000009,0.000000,0.000007,0.000000,0.000001,0.000009,0.000001,0.000203,0.001677,0.000352,0.001665,0.003084
mm_415239fa95c1f9,0.016938,0.000049,0.000717,0.001835,0.001947,0.008429,0.000020,0.318245,0.342877,0.204665,0.099042,0.090018,0.000064,0.002157,0.004234,0.003697,0.005086,0.000716,0.000002,0.000618,0.007463,0.001736,0.005387,0.006290
mm_a19b262f0364f0,0.016938,0.000006,0.003091,0.003448,0.014849,0.002581,0.000026,0.000829,0.001855,0.000985,0.000271,0.000173,0.000007,0.037471,0.078754,0.076466,0.075878,0.024477,0.000134,0.090546,0.078438,0.046250,0.014232,0.024732
mm_3dff26afa288ba,0.016938,0.000040,0.000093,0.000008,0.000041,0.000062,0.000030,0.000000,0.001238,0.000138,0.000167,0.002675,0.000268,0.000000,0.000019,0.000001,0.000029,0.000102,0.000019,0.000001,0.002877,0.000301,0.001161,0.013862
mm_83cb928eb41823,0.016938,0.003585,0.517276,0.276082,0.115360,0.015218,0.000010,0.000000,0.000239,0.000240,0.000092,0.000045,0.000001,0.207240,0.071253,0.041895,0.028500,0.002969,0.000051,0.041931,0.041325,0.022404,0.007094,0.012404
mm_20e0a37ff9f5e8,0.016938,0.000334,0.000092,0.000057,0.000011,0.000009,0.000002,0.000000,0.000010,0.000003,0.000023,0.000017,0.000002,0.000040,0.000496,0.000057,0.000091,0.000330,0.000034,0.000648,0.001658,0.000076,0.000343,0.000869
mm_a4bb715002ba31,0.016938,0.000008,0.000023,0.000001,0.000006,0.000021,0.000002,0.000050,0.000204,0.000061,0.000021,0.000035,0.000010,0.001115,0.001023,0.000595,0.000178,0.000424,0.000149,0.010444,0.004500,0.000394,0.000681,0.002670
mm_4260d46a31eba6,0.016938,0.001289,0.000281,0.000125,0.000082,0.000070,0.000002,0.000012,0.000013,0.000005,0.000003,0.000002,0.000001,0.000001,0.000202,0.000014,0.000478,0.002147,0.000084,0.000001,0.001687,0.000313,0.003177,0.015125
mm_3a4dda9a328798,0.016938,0.000084,0.000059,0.000023,0.000010,0.000008,0.000002,0.000001,0.028139,0.072136,0.043069,0.016147,0.001104,0.000000,0.001803,0.002520,0.011249,0.003813,0.000610,0.085573,0.091974,0.103715,0.028466,0.038831
mm_8eb904967f918d,0.016938,0.097961,0.098279,0.114079,0.232016,0.267819,0.490756,0.054540,0.310695,0.294652,0.284126,0.203659,0.031441,0.007907,0.094909,0.104656,0.217660,0.017003,0.001240,0.058757,0.041565,0.040257,0.028203,0.030742
mm_cd6e448ec99bbc,0.016938,0.008811,0.037053,0.036525,0.025427,0.039606,0.000013,0.003003,0.029909,0.022556,0.014875,0.008823,0.000156,0.028506,0.039460,0.044030,0.069648,0.128874,0.099047,0.051517,0.047170,0.041115,0.049081,0.041910
mm_f34256022e5101,0.016938,0.047731,0.054752,0.038302,0.031067,0.026143,0.000513,0.403063,0.236533,0.114824,0.038487,0.024170,0.000136,0.004774,0.004035,0.002671,0.005279,0.000781,0.000002,0.161940,0.100447,0.056541,0.034882,0.015525
mm_83cd7a29fc3f6f,0.016938,0.000000,0.000317,0.000382,0.001320,0.000819,0.000280,0.000000,0.000002,0.000000,0.000000,0.000000,0.000000,0.000083,0.000117,0.000077,0.000073,0.000053,0.000011,0.000003,0.002578,0.001743,0.003057,0.002165
mm_e707f9dc3b4445,0.016938,0.011745,0.015308,0.018062,0.038946,0.067870,0.110281,0.093809,0.153059,0.107908,0.075772,0.059732,0.002446,0.071998,0.075909,0.079392,0.081888,0.056608,0.042387,0.092182,0.065406,0.102469,0.040198,0.022783
mm_8729e502263f38,0.016938,0.041172,0.086640,0.126194,0.100584,0.079383,0.001095,0.036567,0.095786,0.078560,0.042121,0.124452,0.003239,0.000006,0.000168,0.000145,0.000177,0.000289,0.000288,0.009922,0.011403,0.004625,0.005405,0.022287
mm_c580e26ead2bc6,0.016938,0.002620,0.000299,0.000251,0.000045,0.000014,0.000001,0.000000,0.000017,0.000006,0.000008,0.000010,0.000001,0.000003,0.000009,0.000001,0.000002,0.000004,0.000001,0.000003,0.000932,0.000096,0.000482,0.000943
mm_4c72dc03bd8d16,0.016938,0.072146,0.051544,0.101908,0.055635,0.140226,0.134227,0.000256,0.018615,0.007974,0.004804,0.096024,0.218006,0.002282,0.002417,0.001104,0.001451,0.020211,0.001658,0.022144,0.013761,0.015678,0.011974,0.012901
mm_04fc90b186215e,0.016938,0.000784,0.296066,0.317955,0.290551,0.086155,0.000670,0.103022,0.122936,0.095857,0.086250,0.257803,0.293119,0.321642,0.154126,0.130479,0.167357,0.079572,0.023866,0.000029,0.022384,0.024018,0.031239,0.025956
mm_c616fa7ac7d59c,0.016938,0.011886,0.142718,0.164397,0.215228,0.177245,0.001112,0.116785,0.142286,0.127711,0.155131,0.125151,0.003505,0.000077,0.114716,0.136490,0.175318,0.018003,0.000384,0.188790,0.059770,0.086594,0.033748,0.013000
mm_73101087bf28b6,0.016938,0.000002,0.000830,0.002011,0.001286,0.000912,0.000009,0.002783,0.002938,0.005437,0.015987,0.083061,0.012713,0.076656,0.091779,0.113189,0.186702,0.211128,0.012634,0.176749,0.159084,0.112897,0.133340,0.072511
mm_54ee98390282da,0.016938,0.000186,0.003555,0.006180,0.006047,0.008755,0.000013,0.000002,0.002878,0.002504,0.001198,0.000462,0.000000,0.183253,0.295711,0.287516,0.217071,0.137721,0.002162,0.183997,0.105981,0.048513,0.022184,0.021616
mm_07cc9fcb46d632,0.016938,0.384287,0.054783,0.017858,0.003214,0.000209,0.000002,0.000126,0.039152,0.058309,0.002322,0.000156,0.000000,0.000000,0.009511,0.018457,0.102224,0.347827,0.771152,0.012501,0.016534,0.005844,0.008921,0.007073
mm_edb0a85d0979d0,0.016938,0.000165,0.000158,0.000137,0.000309,0.000067,0.000000,0.050662,0.222721,0.189274,0.233932,0.088784,0.001640,0.452086,0.118657,0.043027,0.007960,0.000845,0.000002,0.000000,0.002900,0.001508,0.012607,0.010232
mm_63c7fdd1a6b8cb,0.016938,0.007258,0.009609,0.010609,0.030593,0.037355,0.003286,0.030138,0.102385,0.144363,0.159143,0.417153,0.357351,0.006332,0.027727,0.029146,0.040712,0.035467,0.002533,0.071666,0.077196,0.068386,0.068897,0.067617
mm_a1f1def59ec173,0.016938,0.009620,0.003979,0.003307,0.001335,0.000887,0.000013,0.000000,0.000356,0.000841,0.001004,0.000300,0.000056,0.000226,0.000079,0.000011,0.000009,0.000007,0.000000,0.000001,0.002058,0.000355,0.003092,0.003343
mm_4517c2925c2c80,0.016938,0.000026,0.009995,0.014451,0.026618,0.004604,0.002153,0.003166,0.084686,0.115174,0.148612,0.218310,0.364921,0.000005,0.018141,0.026141,0.065627,0.014342,0.002804,0.026220,0.025143,0.014034,0.005996,0.019917
mm_08a004234ffcac,0.016938,0.000083,0.000425,0.000458,0.000935,0.000434,0.000966,0.001562,0.000714,0.000165,0.000107,0.000521,0.000148,0.000049,0.000089,0.000007,0.000037,0.000383,0.000085,0.000000,0.001990,0.000637,0.006571,0.017678
mm_cca3d51a697e69,0.016938,0.009547,0.007989,0.008330,0.001695,0.000563,0.000001,0.000000,0.000275,0.000356,0.000286,0.000274,0.000002,0.000000,0.000586,0.000301,0.000575,0.002440,0.000023,0.000002,0.025887,0.012369,0.011988,0.043637
mm_7bbd7af477e7db,0.016938,0.000000,0.000003,0.000001,0.000019,0.000002,0.000000,0.019321,0.014056,0.007554,0.000545,0.000490,0.000001,0.000021,0.001205,0.001330,0.000519,0.000249,0.000002,0.010820,0.017812,0.003491,0.006361,0.024167
mm_af20297fd3cd34,0.016938,0.226917,0.157243,0.122506,0.206376,0.074222,0.011476,0.004608,0.001743,0.001899,0.000177,0.000354,0.000314,0.000000,0.000342,0.000664,0.000683,0.000935,0.001215,0.000003,0.036098,0.087582,0.063467,0.056901
mm_bc2f3470239fc1,0.016938,0.022897,0.012226,0.009812,0.011499,0.020064,0.033629,0.185628,0.080908,0.076604,0.024926,0.030354,0.010937,0.204316,0.159459,0.189624,0.128294,0.167070,0.104937,0.029443,0.030362,0.040646,0.028900,0.016556
mm_a4b3be88559b84,0.016938,0.026179,0.014870,0.008584,0.004722,0.000443,0.000021,0.173670,0.149002,0.103650,0.081742,0.047278,0.009037,0.000911,0.082721,0.128011,0.177280,0.130064,0.140410,0.000052,0.032759,0.103294,0.083875,0.027950
mm_c1f0f4d524a232,0.016938,0.237754,0.117001,0.173704,0.094974,0.092405,0.018686,0.004472,0.008982,0.012324,0.003071,0.003920,0.000060,0.000013,0.000312,0.000845,0.000539,0.001520,0.000188,0.149906,0.108719,0.076358,0.063638,0.061997
mm_71e62c1160e746,0.016938,0.075711,0.053651,0.038075,0.008556,0.003202,0.000589,0.275618,0.299928,0.205352,0.026553,0.179819,0.026318,0.003260,0.001717,0.000493,0.000187,0.000329,0.000004,0.001779,0.002659,0.000700,0.001972,0.002424
mm_ea00fbb18ecd24,0.016938,0.157649,0.115092,0.098412,0.245981,0.293740,0.062308,0.000018,0.000131,0.000241,0.000112,0.000227,0.000001,0.000000,0.000408,0.003681,0.019812,0.215926,0.849966,0.081176,0.064245,0.057367,0.074537,0.052289
mm_05d6924df196ed,0.016938,0.000004,0.000055,0.000015,0.000023,0.000014,0.000022,0.000250,0.006445,0.007640,0.003181,0.004627,0.002149,0.000000,0.000044,0.000001,0.000028,0.001060,0.000411,0.000036,0.007603,0.004266,0.006670,0.023610
mm_9a04bd6f85f317,0.016938,0.227206,0.037782,0.011235,0.013602,0.001939,0.000293,0.458698,0.262931,0.110505,0.069785,0.005742,0.000537,0.118292,0.071824,0.063834,0.044846,0.012525,0.005343,0.230048,0.148960,0.185457,0.047532,0.054825
mm_03c91123bd02b1,0.016938,0.061729,0.011341,0.006971,0.004584,0.002574,0.000407,0.000067,0.000320,0.000489,0.000078,0.000078,0.000000,0.000013,0.060800,0.154409,0.341707,0.542726,0.923583,0.000002,0.004657,0.002795,0.012296,0.014799
mm_536d2ea0d30947,0.016938,0.003287,0.020421,0.023745,0.020954,0.029690,0.000072,0.000591,0.001847,0.009128,0.006062,0.009761,0.000015,0.390770,0.126313,0.093700,0.019037,0.014322,0.000079,0.058852,0.026553,0.008192,0.006100,0.010203
mm_ad4f7c849485b2,0.016938,0.115785,0.084227,0.057172,0.009909,0.005362,0.000075,0.000001,0.006608,0.007538,0.004524,0.010456,0.001974,0.053873,0.103249,0.086313,0.259826,0.177604,0.001366,0.000022,0.018946,0.017631,0.032982,0.026939
mm_8038ab901b4388,0.016938,0.008372,0.049701,0.066435,0.124258,0.126751,0.012020,0.421173,0.278291,0.183213,0.166823,0.052057,0.015555,0.000000,0.000379,0.000617,0.002116,0.000121,0.000041,0.098506,0.082255,0.051010,0.058110,0.049723
mm_407720a8093785,0.016938,0.024010,0.181789,0.235691,0.381450,0.383475,0.370470,0.000166,0.004093,0.005965,0.002221,0.000687,0.000012,0.000000,0.000020,0.000008,0.000051,0.000079,0.000026,0.000000,0.003605,0.000857,0.003762,0.014768
mm_7f47a353ea078d,0.016938,0.001579,0.055209,0.077539,0.099690,0.061188,0.059131,0.009046,0.034136,0.045324,0.066486,0.229148,0.098229,0.450117,0.106258,0.083632,0.023867,0.008271,0.009197,0.000002,0.030396,0.053956,0.129745,0.094142
mm_3564add003796f,0.016938,0.000012,0.002266,0.005875,0.014399,0.009849,0.024204,0.000000,0.000580,0.000084,0.000835,0.058934,0.016744,0.000082,0.000032,0.000003,0.000006,0.000010,0.000000,0.007904,0.004518,0.001422,0.001710,0.002860
mm_1dd36c68391e99,0.016938,0.000000,0.000007,0.000000,0.000008,0.000006,0.000000,0.000094,0.004095,0.002681,0.001396,0.000761,0.000175,0.000001,0.000006,0.000000,0.000002,0.000033,0.000000,0.000765,0.001378,0.000083,0.000699,0.002863
mm_18b0ddefd3c7fd,0.016938,0.005615,0.114199,0.104828,0.069100,0.033768,0.000221,0.367234,0.163197,0.110108,0.057686,0.020012,0.001145,0.041835,0.027334,0.015674,0.007244,0.002245,0.000036,0.058491,0.083583,0.068703,0.052801,0.053157
mm_1ea1f0de1f9c7f,0.016938,0.000234,0.000515,0.000781,0.000290,0.000183,0.000000,0.003661,0.003272,0.001966,0.000162,0.000178,0.000000,0.000002,0.000672,0.000644,0.000693,0.000397,0.000012,0.050147,0.108310,0.070913,0.037833,0.103137
mm_275f81b8d9f5ef,0.016938,0.003816,0.003359,0.002311,0.005405,0.040818,0.958534,0.000601,0.001433,0.002191,0.003574,0.011484,0.000069,0.043830,0.246361,0.299804,0.236816,0.439631,0.002215,0.100926,0.097332,0.068635,0.029407,0.044291
mm_618e7993aa9e3a,0.016938,0.004889,0.024987,0.040512,0.083325,0.126892,0.785588,0.008217,0.128072,0.145335,0.209684,0.244657,0.099509,0.003496,0.002945,0.002392,0.000333,0.000760,0.001383,0.011161,0.011219,0.008309,0.012416,0.032781
mm_234b42fabb0166,0.016938,0.029293,0.034054,0.039168,0.079625,0.076486,0.214969,0.000029,0.000036,0.000027,0.000010,0.000017,0.000015,0.000000,0.000000,0.000000,0.000000,0.000000,0.000000,0.001606,0.005749,0.001934,0.006725,0.016465
mm_4091670c375b9f,0.016938,0.027299,0.017176,0.025851,0.002165,0.001113,0.000008,0.000000,0.000077,0.000032,0.000006,0.000004,0.000000,0.000000,0.000280,0.000348,0.000442,0.000944,0.000106,0.000011,0.042531,0.058702,0.047905,0.033359
mm_e83034f80649b0,0.016938,0.000215,0.000293,0.000037,0.000054,0.000070,0.000002,0.000000,0.000010,0.000000,0.000001,0.000004,0.000000,0.000000,0.000005,0.000000,0.000001,0.000005,0.000000,0.000339,0.007179,0.000613,0.004214,0.013272
mm_91e78832da60d7,0.016938,0.000000,0.000020,0.000158,0.000101,0.000057,0.000038,0.000000,0.000174,0.000119,0.000140,0.000122,0.000005,0.004291,0.026118,0.007207,0.037181,0.033913,0.001264,0.002908,0.002405,0.000312,0.000298,0.000396
mm_edc2e43fa3badc,0.016938,0.008944,0.003414,0.001973,0.002216,0.001608,0.000400,0.000179,0.023885,0.008174,0.040190,0.014856,0.000391,0.055250,0.015523,0.009494,0.002708,0.001105,0.000012,0.008505,0.014715,0.004983,0.008815,0.019020
mm_bbbf80d12937a7,0.016938,0.207564,0.341635,0.300238,0.303154,0.197935,0.003079,0.145280,0.246361,0.244616,0.245054,0.314442,0.477543,0.000000,0.000201,0.000178,0.000378,0.000176,0.000005,0.000071,0.024318,0.021488,0.017916,0.013933
mm_b1945004b2403f,0.016938,0.000115,0.000882,0.001445,0.000838,0.000621,0.000000,0.002592,0.006505,0.017992,0.026731,0.261927,0.441889,0.796934,0.409822,0.220099,0.089815,0.020311,0.000043,0.100861,0.082084,0.058536,0.048971,0.044803
mm_535554c6e660c3,0.016938,0.020423,0.044247,0.033913,0.034805,0.015371,0.000392,0.041376,0.116526,0.096754,0.091287,0.067103,0.006031,0.086063,0.128999,0.140724,0.140908,0.174848,0.258308,0.006440,0.026775,0.024669,0.038235,0.018181
mm_77df3a9129e8ad,0.016938,0.151574,0.110808,0.119859,0.218172,0.166615,0.058716,0.035621,0.050482,0.049215,0.059404,0.077164,0.039355,0.000000,0.002398,0.002473,0.034124,0.025100,0.004073,0.039102,0.044993,0.053193,0.045815,0.022946
mm_caa11f85619c6d,0.016938,0.000000,0.000005,0.000001,0.000005,0.000003,0.000001,0.000000,0.000005,0.000000,0.000001,0.000070,0.000020,0.002722,0.047853,0.042996,0.006608,0.007714,0.001598,0.012460,0.044587,0.083708,0.092366,0.029381
mm_4a5321d67abf1c,0.016938,0.000225,0.001736,0.002093,0.002143,0.001159,0.000049,0.042138,0.045466,0.029431,0.012415,0.021399,0.003080,0.019846,0.040844,0.038620,0.059475,0.085002,0.005743,0.014206,0.017517,0.015910,0.008602,0.008750
mm_dba4aa4bbece0a,0.016938,0.000032,0.000186,0.000078,0.000077,0.000132,0.000164,0.002387,0.002532,0.003036,0.000817,0.002039,0.000611,0.000717,0.001060,0.000261,0.001380,0.000674,0.000032,0.000188,0.001911,0.000129,0.001230,0.001993
mm_919ae0eef2ec9b,0.016938,0.000106,0.000084,0.000037,0.000033,0.000029,0.000027,0.000026,0.000101,0.000009,0.000020,0.000170,0.000030,0.000000,0.000037,0.000004,0.000098,0.000401,0.000120,0.000005,0.005893,0.000734,0.001961,0.011253
mm_5738827147ac1c,0.016938,0.001711,0.009367,0.006370,0.013572,0.001025,0.000002,0.000086,0.004730,0.004218,0.000940,0.000686,0.000004,0.000000,0.023677,0.042402,0.320133,0.249588,0.000669,0.017248,0.025652,0.007964,0.022003,0.059177
mm_db5be267974063,0.016938,0.000000,0.000621,0.031281,0.098246,0.319698,0.002965,0.016199,0.072320,0.060936,0.068628,0.277335,0.733018,0.020786,0.110631,0.160958,0.151802,0.028228,0.003346,0.238614,0.199466,0.138058,0.084174,0.097413
mm_8e50e18479384e,0.016938,0.000001,0.000083,0.000048,0.000361,0.000125,0.000010,0.000000,0.005439,0.003593,0.013393,0.006186,0.000006,0.422979,0.248855,0.240058,0.179256,0.084959,0.006725,0.069232,0.042101,0.074974,0.051006,0.033763
mm_19e93bf90c928f,0.016938,0.000001,0.000771,0.000266,0.006893,0.008573,0.004013,0.000011,0.001582,0.000117,0.000219,0.001704,0.000041,0.000001,0.000489,0.000085,0.000543,0.002136,0.000616,0.007272,0.018754,0.002612,0.007179,0.027718
mm_4ffb81505bde1f,0.016938,0.066487,0.127518,0.140107,0.159329,0.230146,0.012733,0.231191,0.290436,0.252577,0.212500,0.226924,0.005775,0.074422,0.088939,0.106653,0.105625,0.094449,0.000484,0.152223,0.117512,0.080242,0.061067,0.056720
mm_28f025f21bdf7f,0.016938,0.000260,0.003104,0.006680,0.013491,0.028737,0.000186,0.266086,0.326136,0.252726,0.268171,0.152913,0.000430,0.000181,0.002619,0.003551,0.001132,0.002055,0.000005,0.270792,0.101925,0.050540,0.016664,0.010994
mm_464b0f0a310a03,0.016938,0.002431,0.022648,0.027151,0.037415,0.007964,0.000250,0.141867,0.053142,0.028861,0.006108,0.014191,0.000321,0.034017,0.030415,0.054730,0.062342,0.036741,0.009604,0.091462,0.107574,0.084306,0.072672,0.064306
mm_eb569e857b7245,0.016938,0.105458,0.096170,0.110862,0.254181,0.361568,0.885713,0.085477,0.043711,0.098335,0.031109,0.018479,0.001775,0.206051,0.169039,0.130434,0.051853,0.005371,0.000867,0.000420,0.046247,0.088522,0.052730,0.016824
mm_b2157fa1a032d1,0.016938,0.000035,0.000072,0.000004,0.000028,0.000030,0.000001,0.006558,0.004000,0.003276,0.000502,0.000554,0.000060,0.000000,0.000019,0.000045,0.000021,0.000005,0.000000,0.000000,0.008867,0.001231,0.007096,0.046221
mm_7192c55f8eab2a,0.016938,0.151762,0.052522,0.041771,0.040812,0.068604,0.021066,0.000000,0.000006,0.000002,0.000002,0.000004,0.000002,0.000000,0.043300,0.110183,0.140613,0.257249,0.220734,0.000052,0.039060,0.046234,0.054745,0.051639
mm_6fd047634aafbc,0.016938,0.205228,0.235569,0.156757,0.095351,0.040734,0.000081,0.135009,0.115033,0.103333,0.117327,0.129876,0.381919,0.000091,0.000043,0.000028,0.000004,0.000004,0.000019,0.000000,0.000359,0.000015,0.000597,0.004086
mm_97783e2b9c8604,0.016938,0.001017,0.025884,0.040480,0.089382,0.090893,0.146577,0.095231,0.050248,0.044207,0.005728,0.004358,0.001676,0.000000,0.000221,0.000046,0.003046,0.004988,0.000498,0.011871,0.036229,0.017651,0.030599,0.039092
mm_6cf11ee68f3f7f,0.016938,0.000008,0.000006,0.000000,0.000005,0.000008,0.000002,0.000000,0.000011,0.000001,0.000001,0.000013,0.000004,0.000002,0.000092,0.000007,0.000112,0.000432,0.000048,0.002429,0.002949,0.000404,0.000735,0.003206
mm_40f738dbe9451d,0.016938,0.000096,0.000084,0.000011,0.000040,0.000027,0.000002,0.000000,0.000026,0.000001,0.000002,0.000095,0.000037,0.123788,0.036633,0.026589,0.019756,0.014973,0.000869,0.000002,0.031145,0.058603,0.137992,0.080538
mm_3abc3c4436515a,0.016938,0.088167,0.061771,0.050972,0.006779,0.004397,0.000821,0.032310,0.035179,0.022906,0.000780,0.012911,0.003687,0.001123,0.000788,0.000349,0.000677,0.001210,0.000176,0.000609,0.006428,0.001687,0.008912,0.014259
mm_76a59fb78c9dcd,0.016938,0.035715,0.021432,0.023365,0.039698,0.020623,0.004337,0.001098,0.038125,0.032179,0.060292,0.139826,0.720654,0.121468,0.077301,0.081458,0.083378,0.027953,0.001978,0.000463,0.067806,0.090843,0.111788,0.088439
mm_31b77b928b2925,0.016938,0.004900,0.009177,0.011492,0.026296,0.017960,0.001223,0.088340,0.118650,0.093830,0.107985,0.098131,0.032269,0.013156,0.046449,0.061511,0.070464,0.039655,0.015709,0.304713,0.222272,0.257046,0.086509,0.090769
mm_8141895f88aaf0,0.016938,0.088219,0.038077,0.026880,0.029148,0.008966,0.001044,0.000062,0.000359,0.000419,0.000850,0.000758,0.000654,0.017226,0.034978,0.059894,0.007811,0.011076,0.009225,0.115274,0.082161,0.147020,0.109614,0.079220
mm_ad515f207a8106,0.016938,0.000324,0.000499,0.000103,0.000143,0.000109,0.000005,0.000002,0.000005,0.000000,0.000001,0.000001,0.000000,0.000013,0.000127,0.000026,0.000129,0.000171,0.000034,0.001355,0.003451,0.000248,0.001095,0.008036
mm_a75374cc355ee7,0.016938,0.005155,0.003930,0.000772,0.001107,0.004862,0.001167,0.046655,0.047861,0.041584,0.054145,0.133879,0.508076,0.261863,0.070467,0.076883,0.007663,0.002448,0.000781,0.000005,0.005264,0.003661,0.009657,0.011132
mm_fdb59174aaacff,0.016938,0.000000,0.000000,0.000000,0.000002,0.000001,0.000000,0.000086,0.000094,0.000012,0.000024,0.000100,0.000013,0.000000,0.020124,0.048929,0.080870,0.202113,0.748021,0.000281,0.021586,0.049262,0.022461,0.013170
mm_43d0b8a3504073,0.016938,0.000001,0.001273,0.002407,0.002398,0.000957,0.000005,0.000002,0.000262,0.000578,0.000280,0.000117,0.000002,0.022889,0.040757,0.033723,0.022088,0.010766,0.000768,0.093098,0.125202,0.114379,0.120828,0.122878
mm_6a87b93437f6b9,0.016938,0.019504,0.050227,0.073039,0.159584,0.317778,0.763584,0.378629,0.243195,0.153932,0.144383,0.071519,0.008386,0.000102,0.070724,0.176822,0.133426,0.040187,0.032022,0.009619,0.040337,0.139790,0.031134,0.023845
mm_6f176fae689f2c,0.016938,0.000000,0.001048,0.002473,0.003213,0.000983,0.000000,0.000010,0.210962,0.337229,0.325820,0.285635,0.000692,0.000217,0.308773,0.412499,0.506290,0.338834,0.028356,0.042060,0.062530,0.032282,0.042642,0.027627
mm_8d5c9f8c738f08,0.016938,0.068774,0.065985,0.058935,0.070460,0.114340,0.561043,0.000537,0.000316,0.000588,0.000108,0.000115,0.000108,0.033805,0.028921,0.058458,0.087037,0.048977,0.026659,0.293239,0.128790,0.157495,0.042343,0.022564
mm_effecc250cd06b,0.016938,0.219398,0.356978,0.440158,0.390061,0.187020,0.000138,0.000002,0.000700,0.001295,0.001231,0.002553,0.000006,0.002669,0.004677,0.002353,0.008108,0.001196,0.000036,0.072310,0.099884,0.094479,0.104117,0.113947
mm_de1e7cbfa4cd8c,0.016938,0.000000,0.000020,0.000007,0.000218,0.000368,0.000198,0.000221,0.001214,0.000172,0.000174,0.000427,0.000013,0.000000,0.000240,0.000005,0.000256,0.007057,0.004378,0.000092,0.003675,0.003521,0.005121,0.005279
mm_ab14c35e69f5c5,0.016938,0.000120,0.000034,0.000006,0.000008,0.000011,0.000001,0.000079,0.003009,0.008273,0.001727,0.001919,0.004370,0.000193,0.004288,0.002916,0.010552,0.001552,0.000220,0.001501,0.009696,0.006740,0.007506,0.013277
mm_8339c3dd77ff24,0.016938,0.000102,0.042329,0.049084,0.080872,0.036691,0.001729,0.021788,0.010043,0.003490,0.000337,0.000677,0.000095,0.000041,0.000831,0.000195,0.000694,0.001144,0.000639,0.006827,0.009444,0.001232,0.001789,0.007178
mm_be90c4a0418564,0.016938,0.001051,0.002540,0.004023,0.006296,0.005294,0.000006,0.047997,0.173782,0.286063,0.322967,0.170698,0.000875,0.355217,0.117250,0.088024,0.078988,0.008491,0.000275,0.091510,0.102729,0.090619,0.067914,0.071629
mm_56138b256f34a2,0.016938,0.000129,0.000083,0.000016,0.000042,0.000057,0.000004,0.000011,0.019628,0.039424,0.056867,0.041024,0.024494,0.000216,0.012813,0.006799,0.011955,0.013728,0.000636,0.002198,0.009296,0.001282,0.015692,0.026237
mm_d895ddeb6debd4,0.016938,0.000032,0.001329,0.000237,0.004282,0.012898,0.007043,0.000000,0.000058,0.000002,0.000081,0.000980,0.000019,0.000211,0.003173,0.001907,0.012748,0.021014,0.000719,0.004054,0.004753,0.001075,0.001229,0.004474
mm_b04d01a5b59432,0.016938,0.024428,0.008695,0.005127,0.001038,0.001179,0.003535,0.000007,0.007686,0.013143,0.005935,0.001596,0.000026,0.085427,0.040611,0.026536,0.013131,0.003984,0.000001,0.000078,0.022412,0.032494,0.018577,0.007796
mm_fcf63e97e8230b,0.016938,0.187664,0.137709,0.082879,0.075239,0.015334,0.002156,0.031141,0.085333,0.095347,0.099553,0.195224,0.051936,0.059068,0.047737,0.040344,0.024131,0.025855,0.007984,0.000233,0.061111,0.173789,0.124054,0.067481
mm_2d9915d8f13213,0.016938,0.092468,0.096092,0.170329,0.084625,0.148999,0.019693,0.001737,0.013747,0.016971,0.001318,0.005892,0.004904,0.020502,0.060903,0.080850,0.151264,0.213126,0.524191,0.005561,0.028234,0.015069,0.046765,0.035304
mm_71b6d9d6444cb3,0.016938,0.000090,0.000034,0.000036,0.000017,0.000018,0.000019,0.003092,0.002106,0.003327,0.001863,0.002540,0.001294,0.000010,0.000300,0.000120,0.002086,0.002335,0.000374,0.007548,0.006813,0.002588,0.003339,0.023855
mm_4afaeccfd5545e,0.016938,0.000000,0.000059,0.000010,0.000032,0.000020,0.000000,0.000007,0.000012,0.000001,0.000001,0.000002,0.000000,0.000001,0.000045,0.000023,0.000093,0.000192,0.000036,0.019318,0.008568,0.001810,0.002169,0.010153
mm_d699794ccab5e8,0.016938,0.000000,0.000827,0.000163,0.001008,0.000486,0.000038,0.000000,0.000013,0.000004,0.000002,0.000007,0.000002,0.000029,0.000011,0.000001,0.000002,0.000007,0.000000,0.031995,0.033589,0.035721,0.023672,0.014961
mm_3a7b0a283d9336,0.016938,0.001928,0.000813,0.000570,0.000892,0.001533,0.000423,0.000000,0.000003,0.000001,0.000033,0.000066,0.000003,0.000000,0.000004,0.000000,0.000002,0.000006,0.000001,0.000000,0.000745,0.000073,0.000890,0.005343
mm_70f4a4912ca822,0.016938,0.050157,0.089669,0.077515,0.073991,0.124200,0.908734,0.056903,0.018756,0.008791,0.005093,0.002154,0.000190,0.000256,0.000323,0.000146,0.000068,0.000134,0.000149,0.010745,0.010186,0.009796,0.013789,0.017477
mm_be870bc694fd12,0.016938,0.006981,0.006609,0.007067,0.014755,0.015631,0.001300,0.077323,0.108074,0.110122,0.148639,0.207157,0.177327,0.004302,0.016636,0.014940,0.016845,0.001370,0.000169,0.103406,0.071739,0.086624,0.029279,0.025052
mm_1888655ca7c1f4,0.016938,0.170000,0.278280,0.255401,0.202215,0.160413,0.000231,0.058515,0.056305,0.023134,0.011612,0.001335,0.000004,0.006374,0.004667,0.003259,0.000836,0.000905,0.000027,0.000002,0.007783,0.005537,0.017123,0.019277
mm_7ae718541ad9db,0.016938,0.000129,0.000078,0.000020,0.000010,0.000017,0.000001,0.000001,0.000025,0.000001,0.000016,0.000107,0.000002,0.001221,0.001414,0.000326,0.000295,0.000339,0.000034,0.000082,0.000486,0.000017,0.000115,0.000400
mm_8b5423c24927b4,0.016938,0.000000,0.000066,0.000069,0.000586,0.000071,0.000004,0.000022,0.000048,0.000022,0.000008,0.000004,0.000000,0.000000,0.005034,0.001860,0.008668,0.011766,0.000811,0.000000,0.001646,0.000194,0.000849,0.018061
mm_adb2aa1e2851c9,0.016938,0.244792,0.237403,0.246761,0.371198,0.282854,0.100833,0.002485,0.005414,0.008411,0.006426,0.005559,0.000413,0.195518,0.148704,0.126198,0.070904,0.084843,0.014202,0.003086,0.086061,0.177853,0.108701,0.034020
mm_1ca7d7dd2a538d,0.016938,0.000005,0.058511,0.124194,0.366640,0.362319,0.001500,0.000000,0.000010,0.000005,0.000017,0.000011,0.000001,0.011314,0.021271,0.039013,0.005198,0.005289,0.000169,0.024233,0.019407,0.019434,0.018680,0.029858
mm_53159bbd384807,0.016938,0.055008,0.061457,0.076434,0.210797,0.220703,0.252196,0.046505,0.042525,0.061029,0.025961,0.013573,0.000100,0.000003,0.028697,0.038255,0.211031,0.335736,0.395503,0.040178,0.039007,0.018824,0.018865,0.059921
mm_87de4fd7cc9841,0.016938,0.009608,0.086973,0.051001,0.018976,0.006700,0.000116,0.000005,0.147973,0.298633,0.300676,0.297229,0.010395,0.001072,0.040260,0.081561,0.149898,0.168849,0.160165,0.000033,0.062325,0.106723,0.115731,0.066511
mm_bad04470871528,0.016938,0.000011,0.010297,0.011875,0.010332,0.002281,0.001222,0.074257,0.031705,0.021080,0.003583,0.002325,0.000314,0.000039,0.088189,0.102301,0.205138,0.151917,0.010289,0.021398,0.021782,0.021320,0.010047,0.010454
mm_4350cc5a678990,0.016938,0.000032,0.000014,0.000002,0.000006,0.000011,0.000003,0.000000,0.000009,0.000001,0.000001,0.000004,0.000000,0.000000,0.000001,0.000000,0.000000,0.000001,0.000000,0.019789,0.014616,0.007631,0.008456,0.019212
mm_4f9be24f629b32,0.016938,0.011241,0.007722,0.014313,0.014236,0.010733,0.000459,0.007610,0.094611,0.092584,0.101226,0.170075,0.138920,0.062446,0.042151,0.033878,0.036365,0.011307,0.000022,0.311334,0.167035,0.179506,0.056204,0.080678
mm_a09072518fa28a,0.016938,0.000426,0.001446,0.002130,0.001101,0.000461,0.000098,0.000299,0.000217,0.000025,0.000015,0.000041,0.000019,0.000000,0.000003,0.000000,0.000003,0.000006,0.000000,0.000000,0.000426,0.000020,0.000233,0.000731
mm_a45656eea22ec8,0.016938,0.000000,0.000000,0.000000,0.000001,0.000001,0.000000,0.000038,0.000040,0.000006,0.000007,0.000020,0.000002,0.000000,0.000022,0.000001,0.000009,0.000039,0.000008,0.000005,0.009137,0.001492,0.004399,0.026664
mm_52f2e4e09888bf,0.016938,0.062447,0.022939,0.015471,0.003516,0.005292,0.001956,0.000000,0.000106,0.000057,0.000033,0.000103,0.000100,0.000000,0.022489,0.065629,0.054068,0.020756,0.000675,0.000003,0.019073,0.018049,0.021000,0.084844
mm_d348f73efafae4,0.016938,0.022281,0.108703,0.093526,0.210607,0.106677,0.006329,0.239376,0.179336,0.135300,0.145879,0.074973,0.037773,0.000884,0.256611,0.331657,0.364642,0.224486,0.023394,0.013924,0.045032,0.030761,0.033161,0.066225
mm_ce69b7a79124a7,0.016938,0.000047,0.000926,0.001499,0.001903,0.000927,0.000001,0.000407,0.007753,0.010326,0.012099,0.167582,0.866189,0.124690,0.041277,0.023248,0.011345,0.006822,0.000483,0.019058,0.016732,0.006737,0.010265,0.009937
mm_0f8f6a820b9b15,0.016938,0.000173,0.038860,0.056807,0.072764,0.313049,0.542500,0.000405,0.000537,0.000625,0.000442,0.000538,0.000001,0.000211,0.113370,0.153546,0.213537,0.071111,0.001485,0.040954,0.036267,0.023794,0.032720,0.046107
mm_92120ea6476323,0.016938,0.000000,0.000582,0.001027,0.000627,0.000163,0.000000,0.629947,0.199609,0.094792,0.087301,0.022505,0.000553,0.147806,0.131731,0.132311,0.156288,0.067114,0.006011,0.000183,0.057626,0.058543,0.048453,0.025554
mm_131d87a8b06650,0.016938,0.000028,0.000023,0.000003,0.000005,0.000006,0.000000,0.000001,0.000004,0.000001,0.000001,0.000001,0.000000,0.000001,0.000001,0.000000,0.000000,0.000000,0.000000,0.000052,0.001787,0.000225,0.001706,0.006229
mm_67e87ff87e0f81,0.016938,0.010507,0.416469,0.445536,0.229212,0.231021,0.000056,0.000275,0.000649,0.000837,0.000710,0.000753,0.000001,0.000000,0.008586,0.024569,0.034683,0.180913,0.989746,0.071890,0.095756,0.082365,0.085941,0.071654
mm_4e5d496760e09b,0.016938,0.000000,0.000268,0.000363,0.000312,0.000054,0.000000,0.004884,0.006413,0.004217,0.001546,0.001100,0.000006,0.015086,0.011250,0.007053,0.004870,0.002306,0.000011,0.000023,0.010858,0.008098,0.016886,0.010135
mm_a26f201c4d24f9,0.016938,0.000082,0.000175,0.000046,0.000100,0.000057,0.000003,0.000037,0.000262,0.000024,0.000250,0.000551,0.000009,0.000046,0.000103,0.000005,0.000016,0.000193,0.000147,0.000002,0.002287,0.000223,0.002086,0.003923
mm_f25d97c88c7dcf,0.016938,0.000000,0.000038,0.000275,0.000248,0.000291,0.000000,0.007808,0.004799,0.002296,0.002233,0.000432,0.000006,0.000724,0.000355,0.000182,0.000082,0.000029,0.000000,0.006084,0.005363,0.001341,0.003989,0.006344
mm_b1bde1556f8ff6,0.016938,0.000665,0.001158,0.003109,0.003796,0.002305,0.000024,0.000288,0.006453,0.006688,0.012205,0.004576,0.000012,0.207381,0.050561,0.018673,0.002227,0.000870,0.000007,0.010459,0.009023,0.004317,0.002698,0.005217
mm_2ebcf061e4042a,0.016938,0.000000,0.002585,0.004392,0.002485,0.000705,0.000000,0.028433,0.017409,0.016258,0.003748,0.001719,0.000031,0.000000,0.046969,0.068852,0.205605,0.233439,0.031652,0.000134,0.033127,0.045688,0.084115,0.080714
mm_41a514f513daa8,0.016938,0.101461,0.104180,0.067932,0.044785,0.013820,0.000101,0.001226,0.001110,0.000348,0.000094,0.000206,0.000010,0.000000,0.000010,0.000000,0.000004,0.000020,0.000001,0.000001,0.003032,0.000443,0.004147,0.008498
mm_0bfc128d0e62a7,0.016938,0.000000,0.000641,0.000684,0.007744,0.001573,0.000814,0.022204,0.018424,0.012403,0.005119,0.009367,0.014618,0.236960,0.059067,0.039125,0.009268,0.006851,0.002409,0.000271,0.020809,0.036849,0.058811,0.017454
mm_8aee809ad57f41,0.016938,0.001377,0.000137,0.000057,0.000012,0.000065,0.000035,0.011670,0.016091,0.020348,0.017322,0.031313,0.015588,0.000000,0.000013,0.000001,0.000053,0.000310,0.000078,0.002074,0.005410,0.001169,0.002695,0.012523
mm_fdac9837d4ead3,0.016938,0.000015,0.000011,0.000001,0.000002,0.000006,0.000002,0.008979,0.005738,0.005106,0.004556,0.004237,0.000665,0.000206,0.000043,0.000038,0.000052,0.000019,0.000016,0.000024,0.000746,0.000063,0.000643,0.002083
mm_207713ac036e2e,0.016938,0.011411,0.022895,0.033629,0.074060,0.066277,0.056416,0.120554,0.269786,0.254462,0.166326,0.231513,0.108680,0.000000,0.000392,0.000196,0.002489,0.027199,0.006521,0.035311,0.026593,0.031342,0.019456,0.022350
mm_c40563392bcdde,0.016938,0.012446,0.003064,0.005433,0.002910,0.001617,0.000950,0.000000,0.003560,0.015368,0.005472,0.006973,0.008202,0.000000,0.000009,0.000001,0.000026,0.000081,0.000014,0.014927,0.010442,0.002697,0.004113,0.015621
mm_d6c3161856bff5,0.016938,0.000004,0.007480,0.056020,0.175917,0.217084,0.000606,0.001194,0.026314,0.068409,0.084085,0.170670,0.000982,0.000035,0.169410,0.181600,0.116623,0.131959,0.000253,0.094657,0.070825,0.056965,0.063517,0.055597
mm_586e055a591c6a,0.016938,0.014645,0.105286,0.126408,0.160583,0.133682,0.056363,0.644953,0.363908,0.200121,0.108327,0.011218,0.000692,0.144955,0.114187,0.131659,0.046134,0.041068,0.045289,0.000000,0.003643,0.002201,0.010138,0.023055
mm_cb48704acb4ba5,0.016938,0.106997,0.137096,0.151570,0.116786,0.184191,0.329542,0.004507,0.005341,0.007287,0.003313,0.005345,0.004305,0.081127,0.105511,0.151257,0.109694,0.162866,0.191742,0.000175,0.067922,0.126601,0.088723,0.048536
mm_16211106fa0b86,0.016938,0.000000,0.000003,0.000000,0.000002,0.000002,0.000000,0.000000,0.011667,0.032885,0.036569,0.120750,0.622901,0.000000,0.002952,0.004376,0.009308,0.004134,0.000172,0.000002,0.007831,0.004471,0.027090,0.023060
mm_848a987a9911df,0.016938,0.195991,0.190825,0.182329,0.315147,0.224314,0.043346,0.109380,0.157631,0.131256,0.144676,0.284018,0.513190,0.038549,0.059550,0.058079,0.026609,0.030456,0.001128,0.017184,0.020120,0.020483,0.018659,0.028962
mm_52534cb2856fb0,0.016938,0.000181,0.002537,0.003081,0.001214,0.000523,0.000559,0.000000,0.000008,0.000000,0.000011,0.000042,0.000001,0.000000,0.000035,0.000001,0.000021,0.000227,0.000057,0.001224,0.002104,0.000390,0.000533,0.001770
mm_5158daabc69b4e,0.016938,0.000030,0.001852,0.025940,0.062665,0.161552,0.000116,0.000344,0.090594,0.118943,0.129964,0.055723,0.000120,0.143163,0.092721,0.092475,0.120528,0.118759,0.002787,0.244637,0.131825,0.079173,0.066894,0.034360
mm_c3b964ea6b6879,0.016938,0.004310,0.003178,0.002238,0.006851,0.069019,0.897480,0.105306,0.166838,0.141861,0.111215,0.138256,0.001917,0.006021,0.008285,0.009750,0.014746,0.002387,0.000018,0.048107,0.038917,0.029625,0.017587,0.014238
mm_9e1bc45d263d81,0.016938,0.059238,0.198646,0.269545,0.137653,0.070445,0.003261,0.009794,0.011963,0.006600,0.002784,0.000919,0.000052,0.000000,0.000283,0.000566,0.000400,0.000188,0.000001,0.067970,0.127420,0.130392,0.142609,0.183638
mm_2012c06dcdc24c,0.016938,0.000000,0.000011,0.000000,0.000003,0.000014,0.000001,0.000075,0.000082,0.000009,0.000013,0.000042,0.000023,0.000000,0.000003,0.000000,0.000001,0.000010,0.000002,0.000242,0.002864,0.000553,0.001050,0.004193
mm_22794d5e465b87,0.016938,0.000367,0.000399,0.000186,0.000089,0.000013,0.000000,0.010587,0.011837,0.007025,0.001615,0.001686,0.000069,0.000000,0.000479,0.000573,0.000550,0.000335,0.000081,0.000000,0.004993,0.000563,0.002851,0.039606
mm_1bea4669f98a3b,0.016938,0.000050,0.013280,0.028797,0.046330,0.023589,0.002453,0.309623,0.088171,0.059815,0.016544,0.003288,0.000018,0.092601,0.048331,0.054239,0.047866,0.020689,0.004297,0.000010,0.003097,0.001986,0.007568,0.002994
mm_a4dc46126e8a0f,0.016938,0.000000,0.000049,0.000018,0.000419,0.000126,0.000001,0.000003,0.000032,0.000001,0.000002,0.000007,0.000000,0.000081,0.000343,0.000017,0.000048,0.000162,0.000002,0.000001,0.001429,0.000317,0.001848,0.002087
mm_168aad8dda1fbb,0.016938,0.016303,0.016289,0.013802,0.024679,0.107264,0.976536,0.027496,0.055379,0.052673,0.057610,0.263294,0.839881,0.455784,0.159452,0.134730,0.029192,0.004549,0.000015,0.123130,0.109228,0.095844,0.099518,0.066690
mm_1004a32839814a,0.016938,0.000027,0.008236,0.008472,0.004786,0.001962,0.000031,0.000000,0.032446,0.038808,0.154589,0.023668,0.000008,0.008252,0.033584,0.029849,0.030493,0.022675,0.000312,0.000000,0.018227,0.022577,0.051250,0.146036
mm_7324418ace89c9,0.016938,0.241524,0.143730,0.131149,0.105992,0.030350,0.000068,0.000380,0.364840,0.323525,0.470515,0.121603,0.000144,0.072218,0.072093,0.080795,0.122435,0.250503,0.681260,0.008647,0.013040,0.006028,0.009102,0.019341
mm_4f937002da1897,0.016938,0.041415,0.117623,0.090166,0.018562,0.020388,0.000046,0.561133,0.331389,0.197850,0.064743,0.052183,0.000646,0.000000,0.001415,0.001282,0.007702,0.001770,0.000006,0.073952,0.061875,0.049133,0.061264,0.039161
mm_bfd960f3d2deb6,0.016938,0.005530,0.013139,0.007243,0.002406,0.001392,0.000001,0.005456,0.022164,0.016911,0.024760,0.102911,0.105588,0.015037,0.051584,0.054564,0.026300,0.047067,0.001728,0.108159,0.076412,0.078090,0.063038,0.061968
mm_af6a2878b910d7,0.016938,0.000089,0.000042,0.000047,0.000041,0.000036,0.000229,0.000019,0.000074,0.000023,0.000031,0.000127,0.000053,0.000000,0.000047,0.000002,0.000034,0.000373,0.000094,0.003324,0.002906,0.000523,0.002383,0.004297
mm_2cbcb03a52af21,0.016938,0.000008,0.000026,0.000002,0.000009,0.000012,0.000000,0.000000,0.000019,0.000001,0.000003,0.000015,0.000000,0.000443,0.002268,0.000073,0.000861,0.010868,0.006561,0.000000,0.002335,0.000221,0.001175,0.004135
mm_f696090f4bf9d1,0.016938,0.016118,0.016086,0.034746,0.017454,0.016559,0.000408,0.000025,0.020652,0.041090,0.010360,0.005000,0.000200,0.000000,0.002986,0.005346,0.032629,0.013925,0.000015,0.000011,0.017296,0.009071,0.031919,0.026426
mm_9d2641b4c6f9b8,0.016938,0.000001,0.016696,0.026497,0.050405,0.241303,0.831995,0.009583,0.005842,0.002675,0.002793,0.000479,0.000024,0.410891,0.240232,0.188065,0.090163,0.143614,0.028010,0.204867,0.108520,0.065484,0.055249,0.053031
mm_2e478af25673b6,0.016938,0.317813,0.438958,0.349308,0.333981,0.185166,0.000409,0.085897,0.178446,0.240267,0.303351,0.672243,0.004059,0.004977,0.008000,0.004639,0.004128,0.000442,0.000006,0.108538,0.110498,0.082745,0.052620,0.043179
mm_f05e8431f17646,0.016938,0.000439,0.007424,0.024330,0.014124,0.037854,0.000256,0.539785,0.241975,0.091665,0.038293,0.026380,0.000050,0.115710,0.231683,0.231018,0.148331,0.142352,0.001137,0.125437,0.136922,0.118019,0.071814,0.085136
mm_765156c7253908,0.016938,0.013213,0.012417,0.008790,0.007053,0.003613,0.003429,0.484637,0.345055,0.235421,0.214573,0.086925,0.013191,0.000001,0.004382,0.018881,0.018642,0.001829,0.000151,0.000008,0.004692,0.001109,0.009175,0.031552
mm_d7ec4a32d42ac8,0.016938,0.000924,0.000435,0.000470,0.000357,0.000283,0.000027,0.017504,0.045810,0.068395,0.078035,0.271393,0.550476,0.002917,0.002180,0.003938,0.001754,0.000304,0.000019,0.043801,0.027441,0.022463,0.005773,0.012953
