id,e_00,e_01,e_02,e_03,e_04,e_05,e_06,e_07,e_08,e_09,e_10,e_11,e_12,e_13,e_14,e_15,e_16,e_17,e_18,e_19,e_20,e_21,e_22,e_23
mm_caa07d34afbbd2,0.016938,0.066022,0.065809,0.067028,0.066524,0.066063,0.048404,0.071059,0.070852,0.072264,0.071532,0.071356,0.049011,0.078333,0.078958,0.079198,0.079165,0.120320,0.165666,0.051336,0.051645,0.051645,0.051756,0.051316
mm_6d81d40d95c981,0.016938,0.043304,0.043088,0.044069,0.043653,0.043363,0.043592,0.055895,0.058430,0.059011,0.058724,0.070658,0.078839,0.036216,0.036210,0.036467,0.036430,0.036303,0.036384,0.035328,0.035537,0.035849,0.035827,0.035600
mm_e3c77cb450083b,0.016938,0.039394,0.039658,0.040518,0.040175,0.039691,0.040249,0.068725,0.072850,0.073757,0.073257,0.072844,0.073088,0.050891,0.050958,0.051086,0.050923,0.056174,0.055919,0.042971,0.042928,0.043291,0.042926,0.042600
mm_e41d3f5ad76015,0.016938,0.047675,0.047596,0.048317,0.048121,0.047460,0.048491,0.042103,0.043841,0.044601,0.044009,0.044193,0.044551,0.064627,0.064266,0.064311,0.064155,0.064145,0.064120,0.054356,0.053909,0.053993,0.053540,0.053189
mm_b7eae5d248a65f,0.016938,0.038402,0.038392,0.039173,0.038888,0.038354,0.038952,0.034985,0.035448,0.036372,0.035720,0.035450,0.035545,0.062701,0.062820,0.062849,0.062613,0.062707,0.062642,0.038801,0.038651,0.038756,0.038536,0.038180
mm_19f4a31e912b3a,0.016938,0.081394,0.081911,0.082653,0.082349,0.082006,0.082449,0.070186,0.074780,0.075451,0.075104,0.074874,0.074977,0.061194,0.060745,0.060958,0.060723,0.060742,0.060722,0.052912,0.052507,0.052533,0.052072,0.051660
mm_023b05c1855dd5,0.016938,0.037713,0.037931,0.038819,0.038368,0.037915,0.038368,0.076774,0.076278,0.077041,0.076633,0.076502,0.080911,0.041088,0.040396,0.040434,0.040144,0.040132,0.040118,0.026564,0.026566,0.027163,0.027027,0.026771
mm_3636455394954a,0.016938,0.033442,0.033601,0.034310,0.033863,0.033697,0.033722,0.030746,0.030981,0.031876,0.031275,0.031060,0.031362,0.026197,0.026405,0.026628,0.026485,0.026328,0.026444,0.025687,0.025989,0.026266,0.026110,0.026015
mm_ec059f1030a66f,0.016938,0.037943,0.038118,0.038739,0.038648,0.038084,0.038832,0.031652,0.032065,0.032877,0.032254,0.032453,0.032254,0.039770,0.039996,0.040148,0.040119,0.040458,0.040492,0.049395,0.048841,0.049019,0.048543,0.048377
mm_bd57cb41b5f4d8,0.016938,0.085535,0.085620,0.086659,0.086439,0.085819,0.086069,0.077718,0.077423,0.077867,0.077552,0.077245,0.077731,0.062590,0.062181,0.062361,0.062198,0.062118,0.062212,0.051132,0.050460,0.050832,0.050275,0.049955
mm_370caabdc80be6,0.016938,0.075827,0.076091,0.076646,0.076410,0.096392,0.113555,0.067344,0.069209,0.069667,0.069195,0.069086,0.047997,0.076450,0.076437,0.076748,0.076605,0.100739,0.115558,0.053511,0.053476,0.053812,0.053383,0.052973
mm_33f426002d5394,0.016938,0.074500,0.076667,0.077579,0.077309,0.076702,0.078362,0.039774,0.039948,0.040961,0.040510,0.040264,0.040330,0.044677,0.044861,0.045118,0.045089,0.045024,0.034301,0.041553,0.041685,0.041326,0.040786,0.040437
mm_8fbba247657793,0.016938,0.048486,0.048692,0.049733,0.049239,0.048667,0.049195,0.075627,0.075565,0.076221,0.075826,0.075522,0.075743,0.037831,0.037671,0.037765,0.037730,0.037632,0.038074,0.033228,0.033394,0.033843,0.033817,0.033426
mm_aeab3d0ed33ad8,0.016938,0.033702,0.033617,0.034352,0.034156,0.033853,0.033771,0.030847,0.030730,0.031324,0.031067,0.030883,0.030876,0.026279,0.026511,0.026686,0.026593,0.026552,0.026521,0.025612,0.025774,0.025865,0.025987,0.025681
mm_360c5227d11ea4,0.016938,0.082856,0.082022,0.082870,0.082515,0.082186,0.083668,0.048346,0.050780,0.051446,0.050919,0.058036,0.068350,0.054883,0.058816,0.058914,0.058967,0.058885,0.040941,0.053269,0.052635,0.052419,0.051373,0.051215
mm_1154399ebc3cb0,0.016938,0.084553,0.083708,0.084713,0.084442,0.084026,0.084714,0.077359,0.077067,0.077850,0.077241,0.077106,0.077710,0.062811,0.062320,0.062591,0.062370,0.062319,0.063615,0.053605,0.053671,0.054046,0.053575,0.053205
mm_e2acdbee4153c9,0.016938,0.076453,0.076823,0.077647,0.077351,0.077020,0.077014,0.071447,0.071031,0.071472,0.071085,0.070983,0.070909,0.094881,0.094333,0.095235,0.095152,0.095134,0.095094,0.050015,0.049622,0.049697,0.049001,0.048695
mm_e5747f7a0f7dc9,0.016938,0.060248,0.060137,0.060877,0.060618,0.060033,0.045912,0.081925,0.081857,0.082701,0.082185,0.088076,0.087708,0.049240,0.049360,0.049464,0.049351,0.049313,0.035848,0.060806,0.057209,0.056965,0.055677,0.055442
mm_cbb221501fb3bb,0.016938,0.038246,0.038478,0.039327,0.039119,0.038769,0.038844,0.051972,0.051980,0.052898,0.052373,0.052219,0.039186,0.039210,0.039019,0.039277,0.038694,0.038590,0.038654,0.033806,0.034009,0.034161,0.034393,0.033895
mm_68e566a98220ee,0.016938,0.063027,0.063332,0.064062,0.063922,0.063371,0.047145,0.074663,0.078838,0.079667,0.079287,0.099787,0.104712,0.031321,0.031482,0.031709,0.031571,0.031624,0.031579,0.025591,0.025689,0.026039,0.026116,0.025671
mm_7052aa3a516fe0,0.016938,0.031344,0.031631,0.032331,0.032454,0.032030,0.032233,0.029342,0.029510,0.030309,0.030127,0.030116,0.029976,0.025774,0.025960,0.026182,0.026080,0.026145,0.026104,0.024803,0.025110,0.025284,0.025478,0.025004
mm_5b8e559da81dab,0.016938,0.048288,0.048394,0.049184,0.048841,0.048183,0.048887,0.060482,0.060131,0.060884,0.059983,0.060021,0.059669,0.061571,0.061177,0.061196,0.061131,0.060954,0.061312,0.041720,0.041938,0.042137,0.041976,0.041707
mm_8b1418cf8169d7,0.016938,0.055538,0.057112,0.058052,0.057751,0.057613,0.057116,0.045555,0.045690,0.046393,0.045704,0.045577,0.045644,0.031548,0.031552,0.031846,0.031744,0.031872,0.031786,0.032819,0.032855,0.032928,0.032739,0.032355
mm_1713990f697700,0.016938,0.073761,0.076340,0.077239,0.076921,0.118109,0.157702,0.079005,0.078950,0.079510,0.079072,0.095036,0.115699,0.031998,0.032067,0.032185,0.032196,0.032116,0.032127,0.025807,0.026132,0.026485,0.026340,0.026116
mm_5e23486ed0dd1c,0.016938,0.077393,0.077128,0.078335,0.077770,0.129871,0.183067,0.075916,0.075851,0.076786,0.076262,0.101086,0.112992,0.068615,0.069224,0.069475,0.069447,0.069324,0.069313,0.038027,0.037975,0.038185,0.037985,0.037635
mm_8958864f60c85e,0.016938,0.038863,0.038804,0.039625,0.039452,0.039015,0.039560,0.035552,0.036146,0.036945,0.036462,0.036244,0.036391,0.042254,0.042305,0.042700,0.042492,0.042534,0.033256,0.056212,0.055500,0.055318,0.054166,0.053882
mm_84d8cf7f8242fd,0.016938,0.032961,0.033072,0.033581,0.033392,0.033277,0.033356,0.030087,0.030819,0.031502,0.030847,0.030925,0.030877,0.026079,0.026230,0.026272,0.026272,0.026303,0.026198,0.024959,0.025094,0.025283,0.025257,0.025016
mm_09adcc53c1c603,0.016938,0.073476,0.076918,0.078047,0.077802,0.077058,0.078129,0.045834,0.045914,0.046593,0.046249,0.046376,0.046028,0.035010,0.034869,0.035023,0.034714,0.034546,0.034597,0.030899,0.031095,0.031183,0.031314,0.031107
mm_e2f8d32a9c3fe7,0.016938,0.061867,0.061723,0.062632,0.062228,0.062597,0.062928,0.057734,0.062560,0.063327,0.062955,0.074034,0.076504,0.035174,0.035230,0.035443,0.035405,0.035420,0.035333,0.026707,0.026783,0.027135,0.027142,0.026839
mm_c62f6ed8bb5f21,0.016938,0.040778,0.040558,0.041546,0.041242,0.040626,0.040954,0.049009,0.049033,0.049551,0.049253,0.048736,0.048859,0.065466,0.068200,0.068311,0.068301,0.068148,0.068174,0.052064,0.051487,0.051666,0.050823,0.050633
mm_d6d5b1e3dde3b9,0.016938,0.065817,0.066075,0.066747,0.066482,0.065848,0.048427,0.075832,0.075162,0.076324,0.075603,0.075496,0.076569,0.035240,0.035337,0.035555,0.035445,0.035462,0.035367,0.030268,0.030433,0.030538,0.030253,0.029964
mm_3759c88969c407,0.016938,0.077464,0.077013,0.078041,0.077705,0.121166,0.156400,0.070363,0.070595,0.071449,0.070916,0.070834,0.049109,0.031924,0.031555,0.031815,0.031592,0.031606,0.031559,0.026820,0.026885,0.027037,0.027174,0.026759
mm_40bea11bd77b55,0.016938,0.033163,0.033006,0.033981,0.033755,0.033304,0.033382,0.029990,0.030363,0.031055,0.030664,0.030637,0.030586,0.029807,0.029893,0.030046,0.030085,0.030008,0.029978,0.031425,0.031611,0.031777,0.031633,0.031407
mm_e0e2eeff841af4,0.016938,0.048607,0.050227,0.050877,0.050367,0.050024,0.050199,0.050881,0.051172,0.052410,0.051593,0.051610,0.051586,0.051007,0.051950,0.051999,0.051940,0.051810,0.051831,0.051990,0.051403,0.051590,0.051049,0.050869
mm_4138c7abbfeccc,0.016938,0.050184,0.049974,0.051214,0.050717,0.050256,0.042262,0.082982,0.082364,0.083630,0.082944,0.082815,0.087443,0.063361,0.065059,0.065077,0.064976,0.071588,0.070657,0.049009,0.049034,0.048662,0.048280,0.048023
mm_556efb090f5121,0.016938,0.046220,0.045960,0.047141,0.046644,0.046428,0.046903,0.073087,0.075760,0.076879,0.075849,0.075553,0.075460,0.058524,0.058586,0.058562,0.058480,0.058425,0.058442,0.038704,0.038857,0.039036,0.038874,0.038513
mm_96af98564abeff,0.016938,0.057388,0.061198,0.062448,0.061846,0.061259,0.046097,0.073691,0.074132,0.074790,0.074341,0.074662,0.073730,0.069065,0.068530,0.068630,0.068469,0.068439,0.069608,0.051578,0.051738,0.052169,0.052217,0.051756
mm_b7565ebb130aa2,0.016938,0.065025,0.065325,0.066125,0.065921,0.065380,0.047754,0.084624,0.087726,0.088293,0.087901,0.104094,0.106943,0.045033,0.045045,0.045173,0.045078,0.047782,0.047571,0.043477,0.043812,0.044198,0.044218,0.043787
mm_b7c60aa91cef74,0.016938,0.076080,0.076504,0.077416,0.077159,0.076430,0.076735,0.075421,0.074531,0.075431,0.074876,0.074599,0.074723,0.039247,0.039236,0.039450,0.039388,0.039295,0.039324,0.039942,0.040129,0.040554,0.040395,0.040144
mm_2e491b79a549bd,0.016938,0.085419,0.089852,0.090553,0.090298,0.089814,0.090272,0.037985,0.038397,0.039294,0.038626,0.038366,0.038543,0.026382,0.026436,0.026750,0.026575,0.026540,0.026508,0.025619,0.025645,0.025794,0.025959,0.025490
mm_99da0eee3d36ed,0.016938,0.078149,0.077268,0.078688,0.078059,0.077586,0.077831,0.040105,0.040193,0.041094,0.040413,0.040346,0.040255,0.086394,0.085860,0.086607,0.086580,0.086433,0.086514,0.050232,0.049756,0.050035,0.049219,0.048959
mm_24ab1a7a117192,0.016938,0.037985,0.038277,0.038762,0.038685,0.038196,0.038633,0.033619,0.033856,0.034477,0.034064,0.034095,0.033659,0.026135,0.026171,0.026470,0.026287,0.026249,0.026322,0.025295,0.025632,0.025880,0.025892,0.025615
mm_64ca4b498e297b,0.016938,0.035138,0.035196,0.035946,0.035567,0.034917,0.035750,0.078219,0.081754,0.082719,0.082238,0.081956,0.081998,0.038594,0.038559,0.038764,0.038668,0.038432,0.038548,0.036922,0.037056,0.037264,0.037423,0.036931
mm_ba928b453eeb8a,0.016938,0.070662,0.075152,0.075871,0.075579,0.075059,0.076460,0.042899,0.042574,0.043867,0.042441,0.042424,0.042433,0.030640,0.030624,0.030723,0.030514,0.030448,0.030468,0.025357,0.025404,0.025678,0.025621,0.025339
mm_203c08cf59f78a,0.016938,0.032453,0.032409,0.033259,0.033199,0.032686,0.032917,0.032774,0.032707,0.033619,0.033174,0.033266,0.033116,0.033493,0.033296,0.033537,0.033427,0.033352,0.033358,0.033117,0.033487,0.033789,0.033758,0.033459
mm_617b1de33c239f,0.016938,0.049865,0.049989,0.050756,0.050351,0.050101,0.050337,0.032014,0.032403,0.033053,0.032642,0.032470,0.032610,0.037341,0.037371,0.037530,0.037447,0.037502,0.037388,0.032618,0.032550,0.032652,0.032635,0.032371
mm_42b2e41e68ba79,0.016938,0.034136,0.034141,0.034936,0.034523,0.033974,0.034508,0.030858,0.031293,0.032072,0.031452,0.031389,0.031360,0.026357,0.026410,0.026627,0.026503,0.026387,0.026466,0.025566,0.025827,0.025979,0.025940,0.025751
mm_d5709e8abc8f13,0.016938,0.048881,0.048558,0.049962,0.049334,0.048753,0.050108,0.065877,0.065983,0.066849,0.066225,0.066072,0.066084,0.105845,0.105264,0.105032,0.105014,0.104923,0.105013,0.036990,0.037279,0.037394,0.037327,0.037071
mm_872a8165e42d3d,0.016938,0.075459,0.075158,0.076390,0.075785,0.106438,0.128421,0.041112,0.041124,0.041867,0.041407,0.041331,0.041320,0.045912,0.045926,0.046017,0.045912,0.052061,0.062103,0.059908,0.056645,0.056669,0.055869,0.055513
mm_7afe25f15ac97d,0.016938,0.033434,0.033264,0.034325,0.034314,0.033800,0.034112,0.029159,0.029385,0.030255,0.029967,0.030017,0.029957,0.025610,0.025627,0.025910,0.025872,0.025820,0.025916,0.024782,0.024981,0.025168,0.025462,0.024997
mm_6d368a4d269528,0.016938,0.032782,0.032992,0.033601,0.033479,0.032935,0.033627,0.030378,0.030736,0.031396,0.030783,0.030928,0.030709,0.028218,0.028275,0.028600,0.028433,0.028446,0.028458,0.029336,0.029551,0.029836,0.029937,0.029541
mm_d99a842a8d574c,0.016938,0.055912,0.055705,0.057093,0.056722,0.056133,0.056636,0.053475,0.053373,0.054265,0.053094,0.053024,0.052806,0.031411,0.031205,0.031265,0.031213,0.031112,0.031137,0.029688,0.030137,0.030269,0.030320,0.030012
mm_f6df3a997b0ef8,0.016938,0.038744,0.038429,0.039156,0.039128,0.038711,0.038682,0.060479,0.063606,0.063968,0.063956,0.063694,0.063631,0.051391,0.054971,0.055115,0.055155,0.055123,0.054991,0.050667,0.050623,0.050895,0.050307,0.049910
mm_882f11cbc1eb53,0.016938,0.041055,0.041716,0.042339,0.042090,0.041688,0.041891,0.038005,0.038954,0.039624,0.039043,0.039268,0.038968,0.027147,0.027212,0.027300,0.027345,0.027286,0.027223,0.025817,0.025873,0.026151,0.026333,0.026016
mm_631ccae79bf2f7,0.016938,0.038786,0.038254,0.039526,0.039136,0.038818,0.039041,0.044014,0.044115,0.045118,0.044631,0.044526,0.040070,0.038166,0.038244,0.038546,0.038497,0.038399,0.038488,0.025412,0.025533,0.025821,0.025900,0.025578
mm_88631a08431c04,0.016938,0.059983,0.059700,0.060905,0.060356,0.060293,0.060399,0.048203,0.051242,0.052126,0.051770,0.054728,0.056501,0.065898,0.066356,0.066577,0.066544,0.066459,0.066752,0.047478,0.047696,0.047777,0.047922,0.047584
mm_a6bf416c227e14,0.016938,0.063878,0.063907,0.064859,0.064435,0.063780,0.047554,0.061844,0.064936,0.066063,0.065619,0.065228,0.047711,0.050044,0.050496,0.050675,0.050575,0.050609,0.036284,0.062178,0.058689,0.058092,0.057136,0.056753
mm_239235f8040bd6,0.016938,0.070201,0.070462,0.071341,0.071088,0.085382,0.094842,0.065365,0.070181,0.070840,0.070576,0.091176,0.102289,0.064976,0.065033,0.065285,0.065221,0.085346,0.102204,0.053916,0.053413,0.053672,0.053127,0.052888
mm_1441bd6fa628ef,0.016938,0.123110,0.128666,0.130362,0.130043,0.129807,0.129858,0.045596,0.045396,0.046295,0.045826,0.045499,0.045344,0.122926,0.122935,0.123985,0.123904,0.123811,0.123866,0.041873,0.041935,0.042117,0.041918,0.041570
mm_d37a6f8f0b9e4d,0.016938,0.069873,0.074959,0.075775,0.075600,0.075074,0.075475,0.052307,0.052170,0.052974,0.052492,0.052850,0.052678,0.044130,0.044227,0.044293,0.044301,0.044916,0.044759,0.039418,0.039541,0.039868,0.039518,0.039273
mm_0d77de32c88512,0.016938,0.086969,0.086699,0.087359,0.087075,0.086410,0.089104,0.051591,0.050889,0.051754,0.050747,0.050659,0.050643,0.050243,0.050228,0.049799,0.049653,0.049550,0.035876,0.058200,0.057465,0.057256,0.055990,0.055681
mm_b5fcfb1b397a4b,0.016938,0.033980,0.034223,0.034944,0.034691,0.034264,0.034525,0.056701,0.056811,0.057982,0.057287,0.057305,0.042035,0.055506,0.056717,0.057000,0.056917,0.056796,0.040106,0.050300,0.050406,0.050514,0.050325,0.050133
mm_abfa80268df0e1,0.016938,0.080740,0.080054,0.081276,0.080745,0.080258,0.080611,0.078272,0.077664,0.078712,0.077902,0.077940,0.077721,0.038073,0.037620,0.037794,0.037473,0.037341,0.037403,0.035365,0.035568,0.035889,0.035884,0.035507
mm_dbe46fed14a132,0.016938,0.072646,0.073030,0.073813,0.073615,0.120004,0.141252,0.041969,0.041483,0.042020,0.041453,0.041429,0.041194,0.038059,0.038087,0.037916,0.037830,0.037741,0.033700,0.036631,0.036992,0.037370,0.037400,0.036974
mm_b63bb2a70ffdda,0.016938,0.032582,0.032919,0.033309,0.033287,0.032834,0.033298,0.030376,0.030430,0.031068,0.030892,0.030948,0.030614,0.026047,0.026181,0.026378,0.026321,0.026292,0.026392,0.025097,0.025422,0.025689,0.025640,0.025435
mm_40dd139fb3daa9,0.016938,0.036279,0.036460,0.037250,0.036990,0.036981,0.037027,0.032221,0.032094,0.033007,0.032780,0.032551,0.032671,0.026031,0.026210,0.026484,0.026415,0.026358,0.026439,0.025196,0.025380,0.025596,0.025822,0.025481
mm_e0700a570df27d,0.016938,0.124316,0.123302,0.124334,0.123916,0.123194,0.123976,0.078949,0.083673,0.084732,0.084230,0.083766,0.083959,0.057112,0.056748,0.056986,0.056740,0.056719,0.056662,0.050971,0.050584,0.050603,0.049892,0.049460
mm_c1206e1dab5c15,0.016938,0.106259,0.105576,0.107463,0.107135,0.106501,0.106957,0.046211,0.046023,0.047286,0.046594,0.046634,0.046449,0.063328,0.062985,0.063053,0.062966,0.062852,0.063131,0.053427,0.052807,0.053138,0.052140,0.051890
mm_775566a7cbb5b3,0.016938,0.115144,0.114257,0.115299,0.114883,0.114201,0.115256,0.063865,0.064056,0.064695,0.064321,0.064097,0.064636,0.053982,0.055490,0.055717,0.055714,0.055592,0.055565,0.035080,0.034787,0.035243,0.034683,0.034439
mm_47420345031743,0.016938,0.032941,0.033083,0.033787,0.033683,0.033294,0.033500,0.030557,0.030611,0.031438,0.031244,0.030772,0.030994,0.026059,0.026136,0.026361,0.026355,0.026200,0.026282,0.025529,0.025711,0.026049,0.026069,0.025732
mm_6a4e3cf0b79754,0.016938,0.110660,0.113337,0.114305,0.114006,0.113462,0.116593,0.074063,0.074328,0.075022,0.074326,0.074279,0.074274,0.103618,0.103068,0.101113,0.101157,0.100997,0.101173,0.037447,0.037702,0.037825,0.037767,0.037525
mm_4c18fe6b05153d,0.016938,0.035911,0.035939,0.036909,0.036570,0.036165,0.036565,0.053311,0.053608,0.054640,0.054290,0.053834,0.040391,0.035011,0.035109,0.035259,0.035296,0.035144,0.035163,0.025658,0.025869,0.026037,0.026127,0.025829
mm_ff940459cefd5a,0.016938,0.080448,0.080652,0.081424,0.081116,0.080503,0.081266,0.079478,0.078904,0.079813,0.079175,0.079107,0.079210,0.063257,0.068101,0.068317,0.068285,0.068133,0.068227,0.050754,0.050659,0.050920,0.050247,0.049993
mm_225d0885812160,0.016938,0.051400,0.051072,0.052328,0.051678,0.051208,0.051669,0.042133,0.042360,0.043147,0.042752,0.042339,0.042563,0.092068,0.091365,0.092376,0.092201,0.092135,0.092193,0.041844,0.041888,0.042161,0.041987,0.041637
mm_f3458225798f65,0.016938,0.037002,0.037048,0.037913,0.037996,0.037359,0.037818,0.031330,0.031737,0.032474,0.032098,0.032364,0.031993,0.037239,0.037328,0.037601,0.037553,0.037437,0.037553,0.038968,0.039161,0.039453,0.039337,0.038977
mm_280bd803fff43e,0.016938,0.084366,0.085039,0.085800,0.085332,0.085045,0.085274,0.043128,0.043252,0.043978,0.043493,0.043434,0.043504,0.068167,0.067763,0.067832,0.067746,0.067626,0.067707,0.049600,0.049674,0.049993,0.049642,0.049268
mm_ca6004c1a8bac3,0.016938,0.036352,0.036456,0.037385,0.037189,0.036533,0.037103,0.050364,0.054099,0.054995,0.054203,0.054153,0.041255,0.036957,0.036753,0.036958,0.036363,0.036337,0.036397,0.025799,0.025739,0.026214,0.026058,0.025900
mm_ae62f88c5cfe4f,0.016938,0.034240,0.034482,0.035108,0.034777,0.034368,0.034958,0.030762,0.030929,0.031517,0.031247,0.031109,0.031222,0.026352,0.026432,0.026681,0.026573,0.026526,0.026606,0.025513,0.025664,0.025894,0.026061,0.025661
mm_fd61fde6b36a9f,0.016938,0.085245,0.084479,0.085936,0.085075,0.084776,0.086320,0.065464,0.065695,0.066395,0.065750,0.085349,0.104710,0.059388,0.063872,0.063965,0.063904,0.068599,0.068289,0.045497,0.045184,0.045268,0.044904,0.044692
mm_f2542aa79079c8,0.016938,0.033286,0.033462,0.034570,0.034036,0.033451,0.033788,0.032122,0.032391,0.033310,0.032676,0.032375,0.032577,0.030159,0.030310,0.030453,0.030347,0.030254,0.030299,0.030781,0.030638,0.031012,0.030921,0.030598
mm_cc556cbfee900b,0.016938,0.033497,0.033641,0.034463,0.034197,0.033657,0.034142,0.031501,0.031696,0.032550,0.032258,0.031865,0.031986,0.026101,0.026155,0.026216,0.026320,0.026212,0.026252,0.025389,0.025691,0.025976,0.025973,0.025789
mm_f04e5347884c98,0.016938,0.089023,0.088386,0.089468,0.088891,0.088443,0.088797,0.036461,0.036699,0.037601,0.036684,0.036447,0.036695,0.030310,0.030393,0.030545,0.030478,0.030371,0.030457,0.030582,0.030609,0.030851,0.030719,0.030445
mm_6e4257c3b65379,0.016938,0.074863,0.075326,0.076386,0.075792,0.075302,0.077482,0.050350,0.049757,0.050110,0.049233,0.048820,0.049179,0.031911,0.031993,0.032113,0.031865,0.031803,0.031865,0.035042,0.035236,0.035495,0.035461,0.035210
mm_e818a96a239ec3,0.016938,0.075779,0.081294,0.082010,0.081888,0.081338,0.086085,0.071245,0.071411,0.071975,0.071443,0.076708,0.076286,0.043267,0.043338,0.043499,0.043391,0.043308,0.033067,0.056418,0.055868,0.055629,0.054443,0.054187
mm_acc4d677045b10,0.016938,0.054391,0.058045,0.058937,0.058693,0.058662,0.058516,0.042457,0.042343,0.043195,0.042468,0.042417,0.042445,0.045760,0.045810,0.046055,0.045921,0.047958,0.048086,0.056727,0.055965,0.055803,0.054846,0.054511
mm_adc4a0cf04dce1,0.016938,0.089607,0.095580,0.097159,0.096884,0.096356,0.096666,0.043108,0.043184,0.044554,0.043547,0.043531,0.044622,0.061414,0.061136,0.061338,0.061292,0.061115,0.061444,0.052383,0.051724,0.051915,0.051037,0.050879
mm_8b02f6fbedf59d,0.016938,0.040118,0.040667,0.041521,0.041361,0.040936,0.041155,0.075869,0.082988,0.084168,0.083319,0.083290,0.083356,0.064982,0.064673,0.064646,0.064659,0.064453,0.064585,0.046540,0.046002,0.046236,0.045513,0.045326
mm_3deccb3389bf58,0.016938,0.060576,0.060180,0.061462,0.060874,0.061810,0.062692,0.045834,0.046054,0.047101,0.046693,0.046240,0.046312,0.067281,0.066812,0.066966,0.066817,0.066749,0.067848,0.055889,0.055161,0.055498,0.054880,0.054557
mm_49c7a4a45f2909,0.016938,0.034239,0.034419,0.035133,0.034960,0.034437,0.034837,0.030251,0.030599,0.031511,0.030993,0.030982,0.030786,0.049182,0.049180,0.049404,0.049391,0.050839,0.050750,0.038024,0.037670,0.038144,0.037600,0.037302
mm_0f88a892ec5806,0.016938,0.048680,0.048847,0.049746,0.049495,0.048816,0.049209,0.082734,0.082019,0.082873,0.082294,0.082021,0.082188,0.051172,0.051072,0.051265,0.052700,0.054257,0.055666,0.048640,0.048731,0.048851,0.048596,0.048182
mm_3b69fc6b3b4b6d,0.016938,0.124677,0.123885,0.124754,0.124412,0.123812,0.124264,0.064032,0.064181,0.065262,0.064575,0.109695,0.153161,0.055530,0.055491,0.055704,0.055576,0.055485,0.039325,0.047651,0.047919,0.048208,0.048156,0.047739
mm_abadc57d9e644d,0.016938,0.089007,0.096236,0.097813,0.097559,0.097076,0.097230,0.074151,0.074108,0.074796,0.074369,0.074220,0.073937,0.029929,0.029956,0.030106,0.029997,0.029899,0.029944,0.026041,0.026181,0.026382,0.026470,0.026158
mm_b160426f6d25e2,0.016938,0.033584,0.033524,0.034366,0.034218,0.033585,0.033806,0.033253,0.033064,0.034126,0.033628,0.033390,0.033504,0.028358,0.028309,0.028586,0.028457,0.028285,0.028325,0.025525,0.025708,0.025784,0.025873,0.025573
mm_0f3f229f2801c4,0.016938,0.034454,0.034350,0.035405,0.035011,0.034547,0.034851,0.031343,0.031350,0.032423,0.031754,0.031537,0.031884,0.070318,0.069888,0.070148,0.070088,0.069994,0.070034,0.050039,0.050164,0.050523,0.050022,0.049710
mm_cd83e16923b281,0.016938,0.077820,0.077365,0.078165,0.077875,0.077464,0.077810,0.069738,0.071681,0.072547,0.071837,0.071543,0.071844,0.051403,0.051395,0.051434,0.051383,0.051340,0.051306,0.048970,0.049139,0.049410,0.049019,0.048786
mm_6601bc407986f2,0.016938,0.080869,0.081511,0.082163,0.082047,0.081540,0.082567,0.066257,0.066316,0.067241,0.066638,0.067561,0.067243,0.034352,0.034674,0.034862,0.034775,0.034636,0.034727,0.030519,0.030982,0.031272,0.030976,0.030822
mm_8842bdc6307726,0.016938,0.050225,0.050258,0.050943,0.050692,0.049955,0.050860,0.035542,0.035707,0.036479,0.035970,0.035913,0.035841,0.028511,0.028583,0.028793,0.028654,0.028573,0.028530,0.025595,0.025662,0.025751,0.025862,0.025482
mm_9ca1637f031765,0.016938,0.033876,0.033810,0.034822,0.034669,0.034005,0.034568,0.031002,0.031048,0.031882,0.031515,0.031582,0.031360,0.039295,0.039386,0.039658,0.039592,0.039834,0.040125,0.034943,0.035011,0.035405,0.035175,0.034873
mm_a21e7b2978ed61,0.016938,0.056713,0.056807,0.057550,0.057215,0.056653,0.057246,0.034454,0.034695,0.035503,0.035101,0.034875,0.034796,0.026737,0.026736,0.027024,0.026911,0.026826,0.026776,0.025473,0.025732,0.025920,0.025880,0.025629
mm_3b7f04cab8c457,0.016938,0.039483,0.039532,0.040487,0.040364,0.039600,0.040235,0.060525,0.063265,0.064251,0.063841,0.063505,0.063563,0.039148,0.038897,0.039067,0.038945,0.039421,0.039587,0.037782,0.037975,0.038389,0.038499,0.038024
mm_81031e5c414290,0.016938,0.064043,0.063635,0.065430,0.064854,0.072765,0.076763,0.113656,0.122832,0.125176,0.124371,0.124251,0.124170,0.037732,0.037790,0.037925,0.037840,0.037733,0.038533,0.050416,0.050439,0.050407,0.049687,0.049548
mm_6e36b4963427e5,0.016938,0.072779,0.073165,0.073994,0.073646,0.122167,0.173299,0.048728,0.048184,0.048509,0.048354,0.047984,0.048263,0.027134,0.027116,0.027451,0.027295,0.027263,0.027308,0.025448,0.025642,0.025880,0.025946,0.025636
mm_a8eb2eb8cca822,0.016938,0.048392,0.048601,0.049522,0.048943,0.048457,0.048953,0.081477,0.081192,0.081641,0.081030,0.080979,0.081136,0.047080,0.048454,0.048589,0.048587,0.048516,0.048543,0.039661,0.039791,0.040103,0.040034,0.039900
mm_6421cd7df9d4df,0.016938,0.061381,0.061315,0.062153,0.061886,0.062016,0.062549,0.036744,0.037186,0.038098,0.037511,0.037226,0.037432,0.029005,0.029038,0.029384,0.029190,0.029174,0.029083,0.030104,0.030295,0.030405,0.030472,0.030053
mm_c07527904f6680,0.016938,0.108161,0.107249,0.109430,0.108957,0.108481,0.108981,0.060818,0.062775,0.063831,0.063143,0.062782,0.062819,0.056044,0.056175,0.056265,0.056072,0.056038,0.056268,0.045798,0.045350,0.045615,0.045007,0.044706
mm_81c2009787f855,0.016938,0.032563,0.032771,0.033600,0.033336,0.032846,0.033201,0.030251,0.030510,0.031301,0.031040,0.030954,0.031003,0.026029,0.026120,0.026342,0.026291,0.026240,0.026278,0.025329,0.025560,0.025818,0.025941,0.025552
mm_5aef083c16cec6,0.016938,0.034977,0.035076,0.035603,0.035443,0.034891,0.035375,0.032921,0.032890,0.033770,0.033227,0.033140,0.033161,0.067581,0.068048,0.068305,0.068207,0.068129,0.068061,0.050781,0.050849,0.050972,0.050955,0.050544
mm_e0123c5bf9acc1,0.016938,0.034093,0.034096,0.035187,0.034974,0.034246,0.034912,0.031897,0.032051,0.033146,0.032696,0.032470,0.032297,0.029279,0.029398,0.029624,0.029543,0.029468,0.029500,0.029211,0.029457,0.029553,0.029800,0.029491
mm_dcd24e4057ccf0,0.016938,0.058292,0.059705,0.060490,0.060179,0.059556,0.045555,0.059905,0.064627,0.065434,0.064843,0.083218,0.086170,0.049559,0.049693,0.049794,0.049641,0.049539,0.035946,0.051059,0.051251,0.051315,0.051173,0.050857
mm_cf1f0c124ec6b8,0.016938,0.045857,0.045904,0.046594,0.046207,0.045967,0.046129,0.047636,0.047631,0.048199,0.047354,0.047369,0.047325,0.027914,0.028019,0.028207,0.028103,0.028001,0.028085,0.026351,0.026595,0.026877,0.026924,0.026531
mm_6e6b8c4e977e9c,0.016938,0.040441,0.040516,0.041064,0.040976,0.040814,0.041101,0.031038,0.031150,0.032012,0.031453,0.031514,0.031404,0.026090,0.026198,0.026356,0.026358,0.026241,0.026386,0.025467,0.025569,0.025874,0.025945,0.025699
mm_509f65a5e20463,0.016938,0.036677,0.036737,0.037822,0.037308,0.036741,0.037306,0.033897,0.034097,0.034821,0.034582,0.034302,0.034386,0.027932,0.027998,0.028196,0.028085,0.028095,0.028026,0.025479,0.025703,0.025775,0.025869,0.025587
mm_076571b1026c99,0.016938,0.067955,0.068041,0.069027,0.068845,0.068228,0.068452,0.038192,0.038439,0.039146,0.038739,0.038416,0.038591,0.060378,0.059935,0.060374,0.060176,0.060077,0.060101,0.043517,0.043282,0.043367,0.043046,0.042626
mm_508b44e2262243,0.016938,0.063737,0.063720,0.064555,0.064331,0.072549,0.079473,0.060271,0.060191,0.061101,0.060499,0.060170,0.044676,0.038656,0.038752,0.038933,0.038731,0.038615,0.038654,0.033070,0.033125,0.033309,0.033182,0.033003
mm_3033c915341b7e,0.016938,0.057517,0.057501,0.058396,0.058097,0.057525,0.044618,0.059001,0.058685,0.059284,0.058592,0.058457,0.058562,0.052176,0.052135,0.052426,0.051995,0.051911,0.051887,0.036235,0.036401,0.036380,0.036609,0.036170
mm_16845dfe267c30,0.016938,0.060143,0.060078,0.060992,0.060742,0.060279,0.044890,0.061012,0.061168,0.062381,0.061810,0.061730,0.044430,0.042335,0.042298,0.042664,0.042523,0.042572,0.033153,0.052985,0.052425,0.052089,0.051110,0.050762
mm_e3730d1d9d544c,0.016938,0.032399,0.032368,0.033369,0.033229,0.032930,0.033365,0.032145,0.032359,0.033125,0.032808,0.033088,0.033048,0.045634,0.045700,0.045941,0.045946,0.060584,0.068666,0.050222,0.049341,0.049219,0.048847,0.048623
mm_175730363fcf3f,0.016938,0.102203,0.101306,0.103442,0.102902,0.102408,0.102772,0.046045,0.045781,0.047066,0.046321,0.046010,0.046302,0.028923,0.028954,0.029254,0.029127,0.029043,0.028999,0.025828,0.026127,0.026433,0.026306,0.026024
mm_5e848ab969a071,0.016938,0.051305,0.050948,0.051787,0.051552,0.051125,0.051239,0.033667,0.033928,0.034495,0.034138,0.033852,0.033861,0.049100,0.049282,0.049474,0.049421,0.049343,0.049367,0.027862,0.028104,0.028396,0.028547,0.028103
mm_481fb8c08e7b99,0.016938,0.048641,0.048359,0.049543,0.048920,0.048739,0.049637,0.043472,0.043516,0.043979,0.043349,0.043292,0.043911,0.040620,0.040662,0.041103,0.041010,0.040866,0.042211,0.040414,0.040763,0.041006,0.040983,0.040738
mm_8818e009efa52f,0.016938,0.057104,0.057294,0.058168,0.057798,0.057246,0.044194,0.054405,0.054812,0.055514,0.055337,0.055194,0.041105,0.053527,0.053774,0.053983,0.053988,0.053937,0.038480,0.055865,0.055208,0.054729,0.053755,0.053392
mm_c8a52f3ae659ac,0.016938,0.048809,0.048527,0.049494,0.049095,0.048443,0.049112,0.070147,0.076712,0.077505,0.077006,0.076883,0.076884,0.086895,0.089964,0.090828,0.090740,0.090643,0.090651,0.042893,0.042470,0.042732,0.042304,0.042150
mm_f9fdb074be248a,0.016938,0.033815,0.033956,0.034770,0.034431,0.034016,0.034406,0.053455,0.053583,0.054338,0.054007,0.053911,0.040487,0.043101,0.044127,0.044320,0.044214,0.044292,0.038063,0.038731,0.038787,0.038699,0.038155,0.037702
mm_46f4f45c0b18e2,0.016938,0.116854,0.116016,0.117021,0.116693,0.116222,0.119769,0.039916,0.039834,0.041058,0.039904,0.039743,0.039848,0.039070,0.039185,0.038757,0.038762,0.038603,0.038631,0.046046,0.046141,0.046313,0.045664,0.045421
mm_29f6ff14166831,0.016938,0.033980,0.033921,0.034734,0.034312,0.034026,0.034207,0.034723,0.035007,0.036138,0.035333,0.035172,0.035295,0.040042,0.039779,0.039490,0.039424,0.039269,0.039397,0.037395,0.037024,0.037326,0.036715,0.036521
mm_6d62dd5cfa34af,0.016938,0.118115,0.119954,0.120836,0.120574,0.120043,0.120304,0.066165,0.066008,0.065580,0.065030,0.065236,0.065008,0.036234,0.036277,0.036445,0.036335,0.036244,0.036704,0.039860,0.040278,0.040487,0.040415,0.040071
mm_a50d0c3870bf2e,0.016938,0.033495,0.033458,0.034194,0.034045,0.033443,0.033887,0.030631,0.030775,0.031574,0.031061,0.030953,0.031257,0.028617,0.028690,0.028914,0.028935,0.028765,0.028889,0.029452,0.029611,0.030005,0.030054,0.029718
mm_8e6b8f3698b41e,0.016938,0.073812,0.073408,0.074141,0.073893,0.073224,0.074249,0.081659,0.085324,0.087120,0.086536,0.086382,0.086248,0.055994,0.055770,0.055756,0.055738,0.055643,0.055669,0.049549,0.049542,0.049689,0.049310,0.049122
mm_4ec7547db74f0a,0.016938,0.078841,0.078615,0.079477,0.078989,0.078457,0.078091,0.112325,0.111887,0.112085,0.111601,0.111619,0.110531,0.066875,0.066294,0.066319,0.066265,0.066201,0.066190,0.044288,0.044407,0.044535,0.043987,0.043779
mm_5e4e3160837a33,0.016938,0.080965,0.080158,0.081173,0.080885,0.080460,0.081139,0.040857,0.040858,0.041702,0.040671,0.040803,0.040857,0.044159,0.044193,0.044787,0.044635,0.044634,0.044662,0.050588,0.050210,0.050288,0.049575,0.049248
mm_b17959639b6747,0.016938,0.047231,0.049304,0.050016,0.049688,0.049434,0.049554,0.096023,0.096567,0.097351,0.096567,0.096899,0.097104,0.034524,0.034246,0.034334,0.034023,0.033944,0.034026,0.033666,0.033928,0.034197,0.034252,0.033879
mm_b283e530d40e04,0.016938,0.062660,0.062619,0.063635,0.063416,0.080935,0.081623,0.050543,0.050817,0.051627,0.051090,0.066151,0.066183,0.040759,0.040691,0.040671,0.040441,0.040308,0.040427,0.034837,0.034528,0.034841,0.034733,0.034542
mm_74f3657fb6d59d,0.016938,0.065774,0.066122,0.066898,0.066710,0.071091,0.071189,0.041090,0.041794,0.042385,0.042037,0.041666,0.041827,0.030385,0.030667,0.030935,0.030699,0.030816,0.030591,0.033173,0.033028,0.033262,0.033299,0.032847
mm_8fd6466086d1bf,0.016938,0.058521,0.058317,0.059543,0.059032,0.058556,0.044981,0.059226,0.059159,0.060488,0.059801,0.059575,0.043268,0.058869,0.058793,0.059216,0.059068,0.058985,0.041470,0.045980,0.046017,0.046403,0.045622,0.045187
mm_5d53ead241f725,0.016938,0.086176,0.085330,0.086501,0.085941,0.085794,0.085842,0.071334,0.070581,0.071519,0.071006,0.070729,0.070829,0.065414,0.065012,0.065039,0.064977,0.064966,0.064969,0.049801,0.050098,0.050293,0.050248,0.050007
mm_b35ca8565d9f1c,0.016938,0.048138,0.047727,0.048683,0.048285,0.047620,0.048282,0.066181,0.071201,0.072193,0.071562,0.071317,0.072540,0.041426,0.041300,0.041480,0.041220,0.041142,0.041191,0.031347,0.031192,0.031609,0.031456,0.031284
mm_e25298f2cf1f5c,0.016938,0.059135,0.059395,0.060206,0.059880,0.066974,0.071538,0.074015,0.074176,0.074809,0.074465,0.074137,0.050309,0.060903,0.060950,0.061311,0.061165,0.061073,0.041467,0.050755,0.050928,0.051404,0.051371,0.050877
mm_188b962d539d1f,0.016938,0.036502,0.036168,0.037436,0.036805,0.036523,0.036869,0.032217,0.032402,0.033166,0.032680,0.032581,0.032564,0.030034,0.030040,0.030245,0.030130,0.030172,0.030125,0.030432,0.030444,0.030688,0.030528,0.030181
mm_68b6cae38d2cc9,0.016938,0.066715,0.072036,0.073192,0.072882,0.072162,0.072609,0.072200,0.071826,0.072632,0.072037,0.071945,0.071844,0.068751,0.068798,0.068827,0.068694,0.068584,0.068736,0.050743,0.050172,0.050374,0.049636,0.049345
mm_74473265d38cd4,0.016938,0.062798,0.063329,0.064109,0.063763,0.063331,0.046845,0.072728,0.075355,0.076075,0.075681,0.075725,0.050622,0.035731,0.035400,0.035255,0.034743,0.034804,0.034728,0.030248,0.030446,0.030505,0.030490,0.030169
mm_61416c8e6f33f8,0.016938,0.077103,0.076241,0.077573,0.077140,0.076693,0.077287,0.076079,0.075856,0.076796,0.076364,0.076042,0.075827,0.060589,0.060617,0.060523,0.060560,0.060421,0.060531,0.048174,0.048498,0.048632,0.048694,0.048370
mm_40a9a227df2ac0,0.016938,0.048473,0.050199,0.051239,0.050917,0.050140,0.051265,0.075121,0.074501,0.075729,0.074979,0.074882,0.074951,0.035304,0.036122,0.036424,0.036373,0.036168,0.036258,0.026486,0.026673,0.026982,0.026902,0.026696
mm_298efca543f7db,0.016938,0.084256,0.088567,0.089144,0.088879,0.088550,0.091021,0.043224,0.043256,0.043990,0.043490,0.043431,0.043825,0.062947,0.065235,0.065471,0.065434,0.065332,0.065339,0.047123,0.047337,0.047615,0.047542,0.047349
mm_66ff59f9dc1f79,0.016938,0.041236,0.040907,0.042145,0.041518,0.041235,0.041581,0.069192,0.075947,0.076733,0.076341,0.075955,0.076180,0.064127,0.063655,0.062853,0.062718,0.062686,0.063969,0.060825,0.057212,0.057536,0.056553,0.056211
mm_3f644114eb8ef0,0.016938,0.034118,0.033857,0.034822,0.034705,0.034245,0.034571,0.033223,0.033644,0.034808,0.034081,0.034080,0.034104,0.040238,0.040348,0.040514,0.040499,0.040435,0.032296,0.031434,0.031510,0.031748,0.031628,0.031384
mm_8c7e0d3304cca4,0.016938,0.048167,0.048260,0.049086,0.048806,0.048438,0.048165,0.089177,0.088523,0.089023,0.088679,0.088297,0.090943,0.089953,0.089988,0.090930,0.090887,0.090751,0.090763,0.050171,0.050074,0.050243,0.049706,0.049268
mm_acada0f94d2bc4,0.016938,0.089829,0.088826,0.090101,0.089605,0.089046,0.089921,0.064410,0.069059,0.069911,0.069492,0.069271,0.069367,0.035393,0.036140,0.036331,0.036223,0.036088,0.036196,0.039178,0.039541,0.039848,0.039629,0.039591
mm_6e89508744e835,0.016938,0.040681,0.040775,0.041948,0.041429,0.040850,0.041180,0.078504,0.078345,0.079152,0.078622,0.078304,0.078565,0.063114,0.062689,0.062878,0.062617,0.062615,0.062813,0.052251,0.051892,0.051906,0.051147,0.050713
mm_1d7d2000f73e02,0.016938,0.033535,0.033302,0.034203,0.034074,0.033529,0.033726,0.030809,0.031034,0.031718,0.031228,0.031139,0.031308,0.026188,0.026225,0.026394,0.026441,0.026286,0.026382,0.025557,0.025705,0.026015,0.025944,0.025792
mm_55a49048ae70f4,0.016938,0.066163,0.066344,0.066995,0.066757,0.066234,0.066598,0.077118,0.076977,0.077512,0.077122,0.077131,0.076567,0.035845,0.035496,0.035602,0.035278,0.035171,0.035226,0.036191,0.036299,0.036336,0.036119,0.035724
mm_19b5853dc4109e,0.016938,0.032739,0.032563,0.033485,0.033252,0.032862,0.032971,0.029908,0.030222,0.030932,0.030410,0.030531,0.030572,0.025890,0.026013,0.026102,0.026166,0.026089,0.026155,0.025304,0.025416,0.025588,0.025651,0.025458
mm_5bf68a3622f2f2,0.016938,0.050574,0.052497,0.053377,0.052996,0.052877,0.046044,0.036135,0.036019,0.036947,0.036191,0.036109,0.036036,0.025859,0.025957,0.026194,0.026104,0.026119,0.026079,0.024939,0.025111,0.025470,0.025477,0.025165
mm_3dad76b1007047,0.016938,0.051191,0.051078,0.051953,0.051591,0.051220,0.051822,0.039560,0.039662,0.040515,0.040126,0.039853,0.039963,0.069976,0.069917,0.069911,0.069868,0.069826,0.069845,0.039905,0.040136,0.040417,0.040450,0.040167
mm_77dbdd6a307ebf,0.016938,0.063900,0.064527,0.065309,0.064986,0.064426,0.047553,0.087233,0.087264,0.088359,0.087744,0.120806,0.129968,0.036594,0.036785,0.036968,0.036979,0.036857,0.036924,0.034000,0.034184,0.034478,0.034434,0.034273
mm_0f319bc6ab3514,0.016938,0.033549,0.033629,0.034105,0.034152,0.033598,0.034125,0.030437,0.030836,0.031587,0.031168,0.031195,0.030896,0.026192,0.026365,0.026561,0.026474,0.026405,0.026471,0.025372,0.025537,0.025732,0.025893,0.025500
mm_b998a7f379112f,0.016938,0.050824,0.050593,0.051678,0.051207,0.050647,0.050943,0.039533,0.039825,0.040666,0.039844,0.039835,0.039811,0.110294,0.109591,0.109398,0.109361,0.109247,0.109304,0.041422,0.041572,0.041844,0.041344,0.041025
mm_d42a55cc43c034,0.016938,0.079079,0.078748,0.079503,0.079190,0.078557,0.079224,0.052358,0.052318,0.053262,0.052110,0.051919,0.051723,0.031162,0.031226,0.031351,0.031277,0.031102,0.031262,0.030378,0.030673,0.030843,0.030901,0.030607
mm_4bc248f9c2244a,0.016938,0.035148,0.035480,0.036253,0.035719,0.035342,0.035590,0.034017,0.034274,0.034897,0.034580,0.034293,0.034290,0.045908,0.045889,0.046081,0.045936,0.045889,0.034979,0.047797,0.047345,0.047398,0.046376,0.046059
mm_e0f5ecf39c1885,0.016938,0.033038,0.033068,0.033881,0.033557,0.033014,0.033671,0.030939,0.031112,0.032105,0.031825,0.031444,0.031485,0.026109,0.026185,0.026438,0.026339,0.026212,0.026354,0.025562,0.025768,0.026122,0.026197,0.025721
mm_c766305d9e1a01,0.016938,0.078226,0.077671,0.078522,0.078105,0.077829,0.078270,0.080011,0.079433,0.080252,0.079722,0.079483,0.079646,0.066849,0.066496,0.066563,0.066468,0.066399,0.067572,0.053361,0.053283,0.053703,0.053189,0.052835
mm_058300ed9d7831,0.016938,0.059880,0.060047,0.061007,0.060755,0.060166,0.046267,0.069251,0.069812,0.070423,0.070207,0.069849,0.048167,0.053503,0.056318,0.056393,0.056347,0.056302,0.039241,0.052785,0.052435,0.052131,0.051011,0.050872
mm_562781920fd313,0.016938,0.034928,0.034667,0.035624,0.035339,0.034798,0.035208,0.033832,0.034441,0.035337,0.034778,0.034633,0.034707,0.039024,0.039703,0.039815,0.039786,0.039968,0.039888,0.048063,0.048431,0.048433,0.048484,0.048270
mm_fdb32a14bb48d5,0.016938,0.038302,0.038598,0.039210,0.038880,0.038630,0.038726,0.032931,0.033244,0.034120,0.033418,0.033529,0.033445,0.035853,0.036595,0.036779,0.036758,0.036693,0.031048,0.039744,0.039930,0.040062,0.039428,0.039178
mm_b02160cfe19e44,0.016938,0.062176,0.062562,0.063374,0.063073,0.062476,0.046980,0.078848,0.087241,0.088111,0.087542,0.087508,0.087531,0.049580,0.049658,0.049860,0.049790,0.083608,0.100839,0.057857,0.056891,0.056277,0.055869,0.055681
mm_b2d1eb42e34275,0.016938,0.053264,0.054920,0.055886,0.055341,0.055875,0.056802,0.051022,0.052952,0.054035,0.053786,0.058026,0.060934,0.114854,0.117315,0.118334,0.118279,0.118208,0.118197,0.051585,0.050972,0.051181,0.050321,0.050143
mm_20d473dbc7c19a,0.016938,0.032918,0.032843,0.033672,0.033402,0.032881,0.033213,0.030292,0.030374,0.031215,0.030776,0.030600,0.030546,0.026337,0.026371,0.026540,0.026517,0.026332,0.026390,0.025442,0.025632,0.025632,0.025838,0.025469
mm_779fde89b77a58,0.016938,0.077037,0.079441,0.080371,0.079988,0.079363,0.079792,0.049571,0.049561,0.050167,0.049834,0.050444,0.050164,0.046436,0.046569,0.046648,0.046595,0.046565,0.034873,0.048192,0.048163,0.048185,0.047088,0.046839
mm_c4892e574c4014,0.016938,0.064655,0.064624,0.065499,0.065103,0.065040,0.047612,0.072813,0.072566,0.073734,0.073110,0.073007,0.049613,0.079189,0.079270,0.079561,0.079490,0.115289,0.153586,0.054848,0.053851,0.054215,0.053785,0.053453
mm_5b93ea84b1139c,0.016938,0.063465,0.063249,0.064489,0.063963,0.063496,0.047004,0.071555,0.071468,0.072715,0.072060,0.071933,0.049183,0.064595,0.066941,0.067171,0.067119,0.067004,0.068716,0.055202,0.054612,0.054754,0.054199,0.054005
mm_cf48a8ff60cb37,0.016938,0.033979,0.033804,0.034447,0.034304,0.033959,0.034196,0.030956,0.031421,0.032042,0.031524,0.031584,0.031428,0.026370,0.026385,0.026526,0.026537,0.026386,0.026464,0.025683,0.025808,0.026189,0.026159,0.025838
mm_870afa03147c87,0.016938,0.033558,0.033250,0.034512,0.033868,0.033595,0.033908,0.031096,0.031147,0.032122,0.031616,0.031273,0.031397,0.026227,0.026318,0.026484,0.026400,0.026368,0.026393,0.025656,0.025816,0.026009,0.026087,0.025746
mm_5018bbc16e26bc,0.016938,0.070846,0.075639,0.076548,0.076228,0.075683,0.076094,0.065003,0.064544,0.065598,0.065093,0.064719,0.064802,0.047599,0.047557,0.048179,0.048065,0.049582,0.050097,0.039964,0.040189,0.040490,0.040422,0.040015
mm_fc1fecf29a97be,0.016938,0.060785,0.062294,0.063128,0.062902,0.062347,0.046266,0.039318,0.039658,0.040310,0.039806,0.040084,0.039713,0.046344,0.046423,0.046661,0.046535,0.046581,0.034306,0.056227,0.055775,0.055297,0.054265,0.053952
mm_d552e9a25b473c,0.016938,0.053586,0.053167,0.054197,0.053863,0.053351,0.053482,0.117249,0.116624,0.117167,0.116643,0.116626,0.117118,0.052180,0.053932,0.054163,0.053970,0.053934,0.053992,0.042503,0.042333,0.042241,0.042028,0.041691
mm_a61a22df63bf08,0.016938,0.060953,0.060920,0.061724,0.061440,0.060975,0.045357,0.079394,0.082380,0.083374,0.082838,0.103840,0.106879,0.055338,0.055427,0.055427,0.055361,0.087812,0.121210,0.051177,0.050665,0.050883,0.050476,0.050184
mm_d3aaeb3c0b4950,0.016938,0.067126,0.071955,0.072634,0.072521,0.102712,0.118834,0.065008,0.070281,0.071128,0.070763,0.070853,0.071758,0.035170,0.034841,0.034966,0.034700,0.034735,0.034661,0.036284,0.036231,0.036104,0.035816,0.035461
mm_21ef0f92a311d4,0.016938,0.061412,0.060899,0.061952,0.061741,0.061221,0.045563,0.053843,0.052867,0.053138,0.052573,0.052503,0.046425,0.050247,0.050332,0.050581,0.050471,0.050387,0.036510,0.056042,0.054984,0.055209,0.054216,0.053934
mm_a7b704255e7dee,0.016938,0.063958,0.064527,0.065540,0.064898,0.064539,0.047552,0.088284,0.088605,0.089250,0.088899,0.124265,0.165693,0.062481,0.066927,0.067099,0.067008,0.101060,0.136077,0.056760,0.055855,0.056135,0.055654,0.055357
mm_8b36be23958078,0.016938,0.077656,0.076872,0.078272,0.077633,0.077105,0.078659,0.050911,0.050770,0.051552,0.050924,0.050734,0.050741,0.031724,0.031787,0.032024,0.031905,0.031820,0.031809,0.029562,0.029770,0.029873,0.029950,0.029741
mm_7e98c76b3eb68e,0.016938,0.032494,0.032713,0.033266,0.033151,0.032558,0.033316,0.030290,0.030509,0.031057,0.030681,0.030900,0.030642,0.025800,0.026067,0.026228,0.026112,0.026132,0.026106,0.025182,0.025414,0.025474,0.025663,0.025332
mm_e3ad636e643afd,0.016938,0.039596,0.039606,0.040215,0.040135,0.039985,0.040076,0.035136,0.035087,0.035832,0.035265,0.035433,0.035140,0.032541,0.032426,0.032627,0.032549,0.032458,0.032533,0.029949,0.030113,0.030447,0.030377,0.030006
mm_12e7f650518fc2,0.016938,0.032486,0.032318,0.033231,0.032951,0.032697,0.033041,0.029960,0.030286,0.031035,0.030676,0.030650,0.030836,0.025907,0.025954,0.026074,0.026108,0.026095,0.026118,0.025333,0.025416,0.025589,0.025693,0.025496
mm_ad03223c9a9a40,0.016938,0.038602,0.038591,0.039305,0.038943,0.038671,0.038675,0.075791,0.075461,0.076240,0.075453,0.075394,0.075392,0.065271,0.065055,0.065019,0.064952,0.064794,0.064928,0.048122,0.047576,0.047821,0.047276,0.047097
mm_5ad4385fbdf4d1,0.016938,0.076401,0.076664,0.077708,0.077442,0.096564,0.108354,0.071302,0.076657,0.077500,0.077206,0.089684,0.092384,0.065437,0.065416,0.065832,0.065619,0.081990,0.088119,0.051811,0.051494,0.051067,0.050417,0.049969
mm_a7f84dd215693a,0.016938,0.069140,0.074376,0.075091,0.074805,0.109535,0.124465,0.082478,0.085340,0.086329,0.085796,0.114505,0.141451,0.062317,0.062413,0.062607,0.062562,0.062545,0.042456,0.062232,0.058532,0.058318,0.057049,0.056805
mm_1c0ea11f4af10a,0.016938,0.076919,0.076745,0.077730,0.077484,0.076907,0.077147,0.056204,0.056349,0.057434,0.056979,0.058556,0.059272,0.066615,0.066577,0.066618,0.066511,0.066449,0.066531,0.050580,0.050775,0.051019,0.050619,0.050370
mm_036a2dee59ed29,0.016938,0.045840,0.047779,0.048751,0.048344,0.047895,0.049246,0.048885,0.049505,0.050503,0.049813,0.050325,0.050718,0.030462,0.030385,0.030539,0.030516,0.030417,0.030457,0.026032,0.026270,0.026588,0.026532,0.026369
mm_9b4702bf45afa7,0.016938,0.064729,0.064998,0.065568,0.065350,0.064712,0.048010,0.041241,0.041670,0.042276,0.041726,0.041552,0.041723,0.036228,0.036958,0.037221,0.037023,0.037006,0.033418,0.042682,0.043007,0.042836,0.041867,0.041799
mm_f0cc6359f43443,0.016938,0.056896,0.058738,0.059716,0.059117,0.065882,0.070536,0.081103,0.081090,0.081630,0.081205,0.080999,0.082520,0.115787,0.114971,0.116040,0.115872,0.115949,0.115850,0.049318,0.048838,0.048971,0.048541,0.048166
mm_7031f03ca70ea0,0.016938,0.074954,0.077178,0.078052,0.077694,0.077112,0.077490,0.069068,0.069031,0.069669,0.069145,0.068923,0.069019,0.052294,0.054118,0.054273,0.054243,0.054105,0.054168,0.035786,0.035968,0.036156,0.036190,0.035848
mm_c20f4fd3730e94,0.016938,0.038122,0.037876,0.039318,0.038639,0.038530,0.038657,0.040146,0.040150,0.041040,0.040427,0.040042,0.040426,0.034111,0.034544,0.034750,0.034680,0.034841,0.034683,0.032842,0.033049,0.033343,0.033196,0.032854
mm_80ec126c35bb0f,0.016938,0.062402,0.062170,0.063448,0.062902,0.062418,0.046485,0.082153,0.082067,0.083428,0.082710,0.088665,0.088342,0.036853,0.036748,0.037033,0.036675,0.036551,0.036387,0.036392,0.036569,0.036929,0.036879,0.036588
mm_bfcc6cb8c74e84,0.016938,0.063197,0.062779,0.063611,0.063195,0.062907,0.063087,0.097731,0.097337,0.098813,0.098321,0.098104,0.098206,0.051728,0.053156,0.052455,0.052363,0.052347,0.052447,0.051023,0.050530,0.050527,0.049813,0.049539
mm_2049b6e71efbc6,0.016938,0.064432,0.064283,0.065466,0.064987,0.064507,0.047462,0.073223,0.073052,0.074389,0.073682,0.073495,0.049734,0.060540,0.065589,0.065917,0.065873,0.065730,0.044329,0.053362,0.053528,0.053797,0.053157,0.052855
mm_f6e214a2057ff5,0.016938,0.032333,0.032515,0.033256,0.032961,0.032928,0.033018,0.029767,0.029749,0.030690,0.030460,0.030214,0.030357,0.026911,0.027086,0.027312,0.027224,0.027251,0.027294,0.025133,0.025338,0.025500,0.025719,0.025263
mm_65f621e76757a0,0.016938,0.062996,0.063199,0.064199,0.063539,0.063143,0.046836,0.076945,0.076773,0.077551,0.077136,0.076826,0.081785,0.061858,0.061923,0.061872,0.061798,0.061770,0.042037,0.054600,0.054680,0.054853,0.053955,0.053619
mm_c07aa6d5611205,0.016938,0.040729,0.040933,0.041705,0.041350,0.040757,0.041246,0.077744,0.077242,0.078092,0.077436,0.077500,0.078557,0.064073,0.064097,0.064147,0.064019,0.085003,0.097342,0.055009,0.054604,0.054624,0.054177,0.053838
mm_bd7690a2aeb8cf,0.016938,0.039833,0.039690,0.040834,0.040453,0.040089,0.040366,0.069954,0.070394,0.071500,0.070883,0.070701,0.070840,0.046121,0.046211,0.046403,0.046404,0.069965,0.079675,0.056175,0.055135,0.055344,0.054996,0.054695
mm_3f7072bbab2037,0.016938,0.032896,0.033085,0.033674,0.033499,0.033293,0.033486,0.030546,0.030415,0.030996,0.030903,0.030919,0.030630,0.026046,0.026096,0.026239,0.026262,0.026271,0.026228,0.025510,0.025617,0.025857,0.026005,0.025781
mm_0b12ad028ae313,0.016938,0.071708,0.076672,0.077755,0.077588,0.076881,0.077257,0.120325,0.119703,0.120480,0.119707,0.119689,0.119681,0.037697,0.037832,0.038023,0.037823,0.037737,0.037980,0.034566,0.034732,0.034839,0.034661,0.034356
mm_e484bfab38b003,0.016938,0.047191,0.049793,0.050807,0.050745,0.049847,0.050222,0.036800,0.036768,0.037588,0.037253,0.037148,0.037109,0.026532,0.026594,0.026862,0.026791,0.026770,0.026628,0.025323,0.025553,0.025523,0.025695,0.025307
mm_1336118ed9dd0b,0.016938,0.063712,0.063691,0.064624,0.064279,0.063753,0.047387,0.037627,0.037905,0.038971,0.038291,0.038132,0.038449,0.054014,0.059206,0.059302,0.059292,0.093021,0.109590,0.051078,0.051324,0.051486,0.051493,0.051338
mm_18b0a35336a155,0.016938,0.074253,0.074159,0.075030,0.074614,0.112684,0.129877,0.075951,0.075987,0.076941,0.076444,0.076398,0.051067,0.034478,0.034700,0.034822,0.034770,0.034801,0.034710,0.031479,0.031461,0.031422,0.031336,0.031041
mm_e8ba470257c41c,0.016938,0.066967,0.071021,0.071921,0.071850,0.111636,0.146142,0.071652,0.074019,0.074638,0.074243,0.074143,0.073992,0.044377,0.045425,0.045478,0.045450,0.045397,0.033743,0.057546,0.056910,0.056545,0.055403,0.055198
mm_eca868e6196f06,0.016938,0.031828,0.032149,0.032767,0.032726,0.032384,0.032699,0.030112,0.030057,0.030579,0.030623,0.030836,0.030413,0.025924,0.026049,0.026133,0.026185,0.026279,0.026138,0.025077,0.025361,0.025349,0.025628,0.025415
mm_b27da644f26ca8,0.016938,0.039254,0.039030,0.039951,0.039565,0.038907,0.039395,0.053089,0.057169,0.057990,0.057354,0.057366,0.042418,0.035648,0.035626,0.035742,0.035692,0.035616,0.035682,0.025912,0.026000,0.026197,0.026183,0.025980
mm_55101050546faf,0.016938,0.079833,0.079279,0.080051,0.079739,0.079482,0.079584,0.074894,0.074580,0.075395,0.074887,0.074643,0.074702,0.029955,0.030034,0.030295,0.030050,0.029983,0.030023,0.025826,0.026136,0.026231,0.026336,0.025935
mm_5d316b2a631cb2,0.016938,0.032000,0.032032,0.032634,0.032586,0.032279,0.032662,0.031341,0.031590,0.032064,0.031807,0.031987,0.031745,0.026186,0.026302,0.026383,0.026433,0.026473,0.026346,0.025197,0.025323,0.025389,0.025672,0.025398
mm_1c6c7da27a4634,0.016938,0.032944,0.033021,0.033981,0.033914,0.033142,0.033545,0.030705,0.030820,0.031666,0.031391,0.031259,0.031139,0.026304,0.026415,0.026596,0.026558,0.026504,0.026547,0.025407,0.025618,0.025883,0.026077,0.025675
mm_c936d1f49be614,0.016938,0.065764,0.066120,0.067143,0.066654,0.066184,0.048481,0.070789,0.071625,0.072351,0.071990,0.071767,0.049566,0.037255,0.037375,0.037546,0.037493,0.037380,0.037505,0.025609,0.025926,0.026360,0.026241,0.026027
mm_394dec3130ccb8,0.016938,0.043416,0.044522,0.045233,0.044959,0.044257,0.044838,0.036147,0.036945,0.037869,0.037144,0.037173,0.037175,0.026688,0.026846,0.027024,0.026917,0.026969,0.026856,0.025316,0.025476,0.025818,0.025745,0.025479
mm_d0c2af9ec8b601,0.016938,0.126071,0.125034,0.126292,0.125748,0.125254,0.125582,0.041774,0.041296,0.042560,0.041622,0.041293,0.041496,0.031000,0.031081,0.031304,0.031171,0.031171,0.031072,0.030683,0.030656,0.030906,0.030658,0.030369
mm_e0f6e18d0b96af,0.016938,0.039529,0.039636,0.040416,0.040108,0.039485,0.039905,0.062836,0.068456,0.069518,0.068645,0.068651,0.068698,0.062058,0.061619,0.061757,0.061661,0.061534,0.061562,0.044108,0.044162,0.044520,0.044129,0.043739
mm_892d5087a255bd,0.016938,0.038731,0.038431,0.039679,0.039004,0.038702,0.039057,0.062458,0.067295,0.068119,0.067571,0.067360,0.067587,0.075696,0.080020,0.080912,0.080890,0.080799,0.080878,0.051670,0.051006,0.051247,0.050377,0.050233
mm_a3eda3b59242e6,0.016938,0.033360,0.033272,0.034375,0.034178,0.033553,0.033726,0.030238,0.030453,0.031436,0.030888,0.030732,0.030822,0.026225,0.026167,0.026402,0.026411,0.026299,0.026281,0.025350,0.025503,0.025608,0.025779,0.025430
mm_fc7e2c3669ec4b,0.016938,0.035379,0.035468,0.036056,0.036004,0.035925,0.036023,0.033717,0.033636,0.034582,0.034115,0.034104,0.033986,0.027634,0.027780,0.028035,0.027967,0.027898,0.027994,0.025168,0.025303,0.025569,0.025729,0.025353
mm_ab8a27ca0764e6,0.016938,0.032737,0.032663,0.033268,0.033317,0.032713,0.033308,0.033025,0.033243,0.033916,0.033521,0.033842,0.033467,0.031002,0.031057,0.031222,0.031009,0.031011,0.031023,0.033823,0.034128,0.034263,0.034445,0.034109
mm_e95ca5d2266fec,0.016938,0.072484,0.072340,0.073218,0.072907,0.072346,0.072697,0.033975,0.033802,0.034696,0.034239,0.034059,0.033940,0.063200,0.063140,0.063323,0.063298,0.063201,0.063265,0.035269,0.035401,0.035637,0.035484,0.035249
mm_deba244b0c1c6e,0.016938,0.038657,0.038196,0.039235,0.038915,0.038378,0.038812,0.035507,0.035878,0.036914,0.036127,0.036079,0.036183,0.031268,0.031194,0.031388,0.031118,0.030998,0.031150,0.034877,0.035088,0.035289,0.035009,0.034760
mm_4ec9d9077f42d5,0.016938,0.033577,0.033446,0.034401,0.034172,0.033783,0.033966,0.030763,0.031045,0.031881,0.031275,0.031352,0.031359,0.028521,0.028497,0.028667,0.028681,0.028623,0.028610,0.029586,0.030007,0.030108,0.030172,0.029941
mm_9a75844ab33cc8,0.016938,0.047896,0.047557,0.048421,0.048110,0.047752,0.047996,0.057397,0.061169,0.062007,0.061365,0.061261,0.061235,0.039469,0.039078,0.039047,0.038683,0.038558,0.038541,0.026043,0.025970,0.026425,0.026257,0.026109
mm_c55edb44ba621c,0.016938,0.065524,0.069872,0.070758,0.070494,0.070061,0.070539,0.048259,0.047898,0.048795,0.047945,0.047850,0.047863,0.029720,0.029763,0.030070,0.029898,0.029814,0.029913,0.030193,0.030475,0.030673,0.030695,0.030333
mm_a683e42a8cf7d7,0.016938,0.138881,0.137691,0.140331,0.139701,0.139156,0.139614,0.062312,0.062428,0.063050,0.062573,0.062590,0.062621,0.032665,0.032380,0.032614,0.032299,0.032213,0.032256,0.025765,0.026116,0.026364,0.026339,0.026080
mm_6899c86bf5a71f,0.016938,0.068481,0.073284,0.074302,0.074210,0.073522,0.073867,0.040655,0.040911,0.041851,0.041281,0.041190,0.041189,0.026529,0.026446,0.026699,0.026676,0.026521,0.026542,0.025489,0.025681,0.025897,0.025895,0.025720
mm_0100633f07db99,0.016938,0.050310,0.050798,0.051658,0.051386,0.050870,0.051227,0.034415,0.034695,0.035301,0.035108,0.034730,0.035035,0.026565,0.026620,0.026727,0.026815,0.026784,0.026747,0.025337,0.025432,0.025692,0.025803,0.025620
mm_24fbcd0d9ad163,0.016938,0.035449,0.035372,0.036067,0.035983,0.035469,0.036158,0.031458,0.031537,0.032477,0.032076,0.032083,0.032098,0.025934,0.025991,0.026178,0.026134,0.026114,0.026162,0.025367,0.025517,0.025602,0.025770,0.025515
mm_b933bd37e7d40b,0.016938,0.048184,0.050066,0.050578,0.050324,0.049944,0.049972,0.042566,0.042269,0.043080,0.042661,0.042374,0.042322,0.051421,0.051450,0.051490,0.053045,0.054620,0.054735,0.032982,0.033236,0.033468,0.033466,0.033308
mm_a92a1253c9773d,0.016938,0.034864,0.035159,0.035816,0.035643,0.035188,0.035369,0.076715,0.077093,0.077971,0.077689,0.077480,0.077293,0.041427,0.043881,0.044034,0.044054,0.043978,0.034052,0.034085,0.034204,0.034535,0.034405,0.034079
mm_fd1221c940abeb,0.016938,0.032816,0.032704,0.033359,0.033473,0.033173,0.033483,0.029326,0.029762,0.030688,0.030161,0.030383,0.030231,0.025665,0.025842,0.026050,0.025975,0.025880,0.026088,0.025084,0.025320,0.025395,0.025537,0.025363
mm_1d6aeb1c7b6f15,0.016938,0.048202,0.048327,0.048989,0.048888,0.048390,0.044109,0.055617,0.055491,0.056731,0.056073,0.055984,0.042082,0.044463,0.046485,0.046721,0.046655,0.046566,0.034589,0.057477,0.056864,0.056605,0.055380,0.055164
mm_de50131b7c9fcf,0.016938,0.031989,0.032028,0.032987,0.033039,0.032535,0.032845,0.032033,0.032302,0.033195,0.032831,0.032859,0.032823,0.028342,0.028340,0.028619,0.028637,0.028531,0.028490,0.031070,0.031339,0.031419,0.031343,0.030966
mm_f117f8a9f89f83,0.016938,0.047905,0.048051,0.048704,0.048408,0.048385,0.048497,0.049768,0.049802,0.050510,0.049930,0.050089,0.038989,0.058950,0.058615,0.058902,0.058827,0.058740,0.059799,0.042992,0.043280,0.043643,0.043776,0.043365
mm_708695a68c11ab,0.016938,0.031867,0.032113,0.032757,0.032502,0.032380,0.032548,0.029646,0.029917,0.030851,0.030338,0.030294,0.030405,0.025906,0.026082,0.026289,0.026240,0.026155,0.026242,0.025076,0.025336,0.025508,0.025502,0.025265
mm_ec470064a2482e,0.016938,0.034342,0.034554,0.035305,0.035415,0.034726,0.034995,0.044621,0.044647,0.045138,0.044707,0.044544,0.044452,0.035043,0.035550,0.035778,0.035795,0.035696,0.035924,0.027841,0.027990,0.028188,0.028089,0.027991
mm_6309011a37abb6,0.016938,0.082369,0.081390,0.082606,0.082072,0.081762,0.083900,0.041812,0.042465,0.043180,0.042728,0.042605,0.042477,0.032338,0.032483,0.032543,0.032578,0.032491,0.032389,0.025740,0.025619,0.026087,0.026064,0.025828
mm_f0c1bff7506a34,0.016938,0.057114,0.056785,0.057653,0.057441,0.057146,0.044314,0.039277,0.039643,0.040290,0.039968,0.039987,0.039871,0.027915,0.027961,0.028074,0.028156,0.028120,0.027983,0.025522,0.025638,0.025915,0.026039,0.025805
mm_b7683969d1011a,0.016938,0.087325,0.086359,0.087714,0.087138,0.086649,0.087078,0.041362,0.041040,0.042104,0.041384,0.040915,0.041058,0.066725,0.071218,0.071333,0.071261,0.071204,0.071227,0.047655,0.047827,0.047997,0.048012,0.047690
mm_06b9a7ae052c4c,0.016938,0.048521,0.048888,0.049648,0.049174,0.048883,0.049970,0.043948,0.043950,0.044866,0.044376,0.044080,0.044979,0.041417,0.041566,0.041183,0.041077,0.041751,0.041820,0.042842,0.042548,0.042621,0.042188,0.041831
mm_c8ae66e7bc2a28,0.016938,0.079767,0.079343,0.080207,0.079818,0.079158,0.079671,0.109534,0.109833,0.110180,0.109528,0.109615,0.109437,0.103783,0.103081,0.101258,0.101208,0.101073,0.104167,0.049156,0.049228,0.049559,0.048903,0.048522
mm_f54827ce1c0311,0.016938,0.033517,0.033499,0.034144,0.034075,0.033442,0.034034,0.031131,0.031211,0.032108,0.031519,0.031352,0.031680,0.028637,0.028749,0.028928,0.028854,0.028814,0.028763,0.030501,0.030481,0.030764,0.030617,0.030322
mm_7b485d63fb8268,0.016938,0.063826,0.064384,0.065931,0.065209,0.073165,0.077162,0.069879,0.069890,0.070286,0.069958,0.069540,0.070302,0.036455,0.036611,0.036715,0.036584,0.036590,0.036505,0.025750,0.025969,0.026361,0.026116,0.025986
mm_783cf2ffd79326,0.016938,0.045131,0.046243,0.046863,0.046748,0.046144,0.047214,0.040730,0.042728,0.043503,0.043230,0.043081,0.043005,0.034459,0.034806,0.035034,0.035016,0.034943,0.034884,0.033507,0.033698,0.033965,0.033899,0.033727
mm_1f5602686c137a,0.016938,0.056117,0.056080,0.057347,0.056986,0.056356,0.056846,0.071100,0.070438,0.071592,0.070895,0.070729,0.070825,0.066959,0.066448,0.066556,0.066462,0.066373,0.066416,0.050714,0.050733,0.050857,0.050369,0.050151
mm_2d6546088b708b,0.016938,0.060806,0.060721,0.061544,0.061259,0.060805,0.045280,0.078390,0.081830,0.082793,0.082246,0.081975,0.084146,0.069822,0.069823,0.069730,0.069677,0.105298,0.141634,0.055676,0.054867,0.054942,0.055074,0.054827
mm_41e4297e244db5,0.016938,0.033348,0.033324,0.034061,0.033662,0.033447,0.033456,0.030470,0.030629,0.031634,0.030835,0.030818,0.030815,0.026053,0.026257,0.026501,0.026323,0.026238,0.026339,0.025524,0.025775,0.025887,0.025838,0.025548
mm_1359cf8b428244,0.016938,0.039332,0.039247,0.039986,0.039822,0.039499,0.039751,0.035727,0.035849,0.036532,0.036420,0.036191,0.036289,0.064037,0.063669,0.063709,0.063632,0.063669,0.063620,0.045313,0.045109,0.045136,0.044764,0.044502
mm_78788580433a9b,0.016938,0.053587,0.056923,0.057664,0.057400,0.056921,0.044260,0.033893,0.034219,0.035052,0.034504,0.034368,0.034535,0.026165,0.026290,0.026490,0.026395,0.026334,0.026392,0.025280,0.025638,0.025893,0.025856,0.025635
mm_f743b92e02ecbb,0.016938,0.059706,0.059665,0.060493,0.060214,0.066958,0.082266,0.050247,0.051942,0.052752,0.052196,0.051911,0.052068,0.032259,0.032147,0.032439,0.032032,0.032162,0.032003,0.032873,0.032712,0.032992,0.032954,0.032555
mm_275eecb2d3d4a9,0.016938,0.084926,0.083949,0.085411,0.084748,0.084310,0.084555,0.064407,0.064599,0.065403,0.064799,0.064446,0.064834,0.079036,0.078476,0.078565,0.078437,0.078296,0.078450,0.046410,0.046514,0.047037,0.046962,0.046477
mm_a5962100e50eb3,0.016938,0.074140,0.074241,0.075117,0.074765,0.123745,0.175210,0.079222,0.078662,0.079843,0.078927,0.078703,0.079102,0.038250,0.038330,0.038424,0.038360,0.038523,0.038432,0.051012,0.050605,0.050641,0.049928,0.049659
mm_8bb4bf8e37c1d2,0.016938,0.036820,0.036712,0.037527,0.037468,0.037228,0.037542,0.031573,0.031945,0.032683,0.032180,0.032465,0.032478,0.040419,0.040534,0.041021,0.040976,0.042207,0.042451,0.044424,0.044938,0.045100,0.045143,0.044808
mm_dde2e6545fc5fd,0.016938,0.060172,0.059902,0.061091,0.060489,0.060348,0.045054,0.042635,0.042177,0.042860,0.041725,0.041589,0.041707,0.042694,0.045393,0.045546,0.045529,0.045403,0.034543,0.047952,0.047885,0.047778,0.046790,0.046629
mm_4a1438f28b7f32,0.016938,0.042042,0.042271,0.043175,0.042737,0.042318,0.039016,0.035547,0.035755,0.036470,0.035921,0.035780,0.036085,0.028224,0.028249,0.028532,0.028500,0.028424,0.028368,0.025107,0.025321,0.025656,0.025650,0.025397
mm_6974e5b69dd652,0.016938,0.041318,0.041411,0.042000,0.041863,0.041400,0.041770,0.035664,0.035904,0.036641,0.036162,0.036073,0.035871,0.070004,0.072415,0.072613,0.072521,0.072453,0.072453,0.032069,0.032139,0.032382,0.032082,0.031778
mm_37446ad9f1d3c5,0.016938,0.041391,0.041319,0.042109,0.041714,0.041519,0.039605,0.035089,0.035249,0.036098,0.035349,0.035151,0.035457,0.026030,0.026251,0.026406,0.026287,0.026282,0.026252,0.025291,0.025519,0.025899,0.025680,0.025546
mm_fe0af30b29add8,0.016938,0.039638,0.039863,0.040570,0.040322,0.039774,0.040297,0.034146,0.034434,0.035230,0.034658,0.034588,0.034618,0.039461,0.039601,0.039751,0.039742,0.039621,0.035317,0.045310,0.045641,0.045804,0.045906,0.045626
mm_0a856ae86cca28,0.016938,0.061392,0.061183,0.062310,0.061754,0.061638,0.045691,0.057813,0.060221,0.061006,0.060679,0.060463,0.044212,0.031624,0.031624,0.031842,0.031500,0.031479,0.031454,0.025528,0.025640,0.025722,0.025920,0.025490
mm_b0c657d787b8a7,0.016938,0.087265,0.090025,0.090832,0.090414,0.090002,0.092569,0.084761,0.092866,0.093616,0.093001,0.092877,0.092971,0.040965,0.041082,0.041124,0.041075,0.041640,0.042230,0.050905,0.050261,0.050007,0.049470,0.049275
mm_02456031b04326,0.016938,0.049603,0.050188,0.051212,0.050592,0.050000,0.050761,0.034600,0.034698,0.035419,0.034839,0.034615,0.034794,0.026789,0.026842,0.027077,0.026952,0.026879,0.026931,0.025760,0.025918,0.026202,0.026183,0.025929
mm_866270e503ca26,0.016938,0.036258,0.036110,0.036915,0.036835,0.036296,0.036647,0.032392,0.032554,0.033235,0.033121,0.032729,0.032955,0.026431,0.026481,0.026779,0.026773,0.026667,0.026620,0.025327,0.025538,0.025815,0.025771,0.025572
mm_ddd911a063cb06,0.016938,0.032628,0.033101,0.033691,0.033402,0.032887,0.033365,0.030048,0.030350,0.031091,0.030638,0.030840,0.030783,0.026093,0.026286,0.026499,0.026382,0.026465,0.026398,0.024986,0.025344,0.025531,0.025495,0.025165
mm_c2403826ce2d5f,0.016938,0.033291,0.033403,0.034373,0.034035,0.033567,0.033967,0.030859,0.031018,0.031556,0.031263,0.031254,0.031168,0.026268,0.026386,0.026494,0.026464,0.026448,0.026502,0.025398,0.025528,0.025781,0.026000,0.025630
mm_c86ba546a5c30c,0.016938,0.031757,0.031748,0.032426,0.032534,0.032357,0.032698,0.031790,0.031825,0.032619,0.032562,0.032633,0.032686,0.025819,0.025774,0.026047,0.026048,0.026119,0.026095,0.024863,0.025103,0.025505,0.025544,0.025318
mm_7b0b8711562fd8,0.016938,0.041828,0.041357,0.042377,0.042154,0.041549,0.041775,0.087753,0.087189,0.087782,0.087330,0.087084,0.087167,0.059340,0.059333,0.059470,0.059291,0.059202,0.059307,0.041565,0.041838,0.042060,0.041825,0.041475
mm_3d095e6fe502db,0.016938,0.101101,0.100356,0.102035,0.101651,0.101381,0.101540,0.039135,0.038733,0.039648,0.038866,0.038641,0.038787,0.030730,0.030826,0.031012,0.030939,0.030871,0.030941,0.026397,0.026455,0.026837,0.026688,0.026363
mm_b4139edaceea9a,0.016938,0.039300,0.039401,0.040249,0.040051,0.039620,0.040048,0.062012,0.062221,0.062937,0.062683,0.062717,0.062442,0.046851,0.046626,0.046533,0.046532,0.046529,0.046479,0.038219,0.038146,0.038252,0.038046,0.037717
mm_189fefa4f9389d,0.016938,0.033007,0.033121,0.033880,0.033588,0.032996,0.033632,0.030762,0.030820,0.031742,0.031187,0.030938,0.030924,0.026150,0.026241,0.026284,0.026339,0.026246,0.026274,0.025488,0.025689,0.025907,0.025948,0.025727
mm_e7e368dc7bcb46,0.016938,0.081979,0.081724,0.082590,0.082011,0.081510,0.082328,0.070076,0.069872,0.070437,0.069855,0.069647,0.069995,0.105103,0.105165,0.105037,0.104898,0.104837,0.104836,0.047395,0.047586,0.047786,0.047743,0.047391
mm_37ac1d09b0b0f2,0.016938,0.033087,0.033179,0.033966,0.033990,0.033347,0.033551,0.031184,0.031105,0.031906,0.031535,0.031499,0.031209,0.028729,0.028823,0.028868,0.028883,0.028888,0.028781,0.029902,0.030108,0.030125,0.030315,0.030088
mm_902e9479caff37,0.016938,0.072683,0.072254,0.073692,0.073053,0.072602,0.072849,0.035882,0.036117,0.037055,0.036240,0.036180,0.036111,0.063568,0.063202,0.063203,0.063122,0.063092,0.064110,0.049162,0.048832,0.048948,0.048546,0.048197
mm_eb4bf69a88cd87,0.016938,0.061557,0.061398,0.062612,0.062129,0.061657,0.045942,0.071020,0.070957,0.072217,0.071470,0.071542,0.048858,0.034119,0.032952,0.033191,0.032805,0.032709,0.032710,0.025506,0.025791,0.026020,0.026091,0.025765
mm_4949b0f52cf925,0.016938,0.033389,0.033559,0.034155,0.033907,0.033767,0.033694,0.030596,0.030845,0.031889,0.031159,0.031078,0.031097,0.026238,0.026408,0.026577,0.026541,0.026364,0.026578,0.025594,0.025734,0.026033,0.025997,0.025685
mm_9e54638e8e311a,0.016938,0.036603,0.036462,0.037257,0.036994,0.036699,0.036920,0.032214,0.032640,0.033419,0.032949,0.032719,0.032702,0.026137,0.026234,0.026304,0.026349,0.026259,0.026214,0.025568,0.025649,0.025807,0.025779,0.025588
mm_eef8a62c48fe87,0.016938,0.091045,0.090716,0.091347,0.090954,0.090594,0.089852,0.044795,0.044723,0.045628,0.044992,0.044842,0.044914,0.064235,0.064342,0.064330,0.064266,0.064156,0.064285,0.048262,0.048602,0.048754,0.048762,0.048382
mm_92c1a3f77f6776,0.016938,0.033415,0.033531,0.034521,0.034284,0.033499,0.034247,0.030405,0.030791,0.031613,0.031142,0.031117,0.030862,0.039419,0.039469,0.039710,0.039619,0.039572,0.034557,0.048113,0.048427,0.048702,0.048167,0.047835
mm_0a7cf9105e4495,0.016938,0.041081,0.040887,0.041897,0.041620,0.040995,0.041300,0.073654,0.073541,0.074131,0.073796,0.073390,0.073466,0.064399,0.064371,0.064306,0.064316,0.064137,0.065167,0.050932,0.050332,0.050460,0.050048,0.049695
mm_e30e644217a99b,0.016938,0.033637,0.033573,0.034581,0.034316,0.033608,0.034246,0.035004,0.035185,0.036346,0.035800,0.035384,0.035586,0.033332,0.033392,0.033588,0.033502,0.033489,0.033524,0.036028,0.036283,0.036414,0.036519,0.036244
mm_237701777ab901,0.016938,0.074896,0.075495,0.076074,0.075998,0.075509,0.078027,0.051048,0.053670,0.054401,0.053879,0.053693,0.040549,0.068653,0.068702,0.069074,0.068810,0.081020,0.066005,0.059905,0.056392,0.055994,0.055532,0.055141
mm_efc4acbbc24f05,0.016938,0.107327,0.112845,0.113676,0.113417,0.112812,0.113256,0.038097,0.038112,0.038936,0.038135,0.038188,0.038307,0.026445,0.026562,0.026657,0.026693,0.026549,0.026711,0.025748,0.026000,0.026180,0.026116,0.025876
mm_1d2b20c411ea50,0.016938,0.046553,0.046380,0.047376,0.047028,0.046439,0.048103,0.045458,0.045921,0.046957,0.046435,0.046029,0.046154,0.030087,0.030010,0.030119,0.030062,0.029938,0.030004,0.025939,0.026077,0.026353,0.026399,0.026131
mm_a3e75698b3af10,0.016938,0.032585,0.032757,0.033701,0.033204,0.033035,0.033336,0.030000,0.030433,0.031118,0.030633,0.030496,0.030905,0.025963,0.026000,0.026184,0.026109,0.026091,0.026020,0.025080,0.025385,0.025539,0.025529,0.025299
mm_c99fa8965dad99,0.016938,0.082489,0.082951,0.083822,0.083585,0.082945,0.087501,0.070326,0.070241,0.070978,0.070498,0.075089,0.074955,0.030981,0.031117,0.031403,0.031200,0.031105,0.031124,0.025643,0.026059,0.026319,0.026118,0.025932
mm_43580a09f7ba1e,0.016938,0.061174,0.060854,0.061724,0.061601,0.082048,0.091131,0.053548,0.056582,0.057190,0.056883,0.057042,0.042127,0.036228,0.034771,0.034640,0.034251,0.034313,0.034132,0.029591,0.029840,0.029892,0.029757,0.029452
mm_1ef198c347741e,0.016938,0.069388,0.069441,0.070260,0.069883,0.079406,0.079004,0.050224,0.052600,0.053423,0.052891,0.052617,0.040249,0.070497,0.070613,0.070709,0.070726,0.091811,0.095780,0.054326,0.053790,0.053971,0.053462,0.053272
mm_edb748a32c058b,0.016938,0.139758,0.140665,0.142835,0.142582,0.141897,0.142188,0.091539,0.090858,0.091584,0.091031,0.090715,0.090840,0.035748,0.035251,0.035546,0.035202,0.035064,0.035112,0.033534,0.033696,0.034059,0.033992,0.033662
mm_7ba5d26c290649,0.016938,0.083929,0.082840,0.084207,0.083686,0.083250,0.083570,0.074928,0.074460,0.075427,0.074785,0.074587,0.074881,0.065732,0.065847,0.065866,0.065687,0.065691,0.065742,0.043359,0.043107,0.043142,0.042870,0.042496
mm_aeb7bcefdcb23c,0.016938,0.035068,0.034697,0.035568,0.035356,0.034860,0.035086,0.030750,0.030883,0.031687,0.031198,0.031167,0.031346,0.026133,0.026230,0.026575,0.026413,0.026325,0.026392,0.025386,0.025620,0.025855,0.025827,0.025494
mm_26a29a2ddf9b0b,0.016938,0.088262,0.087379,0.088681,0.088019,0.087789,0.092716,0.072839,0.077977,0.078910,0.078520,0.078242,0.079626,0.058202,0.058223,0.058276,0.058176,0.058244,0.041106,0.047695,0.047769,0.048005,0.048018,0.047718
mm_4c8e71f67d3fc7,0.016938,0.080195,0.080695,0.081434,0.081294,0.080791,0.081238,0.039670,0.039756,0.040703,0.040076,0.039909,0.039760,0.029546,0.029532,0.029711,0.029712,0.029554,0.029577,0.032934,0.033003,0.033111,0.033033,0.032556
mm_137300698ed145,0.016938,0.072456,0.071766,0.072980,0.072319,0.072119,0.072207,0.067712,0.067025,0.068006,0.067410,0.067094,0.067222,0.123618,0.122812,0.123904,0.123822,0.123798,0.123807,0.046444,0.046755,0.046948,0.046890,0.046634
mm_92aef78766a510,0.016938,0.052213,0.052180,0.052803,0.052502,0.051872,0.052943,0.090231,0.098424,0.099855,0.099316,0.099456,0.099164,0.076999,0.076427,0.076376,0.076309,0.076286,0.076224,0.040835,0.041063,0.041205,0.041308,0.040949
mm_1fd82f7ebd3b97,0.016938,0.125675,0.124797,0.126806,0.126372,0.126109,0.126726,0.075962,0.075576,0.076319,0.075769,0.075433,0.076034,0.092686,0.098264,0.098530,0.098421,0.098354,0.098323,0.048399,0.048602,0.048899,0.048715,0.048456
mm_8782e31bf7cc57,0.016938,0.054974,0.054968,0.055817,0.055610,0.055096,0.043057,0.045741,0.045415,0.046187,0.044942,0.044840,0.044932,0.031268,0.031275,0.031529,0.031468,0.031545,0.031403,0.031163,0.031253,0.031097,0.031120,0.030688
mm_c80c4a93670f24,0.016938,0.033884,0.034220,0.034804,0.034679,0.034199,0.034739,0.030345,0.030743,0.031544,0.030864,0.031067,0.030933,0.027147,0.027272,0.027468,0.027380,0.027431,0.027382,0.025260,0.025331,0.025571,0.025738,0.025553
mm_3ec8172ac87d2d,0.016938,0.043434,0.043386,0.044271,0.043939,0.043521,0.043919,0.060600,0.060588,0.061782,0.061063,0.088707,0.106672,0.065534,0.065449,0.065560,0.065462,0.065296,0.065323,0.051628,0.051675,0.051694,0.051558,0.051198
mm_63710ba326b749,0.016938,0.033765,0.033680,0.034786,0.034311,0.033875,0.034003,0.030333,0.030536,0.031167,0.030862,0.030481,0.030822,0.050960,0.051294,0.051508,0.051423,0.051419,0.036679,0.056276,0.055344,0.055307,0.055584,0.055154
mm_08a23f7158da7b,0.016938,0.035985,0.036020,0.036747,0.036651,0.036319,0.036599,0.032298,0.032686,0.033405,0.033021,0.033156,0.032919,0.027830,0.027831,0.027922,0.027907,0.027897,0.027939,0.024894,0.025368,0.025570,0.025605,0.025272
mm_5cadfe648023e3,0.016938,0.072763,0.073359,0.074127,0.073657,0.073385,0.073858,0.045437,0.045129,0.045828,0.044956,0.044628,0.044854,0.031764,0.031648,0.031896,0.031695,0.031716,0.031661,0.035474,0.035219,0.035495,0.035226,0.034838
mm_ed952394957ab2,0.016938,0.033339,0.033321,0.033934,0.033850,0.033247,0.033944,0.057538,0.061230,0.062149,0.061804,0.061576,0.061749,0.035197,0.035212,0.035536,0.035498,0.035367,0.035325,0.031018,0.031219,0.031532,0.031323,0.031059
mm_158d10d052f996,0.016938,0.033428,0.033509,0.034582,0.033959,0.033668,0.034048,0.030719,0.031096,0.031860,0.031275,0.031056,0.031496,0.026133,0.026149,0.026321,0.026228,0.026164,0.026207,0.025299,0.025508,0.025794,0.025844,0.025513
mm_8814ad860b4f58,0.016938,0.033343,0.033316,0.034334,0.033911,0.033420,0.033781,0.030805,0.031011,0.031969,0.031469,0.031231,0.031373,0.026179,0.026314,0.026474,0.026454,0.026347,0.026482,0.025604,0.025967,0.026108,0.026161,0.025781
mm_2782b552097c7b,0.016938,0.121597,0.120788,0.121603,0.121196,0.120909,0.124247,0.048074,0.048351,0.048613,0.048005,0.048580,0.048229,0.038330,0.038322,0.038126,0.038041,0.037939,0.037958,0.049521,0.049707,0.049766,0.049085,0.048850
mm_292377ab0fa60c,0.016938,0.071241,0.073797,0.074762,0.074194,0.123293,0.174701,0.071841,0.072332,0.072671,0.072261,0.072074,0.049924,0.047043,0.047051,0.047303,0.047138,0.047787,0.047473,0.045951,0.045632,0.045757,0.045369,0.044997
mm_c7111833750a5f,0.016938,0.050961,0.051963,0.052775,0.052484,0.051640,0.052749,0.034891,0.035047,0.035687,0.035221,0.035290,0.035077,0.035629,0.037648,0.037778,0.037721,0.037604,0.038694,0.040593,0.040728,0.040889,0.040994,0.040802
mm_7772825093b202,0.016938,0.033594,0.033376,0.034359,0.034066,0.033565,0.033826,0.042132,0.042823,0.043813,0.043107,0.042991,0.043078,0.033335,0.033257,0.033276,0.033015,0.032840,0.033016,0.030581,0.030793,0.030929,0.030913,0.030739
mm_04152252be49ca,0.016938,0.057051,0.057521,0.058278,0.057907,0.057731,0.044121,0.039682,0.039651,0.040123,0.039285,0.039333,0.039289,0.028347,0.028410,0.028693,0.028637,0.028561,0.028636,0.030275,0.030508,0.030812,0.030788,0.030415
mm_7666fec0d39bf0,0.016938,0.065441,0.065616,0.066609,0.066295,0.065712,0.048045,0.081781,0.082468,0.083140,0.082835,0.082444,0.084593,0.051228,0.051077,0.051240,0.051156,0.063037,0.064351,0.054367,0.054357,0.053985,0.053547,0.053228
mm_256d8eac353c19,0.016938,0.078828,0.077995,0.079373,0.078771,0.078349,0.080704,0.079674,0.079556,0.080357,0.079787,0.079519,0.080934,0.063337,0.062995,0.063004,0.062957,0.062879,0.063260,0.050191,0.050413,0.050834,0.050806,0.050400
mm_cde2d57930529a,0.016938,0.035134,0.034938,0.035926,0.035636,0.035011,0.035198,0.033092,0.033427,0.033942,0.033600,0.033282,0.033485,0.042879,0.044010,0.044019,0.044026,0.044719,0.044957,0.033541,0.033907,0.034026,0.033993,0.033690
mm_8fd9cf6368916c,0.016938,0.079690,0.079630,0.080739,0.080203,0.079703,0.079849,0.036754,0.036781,0.037373,0.036814,0.036393,0.036616,0.061785,0.061780,0.061801,0.061697,0.061634,0.061652,0.045629,0.045859,0.045871,0.045605,0.045327
mm_5b16aaf99568db,0.016938,0.043088,0.043202,0.044090,0.043648,0.043142,0.043821,0.032238,0.032430,0.033380,0.033029,0.032635,0.032948,0.027502,0.027528,0.027818,0.027757,0.027595,0.027668,0.025520,0.025738,0.026032,0.025967,0.025753
mm_eebe8da0b5c722,0.016938,0.087851,0.087125,0.088119,0.087789,0.087266,0.092325,0.068020,0.068090,0.068961,0.068472,0.076003,0.082023,0.059479,0.064544,0.064749,0.064710,0.066547,0.068190,0.047916,0.048057,0.048151,0.048287,0.047974
mm_373abeef018cea,0.016938,0.038911,0.038672,0.039813,0.039241,0.039125,0.038986,0.036861,0.036737,0.037603,0.036754,0.036414,0.036283,0.059497,0.060009,0.060142,0.060136,0.092757,0.126978,0.047539,0.047988,0.048026,0.048107,0.047915
mm_f2ceafaf567324,0.016938,0.075581,0.075347,0.076446,0.075961,0.118227,0.162955,0.075179,0.075605,0.076255,0.075586,0.075545,0.076950,0.044640,0.044490,0.044591,0.044615,0.044484,0.044607,0.035934,0.035608,0.035930,0.035741,0.035604
mm_b19aeaa0026b07,0.016938,0.033205,0.033458,0.034428,0.033970,0.033463,0.033741,0.030997,0.031259,0.031884,0.031395,0.031296,0.031411,0.026574,0.026792,0.026796,0.026768,0.026736,0.026755,0.025704,0.026001,0.026062,0.026092,0.025795
mm_26914d450bbf6f,0.016938,0.032941,0.033088,0.033808,0.033404,0.033324,0.033366,0.032839,0.032945,0.034016,0.033345,0.033099,0.033556,0.028910,0.029062,0.029324,0.029266,0.029144,0.029193,0.029936,0.030104,0.030311,0.030285,0.030034
mm_c3dca127aaad28,0.016938,0.075675,0.075466,0.076630,0.076056,0.109930,0.141366,0.047180,0.045058,0.045985,0.045147,0.044839,0.045123,0.031007,0.031131,0.031404,0.031369,0.031216,0.031318,0.029793,0.030022,0.030408,0.030483,0.030081
mm_b6ce032698c10a,0.016938,0.033697,0.033648,0.034546,0.034170,0.033897,0.034269,0.031075,0.031205,0.032089,0.031603,0.031337,0.031769,0.026232,0.026186,0.026418,0.026360,0.026284,0.026313,0.025448,0.025581,0.025793,0.025984,0.025490
mm_fc321a34057b93,0.016938,0.102867,0.103574,0.105423,0.104991,0.104417,0.103818,0.066093,0.070867,0.071776,0.071384,0.071115,0.071289,0.034397,0.034305,0.034459,0.034394,0.034388,0.034368,0.025776,0.025791,0.026078,0.026061,0.025824
mm_4fb03439ae0dc3,0.016938,0.055949,0.059866,0.060489,0.060128,0.059921,0.044941,0.060005,0.060105,0.061102,0.060380,0.060629,0.044027,0.049844,0.052042,0.052205,0.052193,0.052142,0.038310,0.044833,0.044870,0.045077,0.044475,0.044171
mm_11085e067e143f,0.016938,0.082659,0.086927,0.087658,0.087226,0.087041,0.087054,0.115018,0.114324,0.115090,0.114376,0.114162,0.114231,0.031353,0.031539,0.031729,0.031533,0.031435,0.031491,0.025908,0.026065,0.026258,0.026345,0.025990
mm_c5af9b9974d189,0.016938,0.062036,0.063588,0.064782,0.064527,0.066019,0.067091,0.040219,0.041304,0.041899,0.041283,0.041333,0.041120,0.069770,0.069362,0.069473,0.069255,0.069209,0.069261,0.048758,0.048949,0.049152,0.048919,0.048648
mm_bbfc7f3b2fd089,0.016938,0.042319,0.043258,0.044009,0.043890,0.043487,0.043707,0.041893,0.042849,0.043787,0.043230,0.043054,0.043185,0.052828,0.056503,0.056680,0.056679,0.056620,0.056582,0.047294,0.047689,0.047806,0.047786,0.047581
mm_d41070729d8098,0.016938,0.033421,0.033932,0.034533,0.034231,0.034030,0.034194,0.029955,0.030331,0.030774,0.030558,0.030680,0.030406,0.030061,0.030118,0.030312,0.030264,0.030251,0.030269,0.028862,0.029108,0.029395,0.029482,0.029117
mm_57a8ade08da8fa,0.016938,0.051246,0.051201,0.052010,0.051865,0.051605,0.051950,0.039941,0.040045,0.040750,0.039870,0.040095,0.039802,0.031732,0.031612,0.031784,0.031594,0.031596,0.031629,0.035700,0.035613,0.035532,0.035188,0.034854
mm_7d2256030e54e0,0.016938,0.119760,0.118838,0.119649,0.119366,0.118713,0.119764,0.043558,0.043411,0.044240,0.043700,0.043653,0.043774,0.028966,0.028897,0.029199,0.028989,0.028928,0.029067,0.026062,0.026111,0.026512,0.026452,0.026090
mm_4b936b56d02be7,0.016938,0.073537,0.078239,0.078764,0.078732,0.078146,0.082763,0.060648,0.065052,0.065673,0.065220,0.065102,0.046740,0.048704,0.050361,0.050553,0.050380,0.051183,0.050492,0.036531,0.036429,0.036901,0.036322,0.036234
mm_3e86116d0c001e,0.016938,0.033499,0.033638,0.034542,0.034471,0.033844,0.034333,0.044203,0.045938,0.046760,0.046250,0.046031,0.040725,0.041779,0.042028,0.042239,0.042123,0.042686,0.042568,0.041699,0.041923,0.042015,0.042223,0.041970
mm_438e976ae07292,0.016938,0.080489,0.079618,0.080556,0.080464,0.080082,0.080351,0.042563,0.042473,0.043281,0.042737,0.042811,0.042973,0.029245,0.029313,0.029478,0.029435,0.029397,0.029501,0.025775,0.025884,0.025962,0.026089,0.025884
mm_be2fb8c1047716,0.016938,0.048524,0.048652,0.049438,0.049090,0.048743,0.048858,0.042659,0.042722,0.043273,0.042816,0.042700,0.042772,0.041505,0.040870,0.040917,0.040595,0.040580,0.040556,0.037100,0.036978,0.037146,0.036869,0.036531
mm_fa233b4d122b89,0.016938,0.034841,0.034927,0.035778,0.035529,0.035096,0.035518,0.066926,0.066878,0.068154,0.067437,0.112724,0.150603,0.059073,0.063540,0.063795,0.063699,0.069382,0.069153,0.051782,0.051876,0.052285,0.051719,0.051559
mm_f3fbc59ee4696b,0.016938,0.045427,0.048079,0.048531,0.048533,0.048037,0.048216,0.037200,0.036760,0.037793,0.037126,0.037062,0.036740,0.030635,0.030603,0.030888,0.030845,0.030667,0.030717,0.029735,0.029887,0.030086,0.030226,0.029765
mm_b60f02eecc49e0,0.016938,0.059861,0.060388,0.061119,0.060676,0.060442,0.046227,0.060721,0.060776,0.061711,0.061290,0.061036,0.044018,0.065810,0.066337,0.066621,0.066563,0.066462,0.044111,0.056430,0.055351,0.055490,0.054630,0.054177
mm_1857fd0cc63826,0.016938,0.038591,0.038300,0.039266,0.039087,0.038488,0.038704,0.034176,0.034350,0.035101,0.034553,0.034433,0.034606,0.029110,0.029061,0.029270,0.029280,0.029110,0.029216,0.029592,0.029680,0.029735,0.029507,0.029384
mm_a89f0af0f1d6c2,0.016938,0.073406,0.073814,0.074696,0.074462,0.101315,0.130665,0.068399,0.068358,0.069320,0.068530,0.086023,0.108980,0.051353,0.051435,0.051489,0.051410,0.051239,0.042879,0.044332,0.044585,0.044719,0.044692,0.044510
mm_f92c2bda02f9d8,0.016938,0.032796,0.032623,0.033572,0.033330,0.032905,0.032981,0.029867,0.030222,0.030897,0.030485,0.030478,0.030427,0.025999,0.026084,0.026231,0.026266,0.026178,0.026225,0.025288,0.025650,0.025763,0.025775,0.025495
mm_2448aef9f30312,0.016938,0.037817,0.037747,0.038561,0.038104,0.037868,0.038058,0.086366,0.085943,0.087036,0.086387,0.086155,0.086286,0.063327,0.063437,0.063426,0.063330,0.063246,0.063310,0.048929,0.048991,0.049178,0.048867,0.048514
mm_1178238c6166c8,0.016938,0.035364,0.035396,0.036209,0.035820,0.035710,0.035807,0.052349,0.052487,0.053499,0.052869,0.052653,0.040953,0.060429,0.060424,0.060835,0.060667,0.085213,0.095447,0.053181,0.053258,0.053631,0.053494,0.053129
mm_9fd0ab42b8a928,0.016938,0.039827,0.039581,0.040834,0.040366,0.039893,0.040093,0.059419,0.062683,0.063912,0.063398,0.063058,0.063051,0.042236,0.042354,0.042570,0.042483,0.042416,0.032734,0.049230,0.049420,0.049492,0.049412,0.049151
mm_c863eab4ea652e,0.016938,0.033276,0.033090,0.033953,0.033864,0.033360,0.033493,0.030667,0.030865,0.031617,0.031220,0.031003,0.031166,0.026317,0.026341,0.026612,0.026582,0.026399,0.026437,0.025333,0.025561,0.025542,0.025779,0.025416
mm_1fd219c2c3d54f,0.016938,0.036311,0.036366,0.037114,0.036887,0.036254,0.036550,0.034587,0.034459,0.035339,0.034851,0.034611,0.034731,0.027717,0.027830,0.028052,0.027914,0.027915,0.027873,0.025312,0.025409,0.025722,0.025744,0.025300
mm_495bb3daa9ef5e,0.016938,0.064828,0.068956,0.069744,0.069163,0.068694,0.069170,0.037848,0.038110,0.038869,0.038097,0.038282,0.038184,0.028936,0.028911,0.029166,0.029042,0.028940,0.029094,0.029731,0.030006,0.030457,0.030410,0.029962
mm_afe957afad5656,0.016938,0.033334,0.033270,0.034104,0.033869,0.033321,0.033715,0.030469,0.030515,0.031731,0.031004,0.031035,0.031067,0.026407,0.026472,0.026623,0.026621,0.026508,0.026543,0.025608,0.025677,0.025869,0.025898,0.025708
mm_3badce4cf1e186,0.016938,0.142373,0.141694,0.143579,0.143175,0.142854,0.143201,0.082073,0.081476,0.082203,0.081528,0.081414,0.082694,0.063949,0.064051,0.064046,0.063959,0.063879,0.063944,0.050399,0.050439,0.050631,0.050308,0.049974
mm_8407764055460c,0.016938,0.035119,0.035346,0.036463,0.036094,0.035412,0.035674,0.053473,0.053595,0.054385,0.053962,0.053822,0.041074,0.048584,0.049813,0.049907,0.049920,0.049806,0.035990,0.050844,0.051186,0.051291,0.051255,0.050991
mm_7c951b23abfa95,0.016938,0.050404,0.050149,0.051642,0.050802,0.050477,0.050640,0.127659,0.127130,0.128876,0.128352,0.127943,0.131757,0.033173,0.032847,0.033047,0.032661,0.032620,0.032652,0.030593,0.030848,0.031169,0.031079,0.030685
mm_e05420bd809a54,0.016938,0.058261,0.058528,0.059093,0.058875,0.058332,0.044743,0.040902,0.040780,0.041557,0.040610,0.040506,0.040463,0.028500,0.028483,0.028640,0.028591,0.028578,0.028480,0.025419,0.025768,0.025670,0.025856,0.025472
mm_bcf7e8684a3b37,0.016938,0.037917,0.038101,0.038583,0.038502,0.037921,0.038392,0.043443,0.043546,0.044409,0.043857,0.043664,0.043755,0.030867,0.030942,0.031098,0.031060,0.031011,0.030991,0.032205,0.032538,0.032768,0.032581,0.032339
mm_09d8e9c262448c,0.016938,0.057767,0.057585,0.058580,0.058238,0.057732,0.044326,0.073975,0.074281,0.075186,0.074776,0.074491,0.074515,0.053507,0.053478,0.053662,0.053493,0.086233,0.112349,0.057934,0.054788,0.054763,0.054328,0.053921
mm_c7ca57f3278589,0.016938,0.034348,0.034437,0.035018,0.034767,0.034447,0.034730,0.087550,0.086989,0.087806,0.087325,0.087213,0.087459,0.058687,0.063207,0.063443,0.063312,0.063154,0.063265,0.050361,0.050544,0.050843,0.050372,0.050293
mm_ff0902c969fe3c,0.016938,0.057210,0.058724,0.059410,0.059049,0.058365,0.058859,0.073258,0.072964,0.074008,0.073086,0.073145,0.073524,0.054132,0.056989,0.057268,0.057060,0.056948,0.056981,0.042003,0.042318,0.042402,0.041904,0.041696
mm_4e61fdefbe6c9a,0.016938,0.033665,0.033390,0.034325,0.034125,0.033455,0.033885,0.058927,0.063369,0.064164,0.063757,0.088845,0.102707,0.039820,0.039736,0.040040,0.039841,0.039821,0.039853,0.031723,0.031847,0.031676,0.031673,0.031245
mm_15116fc7f7c068,0.016938,0.035866,0.035871,0.036643,0.036275,0.035990,0.036119,0.032531,0.032944,0.033658,0.033086,0.032850,0.033047,0.026463,0.026469,0.026640,0.026604,0.026519,0.026468,0.025640,0.025956,0.026236,0.026125,0.025914
mm_447c108d4162f3,0.016938,0.078910,0.078360,0.079282,0.078899,0.078464,0.079076,0.056418,0.058473,0.059723,0.058920,0.058714,0.058909,0.029195,0.029348,0.029524,0.029361,0.029232,0.029313,0.026783,0.026748,0.027204,0.027023,0.026842
mm_b2e50bea08a789,0.016938,0.042713,0.042709,0.043570,0.043262,0.042689,0.043117,0.038120,0.038092,0.039208,0.038512,0.038330,0.038414,0.043937,0.043896,0.044261,0.044126,0.044701,0.044530,0.051575,0.051553,0.051884,0.051129,0.050754
mm_1a197df05e9d21,0.016938,0.069989,0.072431,0.073217,0.072955,0.072366,0.072651,0.088548,0.087966,0.088799,0.088131,0.088027,0.088000,0.056392,0.055498,0.055583,0.055111,0.055001,0.055076,0.036271,0.036516,0.036833,0.036741,0.036317
mm_1663ce88bf736e,0.016938,0.036111,0.036301,0.036999,0.036656,0.036508,0.036488,0.032149,0.032240,0.033314,0.032583,0.032312,0.032559,0.029764,0.029924,0.030068,0.030075,0.030009,0.030032,0.034982,0.035187,0.035404,0.035257,0.035013
mm_32a5c30a9d7199,0.016938,0.062326,0.062656,0.063499,0.063286,0.062688,0.046343,0.074629,0.074555,0.075467,0.074900,0.074947,0.050596,0.072439,0.071941,0.072215,0.072089,0.072045,0.072751,0.051869,0.052106,0.052233,0.052362,0.052000
mm_6801eff8eda27c,0.016938,0.078189,0.078120,0.078926,0.078686,0.078116,0.078281,0.039229,0.039202,0.039752,0.039039,0.038947,0.038741,0.037724,0.037725,0.037868,0.037810,0.037743,0.037745,0.045919,0.046245,0.046598,0.046534,0.046252
mm_33b6845c7cb6ed,0.016938,0.041608,0.041459,0.042505,0.042376,0.042212,0.042436,0.035898,0.036046,0.037132,0.036595,0.036590,0.036805,0.025949,0.026076,0.026250,0.026255,0.026301,0.026278,0.024741,0.024912,0.025126,0.025337,0.024996
mm_0d0f0f1d1bad6b,0.016938,0.036146,0.036132,0.036782,0.036586,0.036326,0.036264,0.038182,0.038024,0.038784,0.038410,0.038271,0.038504,0.029357,0.029469,0.029698,0.029543,0.029524,0.029561,0.030568,0.030750,0.030944,0.030990,0.030669
mm_1e300fed538401,0.016938,0.033131,0.032986,0.033874,0.033805,0.033397,0.033725,0.031864,0.032119,0.033313,0.032496,0.032470,0.032673,0.028565,0.028683,0.028914,0.028826,0.028680,0.028771,0.030615,0.030678,0.030675,0.030537,0.030250
mm_8ad3c1f4f68203,0.016938,0.031802,0.031825,0.032528,0.032593,0.032144,0.032607,0.029552,0.029486,0.030419,0.030145,0.030108,0.030031,0.025935,0.025920,0.026113,0.026176,0.026059,0.026052,0.025023,0.025118,0.025243,0.025508,0.025047
mm_db584b9b15e3d5,0.016938,0.074365,0.073722,0.074841,0.074541,0.074273,0.074475,0.039046,0.039016,0.039866,0.039368,0.039180,0.039245,0.029912,0.029963,0.030138,0.030101,0.030070,0.030058,0.026553,0.026862,0.027236,0.027096,0.027046
mm_d5d3f28b7e78fc,0.016938,0.080982,0.081415,0.082447,0.082046,0.081294,0.081738,0.062321,0.062516,0.062824,0.062611,0.062233,0.062448,0.120313,0.119437,0.120654,0.120501,0.120458,0.120453,0.050256,0.050146,0.050551,0.049851,0.049423
mm_42813376fe3674,0.016938,0.033823,0.033606,0.034835,0.034359,0.033873,0.034244,0.035478,0.035051,0.036496,0.035807,0.035604,0.035642,0.030804,0.030797,0.031046,0.030823,0.030742,0.030756,0.030292,0.030502,0.030878,0.030595,0.030277
mm_dc9b4d60e7d4d0,0.016938,0.085574,0.085920,0.086917,0.086670,0.086049,0.090870,0.079832,0.079783,0.080183,0.079841,0.079703,0.080773,0.044152,0.044176,0.044209,0.044168,0.044131,0.033421,0.048387,0.048180,0.047900,0.047040,0.046708
mm_9626fbb992945c,0.016938,0.069299,0.068946,0.070233,0.069594,0.106913,0.143149,0.069077,0.074132,0.074902,0.074446,0.074374,0.074321,0.066763,0.066273,0.066348,0.066242,0.066202,0.066199,0.049696,0.049939,0.050215,0.049833,0.049519
mm_bd8911ef2924b2,0.016938,0.075598,0.075494,0.076356,0.075941,0.126810,0.179377,0.068939,0.069150,0.070027,0.069422,0.069157,0.047847,0.078741,0.079532,0.079685,0.079683,0.116314,0.160610,0.055425,0.052434,0.052646,0.052141,0.051982
mm_5da0d34d076def,0.016938,0.085400,0.084592,0.085804,0.085222,0.085075,0.087093,0.041948,0.041530,0.042419,0.041442,0.041413,0.041282,0.061709,0.061418,0.061657,0.061553,0.061549,0.063357,0.050519,0.050166,0.050265,0.049574,0.049229
mm_6afb84099bd6d4,0.016938,0.062250,0.066501,0.067607,0.067278,0.071600,0.071797,0.063391,0.063145,0.063685,0.062866,0.062783,0.062726,0.030744,0.030802,0.031126,0.030939,0.030869,0.030965,0.025590,0.025817,0.026109,0.026121,0.025664
mm_b61c986cdbba42,0.016938,0.062397,0.065470,0.065970,0.065736,0.069237,0.069279,0.038805,0.038474,0.039410,0.038607,0.038772,0.038296,0.030982,0.030963,0.031293,0.031148,0.031035,0.031061,0.035330,0.035697,0.035986,0.035586,0.035266
mm_f9ab176dc15cbd,0.016938,0.078298,0.078113,0.078763,0.078494,0.077815,0.080247,0.041139,0.040895,0.041825,0.040791,0.040781,0.040662,0.031207,0.031193,0.031440,0.031177,0.031014,0.031079,0.030541,0.030821,0.030972,0.030970,0.030779
mm_692fd78f4a86d1,0.016938,0.048627,0.048346,0.049540,0.049020,0.048607,0.049729,0.045350,0.045839,0.047128,0.046556,0.046255,0.046944,0.075181,0.075159,0.075079,0.074993,0.074885,0.074981,0.033811,0.034068,0.034251,0.034320,0.034040
mm_4f8e334950627d,0.016938,0.054248,0.056335,0.057428,0.057058,0.056661,0.044050,0.068739,0.069282,0.070337,0.069724,0.069527,0.073362,0.050057,0.050254,0.050371,0.050398,0.050270,0.036957,0.055925,0.055267,0.054905,0.053739,0.053570
mm_f469cfb7f76ef8,0.016938,0.077232,0.076928,0.077565,0.077360,0.077113,0.079126,0.040194,0.039838,0.040509,0.039813,0.040001,0.039752,0.043610,0.043663,0.043964,0.043914,0.043846,0.033419,0.053354,0.053435,0.053756,0.052839,0.052475
mm_2a941e5310a3b4,0.016938,0.072952,0.073165,0.074201,0.073900,0.096522,0.107515,0.073838,0.074410,0.075105,0.074820,0.074434,0.050476,0.049178,0.049113,0.049391,0.049273,0.049245,0.035646,0.054622,0.053662,0.053895,0.053987,0.053589
mm_68a1d5bff53f78,0.016938,0.032664,0.032686,0.033359,0.033269,0.032847,0.032966,0.033203,0.033274,0.034011,0.033629,0.033454,0.033491,0.028783,0.028934,0.029081,0.029048,0.029020,0.028975,0.025368,0.025480,0.026000,0.025867,0.025614
mm_dfae826fafc1a6,0.016938,0.038583,0.038127,0.039586,0.038941,0.038503,0.038754,0.109546,0.109575,0.110605,0.109963,0.109571,0.109920,0.030324,0.030395,0.030627,0.030547,0.030461,0.030465,0.030897,0.031186,0.031510,0.031227,0.030936
mm_d5eaa315c1300c,0.016938,0.033984,0.034158,0.034851,0.034383,0.034216,0.034254,0.083177,0.082863,0.084007,0.083056,0.082959,0.086207,0.045796,0.043668,0.043626,0.043275,0.043123,0.043262,0.033994,0.033741,0.034072,0.033696,0.033492
mm_e9c9e7572524ba,0.016938,0.088675,0.088109,0.088972,0.088637,0.088072,0.093148,0.067353,0.067471,0.068597,0.067840,0.067637,0.047498,0.065917,0.066468,0.066640,0.066597,0.066617,0.044188,0.061688,0.058206,0.057663,0.056619,0.056387
mm_5753f33d923651,0.016938,0.036873,0.036997,0.037829,0.037473,0.037003,0.037354,0.033309,0.033333,0.034291,0.033858,0.033440,0.033555,0.030230,0.030166,0.030389,0.030340,0.030252,0.030204,0.030274,0.030414,0.030454,0.030422,0.030090
mm_c01bad336a0269,0.016938,0.032730,0.032720,0.033742,0.033259,0.032944,0.033112,0.032431,0.032814,0.033406,0.033043,0.032957,0.033061,0.028650,0.028642,0.028874,0.028780,0.028749,0.028677,0.025201,0.025472,0.025684,0.025675,0.025453
mm_9f4979afdeb2dd,0.016938,0.039657,0.039878,0.040629,0.040448,0.040183,0.040313,0.033479,0.033895,0.034400,0.034195,0.034123,0.033858,0.028398,0.028410,0.028539,0.028593,0.028541,0.028409,0.029853,0.030088,0.030324,0.030324,0.030070
mm_f2dfeb9abcf541,0.016938,0.060985,0.061054,0.061867,0.061731,0.061283,0.046635,0.054760,0.054881,0.055808,0.055313,0.055230,0.042106,0.038398,0.038467,0.038729,0.038594,0.038545,0.038670,0.028914,0.029203,0.029580,0.029602,0.029225
mm_17eee7a344ae2c,0.016938,0.032268,0.032206,0.032933,0.032935,0.032522,0.032672,0.029739,0.030127,0.030756,0.030414,0.030190,0.030439,0.026134,0.026271,0.026366,0.026458,0.026372,0.026466,0.025117,0.025593,0.025697,0.025712,0.025474
mm_a091841da25dd0,0.016938,0.071183,0.071635,0.072258,0.072182,0.071699,0.072508,0.038659,0.038947,0.039876,0.039567,0.039345,0.039294,0.039313,0.039346,0.039478,0.039452,0.039213,0.039175,0.049014,0.048437,0.048534,0.047860,0.047518
mm_bb35e2a5cac7b4,0.016938,0.062892,0.062622,0.063577,0.063315,0.062816,0.046561,0.051275,0.055043,0.056045,0.055362,0.055377,0.042119,0.063293,0.069064,0.069226,0.069253,0.069076,0.069194,0.054701,0.054000,0.054204,0.053640,0.053485
mm_34662263c54367,0.016938,0.038748,0.038973,0.039728,0.039400,0.038883,0.039213,0.043901,0.043997,0.045054,0.044300,0.044702,0.044128,0.043146,0.045075,0.045367,0.045151,0.045048,0.034647,0.048459,0.048418,0.048016,0.046906,0.046716
mm_4fde8a4a429d62,0.016938,0.036090,0.036245,0.036997,0.036933,0.036413,0.036624,0.033586,0.033736,0.034596,0.034028,0.033970,0.033676,0.029085,0.029045,0.029065,0.029100,0.028934,0.029041,0.030402,0.030414,0.030622,0.030627,0.030377
mm_e4d8bcd7f01070,0.016938,0.048839,0.049575,0.050447,0.050143,0.049630,0.049939,0.081877,0.081470,0.082035,0.081473,0.081416,0.081653,0.029572,0.029647,0.029928,0.029793,0.029719,0.029827,0.025858,0.026039,0.026214,0.026257,0.025917
mm_79548a680f5c50,0.016938,0.077095,0.076249,0.077184,0.077050,0.076581,0.076906,0.034805,0.035200,0.036006,0.035462,0.035622,0.035455,0.072292,0.071772,0.072040,0.071953,0.071849,0.072009,0.030398,0.030754,0.030991,0.031011,0.030787
mm_1239e879d44a46,0.016938,0.083866,0.082974,0.084323,0.083751,0.083285,0.083689,0.068986,0.068858,0.069796,0.069252,0.068877,0.068890,0.034886,0.034693,0.034867,0.034587,0.034424,0.034425,0.030508,0.030693,0.030869,0.030919,0.030543
mm_af07b244a02f41,0.016938,0.050072,0.049958,0.050957,0.050595,0.050133,0.048429,0.080643,0.081151,0.082230,0.081734,0.081474,0.081610,0.055004,0.057768,0.057947,0.057897,0.057739,0.057875,0.047446,0.047611,0.047895,0.047953,0.047566
mm_81a3b607d54f88,0.016938,0.058504,0.058373,0.059328,0.058988,0.058449,0.044699,0.055082,0.055630,0.056634,0.056170,0.056798,0.056141,0.046599,0.046920,0.047047,0.047036,0.046983,0.034884,0.056894,0.056302,0.055637,0.054726,0.054300
mm_ec99467c265dbe,0.016938,0.046375,0.047750,0.048554,0.048259,0.047650,0.048928,0.046473,0.046567,0.047284,0.046699,0.046349,0.046783,0.058096,0.062849,0.063000,0.062975,0.062861,0.062898,0.051872,0.051352,0.051625,0.050695,0.050473
mm_4c1c044cbe5ed0,0.016938,0.032955,0.033214,0.033891,0.033688,0.033035,0.033628,0.030849,0.030634,0.031806,0.031110,0.030973,0.031094,0.026169,0.026265,0.026483,0.026425,0.026337,0.026377,0.025555,0.025949,0.026189,0.026077,0.025768
mm_4ef739633bceaa,0.016938,0.033960,0.033642,0.034451,0.034374,0.033900,0.034235,0.044457,0.044377,0.045368,0.044946,0.044939,0.044824,0.031128,0.031104,0.031286,0.030975,0.030977,0.031020,0.025935,0.026225,0.026418,0.026379,0.026134
mm_2924292cd6e45c,0.016938,0.037692,0.037677,0.038705,0.038217,0.037791,0.037954,0.033011,0.033247,0.033678,0.033362,0.032891,0.033415,0.031695,0.032270,0.032476,0.032305,0.032334,0.032267,0.027722,0.028091,0.028305,0.028116,0.027792
mm_04c7af793bb690,0.016938,0.063290,0.063221,0.064410,0.063729,0.063314,0.046753,0.081472,0.081478,0.082444,0.081700,0.081505,0.083841,0.032968,0.032898,0.033084,0.032839,0.032753,0.032798,0.025836,0.026063,0.026261,0.026195,0.025942
mm_1f9e0b184bf384,0.016938,0.032756,0.032870,0.033554,0.033519,0.033091,0.033272,0.062707,0.062300,0.063421,0.062917,0.062977,0.062903,0.032175,0.032077,0.032306,0.032178,0.032093,0.032025,0.025423,0.025580,0.025623,0.025867,0.025487
mm_af000bf9f9b67b,0.016938,0.067884,0.072733,0.073507,0.073288,0.072692,0.073425,0.041738,0.041694,0.042577,0.041827,0.041717,0.041956,0.029006,0.029090,0.029276,0.029269,0.029116,0.029148,0.025487,0.025419,0.025824,0.025785,0.025449
mm_bc1583d0431c88,0.016938,0.033549,0.033467,0.034288,0.034236,0.033676,0.034123,0.033405,0.033493,0.034281,0.034261,0.033982,0.033852,0.029025,0.029157,0.029445,0.029322,0.029310,0.029278,0.030317,0.030505,0.030441,0.030567,0.030117
mm_79eabbd3b43698,0.016938,0.077633,0.081989,0.082533,0.082550,0.082106,0.082522,0.040041,0.040258,0.041152,0.040584,0.040559,0.040554,0.033555,0.033608,0.033807,0.033654,0.033583,0.033535,0.030995,0.030813,0.031048,0.030975,0.030589
mm_e303595cfd78f8,0.016938,0.036726,0.036826,0.037687,0.037252,0.036640,0.037304,0.031508,0.031791,0.032952,0.032280,0.031904,0.032139,0.026368,0.026368,0.026583,0.026500,0.026358,0.026371,0.025574,0.025783,0.025868,0.025941,0.025583
mm_36fbeb6931c38f,0.016938,0.078633,0.079349,0.080133,0.079839,0.079286,0.081889,0.079707,0.079629,0.080628,0.080076,0.118299,0.156902,0.058705,0.061795,0.062150,0.062066,0.067635,0.066949,0.052406,0.052552,0.052657,0.052468,0.052210
mm_3b51a97f9ddb46,0.016938,0.063996,0.063933,0.064765,0.064467,0.063887,0.064531,0.033084,0.033605,0.034539,0.033847,0.033447,0.033783,0.053020,0.053153,0.053409,0.053237,0.053207,0.053265,0.030595,0.030829,0.031005,0.031110,0.030907
mm_e46628733c24c3,0.016938,0.037114,0.037086,0.037927,0.037649,0.037072,0.037693,0.034363,0.034957,0.035963,0.035119,0.034924,0.035039,0.053390,0.053604,0.053813,0.053643,0.053586,0.053658,0.030252,0.030200,0.030595,0.030277,0.030090
mm_fa183e855df705,0.016938,0.033305,0.033198,0.034195,0.033853,0.033383,0.033886,0.031143,0.031072,0.032132,0.031525,0.031158,0.031514,0.026236,0.026344,0.026451,0.026434,0.026303,0.026335,0.025629,0.025670,0.026238,0.026026,0.025791
mm_b92e24fbf5ba5a,0.016938,0.109875,0.110312,0.112332,0.112148,0.111522,0.111760,0.076987,0.084015,0.084770,0.084236,0.084076,0.084277,0.036925,0.038818,0.038974,0.039002,0.038796,0.038919,0.042685,0.042496,0.042816,0.042159,0.042024
mm_6568d87f67692b,0.016938,0.131763,0.130719,0.131662,0.131444,0.130903,0.131325,0.062524,0.065661,0.066729,0.066182,0.066022,0.067379,0.037493,0.036966,0.037137,0.036678,0.036598,0.036642,0.031429,0.031530,0.031516,0.031413,0.031066
mm_a0d830a9043812,0.016938,0.076758,0.076080,0.077232,0.076775,0.076367,0.076613,0.050234,0.049992,0.050961,0.049799,0.049651,0.049618,0.055092,0.059087,0.059240,0.059185,0.059070,0.059169,0.043561,0.043697,0.043831,0.043660,0.043476
mm_0b8577318b4ea4,0.016938,0.049792,0.050814,0.051983,0.051696,0.051304,0.051542,0.074818,0.074554,0.075148,0.074689,0.074670,0.075999,0.040884,0.041525,0.041749,0.041656,0.041579,0.034019,0.041227,0.041592,0.041708,0.041676,0.041393
mm_fb3df905a36edd,0.016938,0.034884,0.034653,0.035619,0.035324,0.034746,0.035192,0.038264,0.039084,0.039918,0.039739,0.039192,0.039252,0.038061,0.039108,0.039402,0.039253,0.039261,0.032257,0.042453,0.042642,0.042818,0.042993,0.042510
mm_40924683062bce,0.016938,0.033143,0.033340,0.034250,0.033809,0.033238,0.033897,0.030803,0.031133,0.031861,0.031587,0.031327,0.031639,0.026240,0.026335,0.026492,0.026477,0.026461,0.026515,0.025186,0.025470,0.025784,0.025871,0.025571
mm_5f57cabc048625,0.016938,0.064332,0.064327,0.065264,0.065044,0.064492,0.047349,0.074193,0.074528,0.075080,0.074793,0.074573,0.050686,0.058603,0.058632,0.058959,0.058802,0.058787,0.041079,0.048966,0.048979,0.049291,0.048401,0.048034
mm_5df3632a451aef,0.016938,0.064005,0.068420,0.069438,0.069159,0.068425,0.069052,0.064354,0.068226,0.069442,0.068893,0.068544,0.068541,0.062657,0.062693,0.062731,0.062627,0.062510,0.062572,0.053405,0.052794,0.053002,0.052185,0.051895
mm_8928dc1653d3d8,0.016938,0.047361,0.047407,0.048218,0.048022,0.047488,0.047957,0.054074,0.054112,0.055396,0.054930,0.056488,0.056852,0.038857,0.038861,0.038911,0.038885,0.038686,0.038688,0.041858,0.041464,0.041467,0.041057,0.040635
mm_7883eb07671b06,0.016938,0.083011,0.083515,0.084259,0.084060,0.083555,0.084173,0.066683,0.070204,0.071313,0.070842,0.070616,0.071513,0.062662,0.062616,0.062649,0.062536,0.062502,0.062734,0.049988,0.050372,0.050416,0.050557,0.050223
mm_2dd6da827c8099,0.016938,0.043608,0.044106,0.045010,0.044653,0.044090,0.044430,0.042136,0.042285,0.043206,0.042470,0.042375,0.042515,0.033972,0.033701,0.033531,0.033248,0.033037,0.033233,0.029371,0.029585,0.029751,0.029688,0.029511
mm_025b20b249d826,0.016938,0.033175,0.033164,0.034209,0.034032,0.033362,0.033564,0.030339,0.030627,0.031400,0.030992,0.030839,0.030793,0.026342,0.026399,0.026602,0.026627,0.026468,0.026487,0.025495,0.025646,0.025639,0.025855,0.025556
mm_735325cf88690d,0.016938,0.031507,0.031594,0.032418,0.032285,0.032227,0.032476,0.029259,0.029603,0.030527,0.030022,0.030059,0.030283,0.025689,0.025700,0.025885,0.025910,0.025901,0.025948,0.024937,0.025138,0.025348,0.025424,0.025291
mm_8a30092fdb2732,0.016938,0.033354,0.033303,0.033992,0.033861,0.033171,0.033978,0.030722,0.030870,0.031773,0.031250,0.031294,0.031110,0.026188,0.026172,0.026441,0.026340,0.026276,0.026222,0.025264,0.025624,0.025890,0.025868,0.025562
mm_66056dc229dfbc,0.016938,0.033317,0.033280,0.034196,0.033891,0.033415,0.033959,0.030562,0.030768,0.031644,0.031505,0.031041,0.031039,0.026172,0.026209,0.026454,0.026388,0.026277,0.026273,0.025580,0.025760,0.025865,0.025961,0.025805
mm_7664c0c9a44384,0.016938,0.038155,0.037962,0.038876,0.038562,0.038004,0.038608,0.033277,0.033574,0.034581,0.034193,0.033828,0.034090,0.060873,0.060915,0.061219,0.061183,0.061046,0.061063,0.034719,0.034777,0.035123,0.035106,0.034765
mm_43c1d1b06700a6,0.016938,0.077232,0.076723,0.077611,0.077257,0.076644,0.077392,0.077528,0.077008,0.078065,0.077319,0.077140,0.077423,0.051347,0.054780,0.055115,0.055067,0.091124,0.125092,0.055873,0.054889,0.054929,0.054486,0.054257
mm_ab6b4a9e57d3ea,0.016938,0.041309,0.041815,0.042600,0.042262,0.041703,0.041656,0.034598,0.035037,0.035758,0.034641,0.035032,0.034797,0.049382,0.049405,0.049715,0.049551,0.051306,0.051569,0.044534,0.044872,0.045106,0.045005,0.044691
mm_266328f764a391,0.016938,0.031717,0.031920,0.032661,0.032586,0.032331,0.032563,0.029332,0.029554,0.030486,0.030157,0.030068,0.030044,0.026921,0.026879,0.027038,0.027116,0.027031,0.027007,0.024830,0.025010,0.025142,0.025347,0.025042
mm_a32557825f5841,0.016938,0.055217,0.057264,0.057966,0.057776,0.057079,0.045160,0.069240,0.072960,0.073736,0.073247,0.073211,0.073191,0.069389,0.068897,0.069082,0.068894,0.068842,0.068882,0.053025,0.052915,0.053324,0.052902,0.052473
mm_b992d946ede2d8,0.016938,0.053680,0.057173,0.057768,0.057679,0.059663,0.051515,0.043328,0.042651,0.043518,0.042470,0.042468,0.042506,0.036204,0.036218,0.036471,0.036113,0.036067,0.035957,0.025246,0.025325,0.025474,0.025607,0.025183
mm_0361b9779d77f5,0.016938,0.043211,0.043312,0.044120,0.043846,0.043166,0.043887,0.034045,0.034598,0.035633,0.035135,0.034813,0.034872,0.026466,0.026626,0.026711,0.026703,0.026611,0.026608,0.025570,0.025657,0.025796,0.025789,0.025601
mm_20d83571232bad,0.016938,0.103224,0.105612,0.107541,0.107180,0.106608,0.106962,0.087082,0.087086,0.086372,0.085866,0.085642,0.085593,0.097271,0.097143,0.097024,0.096979,0.096775,0.097235,0.049239,0.049269,0.049306,0.049168,0.048802
mm_a771f794e446e4,0.016938,0.073474,0.074131,0.074877,0.074405,0.074174,0.074355,0.084703,0.084354,0.084860,0.084464,0.084248,0.084354,0.033224,0.033171,0.033411,0.033051,0.032957,0.032980,0.035766,0.035872,0.036097,0.035900,0.035622
mm_09c5e986233968,0.016938,0.040197,0.040169,0.040991,0.040749,0.040611,0.039557,0.065582,0.065331,0.066381,0.065985,0.065845,0.069782,0.052284,0.051039,0.051288,0.051295,0.051272,0.051197,0.037683,0.038024,0.037942,0.038222,0.037858
mm_1a9f5052a2d2b0,0.016938,0.034159,0.033959,0.034746,0.034734,0.034236,0.034355,0.030636,0.030926,0.031662,0.031173,0.031369,0.031069,0.049568,0.049544,0.050249,0.050249,0.051822,0.052410,0.049339,0.049424,0.049718,0.049396,0.049083
mm_7d3ea9513df418,0.016938,0.037199,0.037273,0.038124,0.037959,0.037581,0.037931,0.065948,0.065368,0.066543,0.065800,0.065747,0.066092,0.051466,0.053619,0.053901,0.053909,0.053750,0.053754,0.049653,0.049102,0.049387,0.048916,0.048705
mm_6402c3f3b7f2ba,0.016938,0.055052,0.054961,0.055793,0.055543,0.055388,0.042573,0.043106,0.043258,0.044286,0.043878,0.043747,0.044017,0.031398,0.031483,0.031807,0.031442,0.031395,0.031357,0.034848,0.034860,0.034685,0.034878,0.034400
mm_78df24dee8eac6,0.016938,0.036165,0.036252,0.037047,0.036696,0.036057,0.036758,0.032421,0.032370,0.033288,0.032666,0.032460,0.032422,0.026196,0.026202,0.026341,0.026295,0.026230,0.026163,0.025368,0.025400,0.025582,0.025654,0.025244
mm_24f10cf3a6fca1,0.016938,0.062843,0.062930,0.064002,0.063651,0.065205,0.065276,0.062909,0.062772,0.063446,0.063016,0.062612,0.063013,0.046722,0.048967,0.049118,0.049096,0.049043,0.035892,0.056505,0.055606,0.055879,0.054788,0.054520
mm_b6b9d8720e19ea,0.016938,0.054571,0.054362,0.055278,0.055047,0.054459,0.042771,0.034881,0.035229,0.036209,0.035707,0.035621,0.035545,0.026106,0.026212,0.026495,0.026369,0.026312,0.026340,0.025280,0.025587,0.025770,0.025888,0.025518
mm_54c805d7791d05,0.016938,0.062274,0.063923,0.064732,0.064424,0.063919,0.047130,0.078408,0.084218,0.085001,0.084691,0.122607,0.144124,0.065950,0.065946,0.066282,0.066134,0.066199,0.043883,0.060030,0.056524,0.056106,0.055056,0.054676
mm_f576030ce1c220,0.016938,0.033872,0.033920,0.035000,0.034506,0.033943,0.034523,0.031888,0.032062,0.032801,0.032477,0.032407,0.032332,0.029404,0.029470,0.029773,0.029607,0.029599,0.029560,0.031580,0.031767,0.031673,0.031455,0.031082
mm_9b67855bbe488e,0.016938,0.082176,0.081499,0.082468,0.082143,0.081596,0.082084,0.077621,0.077758,0.078443,0.077906,0.077769,0.077796,0.031497,0.031740,0.031860,0.031796,0.031684,0.031771,0.030946,0.031004,0.031045,0.031043,0.030757
mm_23c3cd630877ed,0.016938,0.034685,0.034683,0.035630,0.035230,0.034784,0.034969,0.071970,0.072201,0.071908,0.071238,0.071037,0.071281,0.046330,0.046019,0.046257,0.045977,0.045831,0.045873,0.037291,0.037329,0.037474,0.037402,0.036932
mm_0e3f812e4ac8ce,0.016938,0.033203,0.033199,0.033928,0.033633,0.033301,0.033586,0.031423,0.031662,0.032232,0.032023,0.031889,0.032027,0.026864,0.026973,0.027239,0.027076,0.027107,0.027114,0.026148,0.026422,0.026651,0.026753,0.026254
mm_4121d62ec565d2,0.016938,0.061618,0.061405,0.062560,0.062202,0.061858,0.045996,0.068512,0.072662,0.073618,0.073114,0.092999,0.094348,0.035033,0.034937,0.035244,0.034937,0.034944,0.034883,0.030717,0.030820,0.030930,0.031162,0.030702
mm_0175747126b146,0.016938,0.033567,0.033576,0.034273,0.034095,0.033612,0.034021,0.031021,0.031316,0.032041,0.031583,0.031458,0.031456,0.026429,0.026545,0.026878,0.026657,0.026643,0.026749,0.025566,0.025727,0.026164,0.026242,0.025695
mm_a570f0fe9c9cb4,0.016938,0.049156,0.050318,0.051137,0.050579,0.050226,0.042185,0.056156,0.056215,0.057046,0.056617,0.062064,0.068188,0.070876,0.070834,0.070807,0.070697,0.106741,0.143691,0.053540,0.053802,0.053995,0.054100,0.053815
mm_e604447cdd41d0,0.016938,0.032689,0.032632,0.033396,0.033270,0.032830,0.033203,0.030172,0.030413,0.031135,0.030730,0.030739,0.030994,0.026056,0.026176,0.026380,0.026328,0.026238,0.026262,0.025210,0.025612,0.025940,0.025734,0.025620
mm_e013ba85ffcaee,0.016938,0.059207,0.059049,0.059842,0.059667,0.059141,0.045232,0.068971,0.069031,0.069962,0.069434,0.086983,0.086847,0.041111,0.041241,0.041451,0.041355,0.041328,0.032455,0.052742,0.052825,0.052982,0.052113,0.051788
mm_05d0a1d782f6fe,0.016938,0.076024,0.076079,0.076889,0.076568,0.115309,0.133262,0.084699,0.085340,0.086267,0.085712,0.110119,0.114890,0.036290,0.036149,0.036224,0.036067,0.036027,0.036071,0.025731,0.026004,0.026105,0.026251,0.025973
mm_14993df6adc0ab,0.016938,0.068291,0.068205,0.069005,0.068639,0.074766,0.074987,0.062317,0.067565,0.068137,0.067853,0.086560,0.093840,0.065979,0.065864,0.066222,0.066149,0.066125,0.043892,0.058819,0.057665,0.058064,0.057020,0.056635
mm_6b3466465d9bf1,0.016938,0.045315,0.045240,0.046064,0.045666,0.045447,0.041159,0.050997,0.051164,0.052179,0.051649,0.051441,0.043539,0.034364,0.034299,0.034526,0.034126,0.034006,0.034014,0.025809,0.025770,0.026121,0.026106,0.025772
mm_12ba185dd76f32,0.016938,0.074763,0.074511,0.075784,0.075263,0.122779,0.144527,0.066011,0.065906,0.067256,0.066573,0.066356,0.047277,0.064347,0.063804,0.064265,0.064083,0.064005,0.063984,0.047793,0.047853,0.048236,0.048096,0.047752
mm_c391f8ca7150ab,0.016938,0.037154,0.037163,0.037803,0.037760,0.037207,0.037928,0.044739,0.046572,0.047558,0.047263,0.047574,0.047584,0.041825,0.041848,0.042169,0.042057,0.042015,0.032398,0.051027,0.051163,0.050509,0.049799,0.049348
mm_50f39acdf68452,0.016938,0.076013,0.076040,0.077070,0.076860,0.113596,0.130669,0.074540,0.074553,0.075422,0.075019,0.074821,0.050828,0.055754,0.055570,0.055850,0.055718,0.059264,0.058219,0.037142,0.037382,0.037656,0.037874,0.037426
mm_a10d7a28818be3,0.016938,0.062560,0.062350,0.063418,0.062972,0.062486,0.046278,0.058675,0.059419,0.060346,0.059771,0.059588,0.043390,0.035011,0.035007,0.035266,0.035304,0.035168,0.035202,0.025667,0.025833,0.026159,0.026164,0.025969
mm_27c34cff9b930a,0.016938,0.060912,0.061116,0.061730,0.061435,0.061152,0.045429,0.052581,0.052683,0.053697,0.052946,0.052977,0.039584,0.045380,0.045289,0.044978,0.044842,0.045082,0.045007,0.035806,0.035825,0.035557,0.035347,0.035042
mm_707107588fe2bc,0.016938,0.057504,0.057499,0.058555,0.057938,0.057549,0.044183,0.043702,0.043800,0.044509,0.043542,0.043216,0.043545,0.026742,0.026666,0.027029,0.026848,0.026823,0.026772,0.025677,0.025899,0.026237,0.026161,0.025787
mm_b51c003db07590,0.016938,0.032723,0.032778,0.033425,0.033277,0.032869,0.032976,0.030146,0.030396,0.031011,0.030650,0.030623,0.030402,0.025964,0.026056,0.026177,0.026156,0.026130,0.026046,0.025285,0.025478,0.025623,0.025670,0.025428
mm_6eecaf59850ec2,0.016938,0.060752,0.060946,0.061750,0.061423,0.061109,0.045527,0.056490,0.057034,0.057847,0.057218,0.087367,0.093045,0.052117,0.052256,0.052381,0.052334,0.052265,0.037664,0.050807,0.049928,0.050138,0.049279,0.048989
mm_4cf85b53d717d1,0.016938,0.083622,0.084116,0.084928,0.084736,0.084091,0.084530,0.056399,0.060241,0.060842,0.060359,0.072749,0.081055,0.054356,0.058535,0.058861,0.058724,0.058675,0.058661,0.046107,0.046180,0.046308,0.045674,0.045447
mm_75e7321112c940,0.016938,0.045371,0.045611,0.046203,0.045840,0.045535,0.043693,0.057558,0.057578,0.058403,0.057815,0.057708,0.042130,0.049388,0.051962,0.052182,0.052169,0.052028,0.043843,0.039235,0.039255,0.039350,0.038577,0.038362
mm_f0964d7b84b471,0.016938,0.058492,0.059038,0.059953,0.059469,0.059209,0.059483,0.041664,0.042005,0.042740,0.042239,0.041923,0.042218,0.031416,0.031439,0.031610,0.031606,0.031575,0.031546,0.029876,0.030134,0.030295,0.030169,0.029999
mm_461eb439554d05,0.016938,0.037384,0.037365,0.038327,0.038142,0.037484,0.038036,0.032873,0.032819,0.033909,0.033540,0.033272,0.033270,0.060917,0.060474,0.060571,0.060499,0.060470,0.060479,0.039240,0.039401,0.039621,0.039234,0.039025
mm_8c5385a292bc41,0.016938,0.034354,0.034501,0.035221,0.034890,0.034772,0.034741,0.030150,0.030366,0.031524,0.030706,0.030653,0.030711,0.026765,0.026912,0.027111,0.027047,0.026923,0.027100,0.026153,0.026314,0.026596,0.026668,0.026337
mm_91c3db11e4a944,0.016938,0.065808,0.066057,0.066716,0.066425,0.065797,0.048400,0.073199,0.073142,0.074319,0.073538,0.073447,0.050300,0.048150,0.048499,0.048689,0.048664,0.051248,0.052837,0.051606,0.051948,0.052130,0.052134,0.051982
mm_48601d707204d4,0.016938,0.049888,0.050579,0.051338,0.051180,0.050558,0.051076,0.062174,0.066354,0.067106,0.066732,0.066730,0.066556,0.033482,0.033378,0.033568,0.033321,0.033289,0.033279,0.025902,0.026111,0.026446,0.026314,0.026052
mm_4ccb459a171db7,0.016938,0.030927,0.031195,0.031865,0.031845,0.031589,0.031933,0.028892,0.029103,0.029870,0.029735,0.029548,0.029850,0.025628,0.025765,0.025960,0.025999,0.025974,0.025949,0.024805,0.025002,0.025202,0.025322,0.025104
mm_363b79a514a43a,0.016938,0.040778,0.040966,0.041747,0.041361,0.040624,0.041386,0.074674,0.074813,0.075155,0.074684,0.074849,0.074873,0.052687,0.051501,0.051499,0.051106,0.051057,0.051041,0.031187,0.031471,0.031672,0.031361,0.031107
mm_2317b823b26e76,0.016938,0.060608,0.060521,0.061406,0.060991,0.060765,0.045142,0.067705,0.068012,0.068900,0.068434,0.068227,0.047399,0.032191,0.032338,0.032505,0.032422,0.032373,0.032382,0.025808,0.026311,0.026512,0.026362,0.026271
mm_3a8e6a77557621,0.016938,0.038723,0.038422,0.039706,0.039131,0.038718,0.038934,0.035590,0.035635,0.036610,0.035933,0.035670,0.035810,0.026882,0.026968,0.027140,0.027108,0.027004,0.027136,0.025507,0.025814,0.026083,0.025951,0.025736
mm_0219031747c3e7,0.016938,0.061407,0.061337,0.062159,0.061840,0.061645,0.045366,0.042104,0.040702,0.041199,0.040325,0.040181,0.040261,0.043411,0.044151,0.044360,0.044318,0.047632,0.047940,0.050065,0.050340,0.050498,0.050541,0.050359
mm_1a45548d7fbb76,0.016938,0.062895,0.063306,0.064113,0.063929,0.063326,0.046667,0.075980,0.076018,0.076853,0.076314,0.076366,0.050879,0.048055,0.048133,0.048347,0.048244,0.048818,0.049021,0.042761,0.042716,0.042482,0.042175,0.041854
mm_e76e2faadc0c3a,0.016938,0.115291,0.114466,0.115328,0.114892,0.114603,0.115200,0.084725,0.084133,0.083665,0.083131,0.082878,0.083044,0.085331,0.084828,0.085643,0.085556,0.085482,0.085556,0.042022,0.042012,0.042394,0.042042,0.041708
mm_42e2e2200c6a0f,0.016938,0.066170,0.071130,0.071775,0.071466,0.070862,0.071456,0.065276,0.070348,0.071202,0.070287,0.070512,0.070293,0.069236,0.068886,0.068947,0.068760,0.068741,0.068760,0.054821,0.054268,0.054540,0.053961,0.053692
mm_6673e56f52db59,0.016938,0.049229,0.049015,0.050039,0.049648,0.049064,0.051404,0.064747,0.064860,0.065786,0.065216,0.064809,0.065194,0.100944,0.100962,0.100745,0.100760,0.100629,0.100758,0.043154,0.043385,0.043734,0.043822,0.043487
mm_17c7a67ca86f59,0.016938,0.050997,0.054151,0.055016,0.054850,0.054817,0.054888,0.047661,0.047688,0.048812,0.048112,0.047987,0.047710,0.031439,0.031417,0.031687,0.031270,0.031267,0.031187,0.029041,0.029101,0.029505,0.029430,0.029041
mm_5d517d74ccfb9a,0.016938,0.067560,0.067474,0.068469,0.068122,0.074127,0.074390,0.046157,0.046026,0.047029,0.046213,0.045926,0.046114,0.069157,0.068684,0.068721,0.068644,0.068525,0.069699,0.059033,0.055514,0.055877,0.055245,0.054936
mm_f92846329e3e69,0.016938,0.032879,0.032737,0.033685,0.033618,0.033070,0.033410,0.030025,0.030195,0.031217,0.030700,0.030686,0.030684,0.026261,0.026342,0.026547,0.026439,0.026445,0.026531,0.025298,0.025726,0.025744,0.025906,0.025609
mm_0f353d3605c164,0.016938,0.033868,0.034121,0.034612,0.034423,0.034130,0.034351,0.031428,0.031244,0.031861,0.031784,0.031603,0.031446,0.026426,0.026472,0.026729,0.026602,0.026635,0.026622,0.025500,0.025749,0.026001,0.025920,0.025597
mm_6eedf9761ca79c,0.016938,0.088223,0.087601,0.088445,0.088013,0.087732,0.089082,0.088713,0.088392,0.089011,0.088411,0.088405,0.088321,0.048807,0.048905,0.049418,0.049310,0.053984,0.056014,0.050222,0.049849,0.049942,0.049243,0.048917
mm_7bc814f88075f4,0.016938,0.033748,0.033872,0.034711,0.034351,0.033979,0.034276,0.031530,0.031336,0.032308,0.031936,0.031605,0.031616,0.026400,0.026492,0.026660,0.026554,0.026638,0.026545,0.025436,0.025519,0.025918,0.025780,0.025500
mm_0a99c0377897fe,0.016938,0.036479,0.036368,0.036935,0.036813,0.036398,0.036830,0.034371,0.034553,0.035089,0.034707,0.034814,0.034693,0.029842,0.029907,0.030006,0.030063,0.030007,0.029898,0.029468,0.029566,0.029841,0.029888,0.029664
mm_3d71f5565438de,0.016938,0.033248,0.033436,0.034045,0.033998,0.033446,0.033939,0.033283,0.034074,0.034682,0.034343,0.034174,0.034233,0.026735,0.026895,0.027120,0.026967,0.026982,0.026952,0.025496,0.025662,0.025784,0.025803,0.025608
mm_1c69f379e5abaa,0.016938,0.057910,0.057847,0.058657,0.058242,0.058023,0.044290,0.059719,0.059952,0.061002,0.060385,0.060101,0.043506,0.071207,0.071326,0.071526,0.071500,0.077065,0.076768,0.045492,0.045645,0.045898,0.045617,0.045321
mm_74cbf4d295c506,0.016938,0.063986,0.063865,0.064739,0.064327,0.064120,0.046953,0.070948,0.071223,0.072353,0.071572,0.071504,0.048926,0.065539,0.065643,0.065837,0.065778,0.065696,0.043808,0.059169,0.058142,0.057502,0.056429,0.056276
mm_c3cce5533b531b,0.016938,0.092889,0.092312,0.093184,0.092737,0.092559,0.093042,0.116442,0.115757,0.116452,0.115774,0.115512,0.115849,0.060241,0.059896,0.060151,0.059904,0.059860,0.059870,0.053283,0.052871,0.052902,0.052107,0.051667
mm_51464d48ac505f,0.016938,0.077850,0.077467,0.078195,0.078008,0.077383,0.078188,0.065565,0.070355,0.071156,0.070485,0.070659,0.070673,0.041185,0.040710,0.040798,0.040340,0.040163,0.040233,0.031722,0.031659,0.032086,0.031818,0.031555
mm_0fa87e3f5cccd5,0.016938,0.092807,0.091935,0.093315,0.092728,0.092195,0.092638,0.036062,0.036255,0.037042,0.036492,0.036516,0.036318,0.030251,0.030294,0.030456,0.030247,0.030244,0.030218,0.034675,0.034986,0.035149,0.035251,0.034894
mm_e60989bde77d4a,0.016938,0.077001,0.076348,0.077347,0.077025,0.076441,0.077176,0.068434,0.068638,0.069395,0.068853,0.068703,0.068682,0.033376,0.033307,0.033370,0.033417,0.033241,0.033341,0.026027,0.025947,0.026451,0.026314,0.026164
mm_02af9f1b5d9375,0.016938,0.033934,0.034072,0.034890,0.034453,0.033831,0.034330,0.075422,0.075693,0.076441,0.075718,0.075657,0.075670,0.032578,0.032722,0.032788,0.032749,0.032582,0.032713,0.026060,0.026503,0.026808,0.026505,0.026329
mm_4378576b6d5b94,0.016938,0.033088,0.032855,0.033726,0.033600,0.033006,0.033401,0.030489,0.030708,0.031587,0.031216,0.030879,0.030909,0.026276,0.026346,0.026531,0.026494,0.026347,0.026486,0.025458,0.025658,0.025814,0.025794,0.025634
mm_19e7e4c2667bfb,0.016938,0.066566,0.066560,0.067350,0.067084,0.071661,0.071927,0.048531,0.051877,0.052598,0.051976,0.051981,0.040295,0.052495,0.052613,0.052869,0.052658,0.074875,0.084424,0.061234,0.057869,0.057344,0.056530,0.056204
mm_45c2de7ddbfee3,0.016938,0.053370,0.053167,0.054134,0.053758,0.053205,0.048148,0.055674,0.060089,0.061293,0.060627,0.064374,0.064347,0.052513,0.052574,0.052846,0.052744,0.052649,0.037444,0.052918,0.052079,0.052268,0.051681,0.051432
mm_d9f53b9d43110a,0.016938,0.063809,0.063459,0.064780,0.064187,0.063727,0.047514,0.070252,0.070298,0.071395,0.070816,0.070378,0.070721,0.068874,0.068842,0.068743,0.068747,0.068630,0.068666,0.048034,0.048259,0.048480,0.048377,0.048152
mm_f21e283cd71711,0.016938,0.032419,0.032392,0.033188,0.032851,0.032618,0.032778,0.029741,0.030001,0.030932,0.030355,0.030283,0.030466,0.028235,0.028399,0.028545,0.028499,0.028448,0.028550,0.029725,0.029891,0.030008,0.030109,0.029872
mm_b43fd4ce5d8663,0.016938,0.073344,0.072683,0.073927,0.073407,0.072885,0.073492,0.076424,0.075834,0.076963,0.076250,0.075973,0.076021,0.064523,0.064009,0.064247,0.064063,0.063912,0.064286,0.050510,0.050642,0.051140,0.051086,0.050565
mm_f31531697355bf,0.016938,0.045722,0.048115,0.048987,0.048828,0.048120,0.048692,0.041165,0.043299,0.044154,0.043448,0.043351,0.043426,0.059655,0.064250,0.064437,0.064313,0.064273,0.064322,0.046663,0.046092,0.046393,0.045639,0.045497
mm_0056457f20c75a,0.016938,0.033179,0.033525,0.034074,0.033759,0.033228,0.033605,0.030522,0.030795,0.031723,0.030939,0.030952,0.031046,0.026283,0.026421,0.026665,0.026543,0.026485,0.026463,0.025293,0.025576,0.025783,0.025747,0.025389
mm_5aab9c0ccd601e,0.016938,0.095498,0.094826,0.096521,0.096332,0.095766,0.096686,0.044276,0.046698,0.047528,0.047023,0.046489,0.046901,0.057686,0.062992,0.063227,0.063080,0.063089,0.063039,0.051278,0.050734,0.051018,0.050445,0.050247
mm_c0b61579989fdb,0.016938,0.033551,0.033592,0.034337,0.034134,0.033604,0.033854,0.033008,0.033026,0.034043,0.033458,0.033494,0.033346,0.028338,0.028253,0.028531,0.028352,0.028251,0.028231,0.025345,0.025559,0.025752,0.025781,0.025629
mm_262399a8318aed,0.016938,0.033899,0.033809,0.034925,0.034728,0.034108,0.034355,0.057058,0.057621,0.058614,0.058090,0.057955,0.042485,0.067543,0.068084,0.068327,0.068334,0.068215,0.068236,0.042366,0.042375,0.042491,0.042421,0.041965
mm_d2edbd87b5739c,0.016938,0.039327,0.039175,0.040014,0.039668,0.039081,0.039736,0.121115,0.132380,0.134392,0.133933,0.133859,0.133861,0.058457,0.060112,0.060110,0.060034,0.059953,0.059957,0.050297,0.049779,0.049931,0.049128,0.048946
mm_3c6f75f0177bf6,0.016938,0.036317,0.036203,0.037228,0.037207,0.036510,0.036778,0.032253,0.032421,0.033302,0.032846,0.032753,0.032776,0.026325,0.026351,0.026634,0.026690,0.026485,0.026519,0.025469,0.025507,0.025844,0.025902,0.025580
mm_93dd200750e02d,0.016938,0.104211,0.103317,0.105396,0.104939,0.104380,0.107378,0.042619,0.042889,0.043349,0.042758,0.042401,0.043139,0.049209,0.053689,0.053900,0.053829,0.053707,0.053969,0.049297,0.049465,0.049652,0.049342,0.049126
mm_e528fe7f9780d8,0.016938,0.055086,0.057315,0.058193,0.057958,0.057590,0.044807,0.057640,0.057601,0.058686,0.058153,0.057989,0.042232,0.071523,0.072136,0.072369,0.072299,0.072292,0.074091,0.050397,0.049904,0.049820,0.049574,0.049156
mm_718991e0188b13,0.016938,0.083535,0.087845,0.088561,0.088110,0.087941,0.087951,0.061760,0.060564,0.061376,0.060287,0.060079,0.060151,0.058724,0.058856,0.058045,0.057950,0.057822,0.057912,0.045168,0.045085,0.045355,0.044738,0.044428
mm_33450b7d4c8ac4,0.016938,0.054738,0.054646,0.055485,0.055229,0.055063,0.042336,0.038093,0.037916,0.038548,0.037738,0.037730,0.037691,0.027889,0.028048,0.028204,0.028199,0.028112,0.028165,0.025465,0.025613,0.025768,0.025955,0.025744
mm_f32e3cb985ec66,0.016938,0.084109,0.084326,0.085162,0.084987,0.084549,0.084621,0.036447,0.036896,0.037209,0.037030,0.036722,0.036932,0.028925,0.029040,0.029147,0.029093,0.029092,0.028931,0.030553,0.030605,0.030927,0.030569,0.030423
mm_0ca8f720cd9001,0.016938,0.035246,0.035468,0.036115,0.035785,0.035193,0.035892,0.031304,0.031833,0.032434,0.032087,0.031857,0.032126,0.032337,0.033299,0.033421,0.033345,0.033342,0.033393,0.027551,0.028048,0.028210,0.028069,0.027770
mm_57b56c9f51f8ad,0.016938,0.038253,0.037891,0.039230,0.038672,0.038103,0.038713,0.061809,0.064984,0.066298,0.065516,0.065183,0.065205,0.033979,0.033902,0.033966,0.033610,0.033502,0.033549,0.025920,0.025996,0.026215,0.026241,0.025942
mm_6483ba32e73e55,0.016938,0.063348,0.063386,0.064124,0.063810,0.063104,0.047080,0.041204,0.041406,0.042222,0.041646,0.041507,0.041697,0.046302,0.050316,0.050609,0.050508,0.053699,0.053765,0.044322,0.044592,0.044799,0.044795,0.044582
mm_d9f69a5f264bf6,0.016938,0.048559,0.049417,0.050410,0.049997,0.049514,0.049604,0.081816,0.081717,0.082337,0.081785,0.081685,0.082068,0.038968,0.038835,0.038898,0.038485,0.038391,0.038472,0.036326,0.035994,0.036467,0.036173,0.035942
mm_c631d1bcf87f77,0.016938,0.033806,0.033490,0.034360,0.034107,0.033609,0.033889,0.030741,0.030735,0.031586,0.031123,0.031118,0.031151,0.026162,0.026222,0.026513,0.026373,0.026284,0.026513,0.025553,0.025734,0.026228,0.026096,0.025683
mm_5b0611a8999059,0.016938,0.048399,0.048315,0.049164,0.048741,0.048446,0.048398,0.071879,0.071682,0.072357,0.071872,0.071669,0.071778,0.075166,0.077492,0.078235,0.078083,0.078018,0.078008,0.051397,0.051119,0.050962,0.050268,0.049984
mm_b8dac16901a732,0.016938,0.035182,0.035036,0.035901,0.035612,0.035177,0.035393,0.031080,0.031332,0.031939,0.031537,0.031258,0.031441,0.079855,0.079426,0.079277,0.079211,0.079230,0.079217,0.047038,0.046648,0.046664,0.045978,0.045742
mm_79357d88a1708a,0.016938,0.074284,0.074532,0.075554,0.075228,0.074632,0.076981,0.073730,0.073723,0.074137,0.073874,0.073492,0.073930,0.043760,0.045697,0.045847,0.045769,0.045621,0.034141,0.050839,0.051086,0.051467,0.050609,0.050483
mm_be8e28c26e9727,0.016938,0.050725,0.050811,0.051656,0.051303,0.050681,0.051187,0.034098,0.034306,0.035146,0.034444,0.034300,0.034426,0.028636,0.028677,0.028885,0.028837,0.028755,0.028769,0.030180,0.030352,0.030332,0.030556,0.030107
mm_5efb1bf0866150,0.016938,0.060486,0.063140,0.064012,0.063548,0.063093,0.047212,0.074374,0.074666,0.075545,0.074820,0.074778,0.050920,0.065154,0.065203,0.065311,0.065244,0.068263,0.079078,0.050648,0.050976,0.050985,0.051025,0.050814
mm_f49c4ed964bc19,0.016938,0.032161,0.032614,0.033163,0.033008,0.032478,0.032910,0.043079,0.043319,0.044465,0.043714,0.043834,0.043810,0.028726,0.028805,0.028989,0.028888,0.028818,0.028791,0.025248,0.025437,0.025595,0.025672,0.025443
mm_3c49069332fd87,0.016938,0.033047,0.032994,0.033938,0.033705,0.033082,0.033436,0.030405,0.030541,0.031059,0.030899,0.030657,0.030979,0.025843,0.025996,0.026279,0.026190,0.026157,0.026092,0.025094,0.025361,0.025598,0.025614,0.025283
mm_394ae6295c437c,0.016938,0.064701,0.064376,0.065386,0.065089,0.064720,0.047693,0.087492,0.087719,0.088642,0.088073,0.121342,0.141490,0.056090,0.057626,0.057869,0.057736,0.057738,0.040231,0.056031,0.055137,0.055206,0.055325,0.055072
mm_e436469b673ef0,0.016938,0.057760,0.061481,0.062429,0.062263,0.061554,0.046285,0.039398,0.039618,0.040559,0.040021,0.039854,0.040108,0.041046,0.042493,0.042798,0.042693,0.042580,0.033633,0.046725,0.046948,0.047277,0.047356,0.047003
mm_959f49e1747a2e,0.016938,0.064235,0.064655,0.065381,0.065235,0.064744,0.047700,0.075549,0.076350,0.077143,0.076772,0.076593,0.051125,0.071845,0.071317,0.071584,0.071511,0.071413,0.073321,0.053862,0.053794,0.054170,0.053778,0.053342
mm_5c7e45317c90c0,0.016938,0.033395,0.033634,0.034601,0.033959,0.033531,0.034001,0.030391,0.030755,0.031458,0.031086,0.030722,0.031192,0.030503,0.030466,0.030625,0.030566,0.030537,0.030455,0.028395,0.028715,0.028646,0.028811,0.028413
mm_d55ef7fbe7018d,0.016938,0.044681,0.044900,0.045675,0.045292,0.044909,0.045684,0.067698,0.073413,0.073941,0.073702,0.073612,0.073625,0.068376,0.067929,0.066819,0.066746,0.066784,0.066718,0.052322,0.051894,0.051967,0.051222,0.050906
mm_d75d1a577e2859,0.016938,0.071831,0.072018,0.073070,0.072725,0.072121,0.072260,0.082606,0.082068,0.082776,0.082342,0.081989,0.082261,0.056617,0.056572,0.056649,0.056622,0.056478,0.057581,0.053870,0.053808,0.053934,0.053316,0.052859
mm_f60f84f0b0cdda,0.016938,0.032949,0.033004,0.033730,0.033492,0.033009,0.033448,0.030403,0.030730,0.031560,0.031015,0.030877,0.031045,0.026063,0.026188,0.026388,0.026294,0.026233,0.026290,0.025280,0.025638,0.025893,0.025856,0.025635
mm_5c3fd047595d48,0.016938,0.061384,0.061820,0.062447,0.062416,0.062062,0.046000,0.057253,0.058414,0.059141,0.058827,0.058784,0.049871,0.049130,0.051850,0.052038,0.051949,0.051897,0.051880,0.049049,0.049331,0.049700,0.049124,0.049003
mm_c9cabd8e6fdf83,0.016938,0.070744,0.075849,0.076522,0.076357,0.075620,0.076377,0.063109,0.067649,0.068341,0.067909,0.067880,0.067974,0.033634,0.033835,0.034002,0.033855,0.033843,0.033797,0.031118,0.031129,0.031459,0.031193,0.031045
mm_a1545385286cf3,0.016938,0.038094,0.038268,0.039059,0.038796,0.038210,0.038688,0.036218,0.036023,0.037174,0.036461,0.036181,0.036395,0.028915,0.028956,0.029163,0.029110,0.029065,0.029086,0.029957,0.030217,0.030337,0.030466,0.030213
mm_4259cf4a00ed70,0.016938,0.048535,0.048289,0.049231,0.048837,0.048159,0.049692,0.069719,0.074175,0.074940,0.074450,0.074317,0.074292,0.055062,0.056866,0.056892,0.056762,0.056769,0.056681,0.050273,0.049804,0.049796,0.049099,0.048839
mm_2cec252413a776,0.016938,0.111023,0.114878,0.115523,0.115312,0.115070,0.113608,0.043673,0.043783,0.044567,0.044086,0.043859,0.044326,0.039235,0.039319,0.039491,0.039505,0.039590,0.039983,0.048025,0.048316,0.048503,0.048539,0.048380
mm_eb471fb78da1bd,0.016938,0.036386,0.036378,0.037062,0.036974,0.036206,0.037035,0.032550,0.032598,0.033553,0.033139,0.032787,0.033008,0.026536,0.026604,0.026825,0.026749,0.026703,0.026590,0.025565,0.025834,0.026154,0.026041,0.025770
mm_cb1ebf1fae3084,0.016938,0.040974,0.041423,0.042243,0.042188,0.041513,0.042048,0.033460,0.033593,0.034431,0.034016,0.034032,0.033937,0.039477,0.039649,0.039827,0.039769,0.039782,0.035802,0.048195,0.048296,0.048572,0.047684,0.047411
mm_14e942921fe778,0.016938,0.073716,0.079051,0.079801,0.079413,0.079121,0.079268,0.083282,0.089973,0.090735,0.090150,0.093171,0.093268,0.038680,0.038554,0.038655,0.038646,0.038787,0.038778,0.045501,0.045812,0.045754,0.045899,0.045526
mm_54a621dd5d1091,0.016938,0.036982,0.037216,0.037843,0.037765,0.037251,0.037455,0.034487,0.034462,0.035345,0.034942,0.034722,0.034661,0.027612,0.027680,0.027894,0.027833,0.027751,0.027756,0.025587,0.025850,0.026017,0.026053,0.025744
mm_da0f502618be50,0.016938,0.100051,0.099164,0.101216,0.100723,0.100242,0.100764,0.050529,0.053276,0.054281,0.053619,0.060727,0.063332,0.062505,0.062527,0.062567,0.062434,0.062443,0.062496,0.046717,0.046965,0.047283,0.047383,0.047066
mm_f1f85e511bf9d3,0.016938,0.047655,0.047569,0.048417,0.048087,0.047585,0.048437,0.129388,0.133274,0.135664,0.134904,0.134748,0.134732,0.047242,0.047394,0.047776,0.047720,0.052128,0.054772,0.050779,0.050146,0.050338,0.049481,0.049314
mm_724e12c380a55d,0.016938,0.033066,0.033379,0.033975,0.033688,0.033207,0.033494,0.030514,0.030895,0.032004,0.031007,0.031191,0.030963,0.026228,0.026391,0.026479,0.026443,0.026384,0.026412,0.025482,0.025616,0.025760,0.025775,0.025528
mm_b053b378f42d9b,0.016938,0.062144,0.066528,0.067332,0.066900,0.066265,0.066762,0.034533,0.034803,0.035774,0.034841,0.035038,0.034669,0.087341,0.086757,0.087812,0.087747,0.087689,0.087675,0.050645,0.050282,0.050347,0.049632,0.049299
mm_cb8f067893a1e2,0.016938,0.087782,0.087287,0.088184,0.087911,0.087456,0.089936,0.070864,0.070811,0.072141,0.071114,0.071143,0.049375,0.066284,0.066393,0.066586,0.066511,0.066470,0.044112,0.037877,0.037881,0.038127,0.037965,0.037694
mm_de3a3d61ea734c,0.016938,0.067747,0.072596,0.073727,0.073428,0.072621,0.073390,0.061557,0.061730,0.062488,0.063346,0.064885,0.065221,0.038920,0.038992,0.039045,0.039013,0.039069,0.038218,0.033819,0.033873,0.034182,0.034033,0.033785
mm_c439119c1f5bcf,0.016938,0.056801,0.060597,0.061409,0.061014,0.060629,0.045687,0.059192,0.059170,0.059970,0.059546,0.059469,0.043258,0.063029,0.063080,0.063330,0.063235,0.063217,0.042710,0.052822,0.052026,0.052232,0.051983,0.051727
mm_f80282ecd49366,0.016938,0.063348,0.063434,0.064267,0.063978,0.063569,0.047064,0.073478,0.073476,0.074686,0.073960,0.073961,0.050060,0.067821,0.069204,0.069442,0.069350,0.092204,0.094631,0.051950,0.052090,0.052141,0.052267,0.052010
mm_afd2ffc3525aa6,0.016938,0.032840,0.032706,0.033684,0.033429,0.032903,0.033585,0.029631,0.030054,0.031037,0.030576,0.030557,0.030456,0.041571,0.041642,0.041928,0.041785,0.041795,0.032963,0.050736,0.050667,0.050155,0.049250,0.048906
mm_e9d7ab54233a06,0.016938,0.036169,0.036109,0.036941,0.036628,0.036147,0.036489,0.032915,0.032971,0.033780,0.033400,0.033257,0.033138,0.029776,0.029889,0.030003,0.029970,0.029886,0.029931,0.034855,0.034969,0.035251,0.035115,0.034698
mm_e372ed218facc8,0.016938,0.071990,0.071930,0.072683,0.072360,0.072028,0.072437,0.065485,0.065541,0.066263,0.065690,0.065736,0.065787,0.042456,0.042629,0.042708,0.042708,0.042691,0.032745,0.054371,0.053477,0.053594,0.052676,0.052450
mm_d1aa10ef2583fe,0.016938,0.057450,0.061361,0.062217,0.061848,0.061494,0.046028,0.070296,0.069803,0.070621,0.070238,0.070184,0.074181,0.051159,0.051232,0.051404,0.051375,0.051414,0.037389,0.054568,0.053610,0.053930,0.052907,0.052660
mm_1a8818fb030cb9,0.016938,0.041094,0.040797,0.041592,0.041296,0.040943,0.041049,0.037045,0.037958,0.038483,0.038088,0.037983,0.037531,0.061782,0.061699,0.062059,0.061945,0.082324,0.086006,0.054204,0.054214,0.054505,0.054203,0.053889
mm_1c0f2c1eb1b142,0.016938,0.074968,0.074316,0.075524,0.075051,0.074550,0.078959,0.042839,0.042297,0.043412,0.042294,0.042324,0.042096,0.037448,0.037473,0.037649,0.037538,0.037505,0.037456,0.049300,0.048944,0.049009,0.048336,0.048007
mm_d2b961203742b6,0.016938,0.062449,0.062214,0.063772,0.063341,0.071005,0.074734,0.111019,0.111390,0.111896,0.111387,0.111064,0.111714,0.060197,0.059748,0.059947,0.059840,0.059736,0.059743,0.049430,0.049510,0.049858,0.049451,0.049096
mm_56ccec4edfeedf,0.016938,0.061279,0.061443,0.062142,0.061820,0.061434,0.045828,0.049872,0.052148,0.052712,0.052298,0.052448,0.040044,0.053460,0.053473,0.053683,0.053607,0.053687,0.038301,0.056538,0.056132,0.055618,0.054667,0.054310
mm_f65c0542a188d2,0.016938,0.109284,0.110214,0.111987,0.111675,0.111093,0.111766,0.059590,0.061352,0.062188,0.061679,0.061341,0.061441,0.063641,0.063742,0.063778,0.063561,0.063644,0.063569,0.054670,0.054167,0.054133,0.053446,0.053073
mm_004c492bac69f7,0.016938,0.042538,0.042133,0.043547,0.042956,0.042564,0.042805,0.063541,0.063711,0.064474,0.063836,0.086628,0.109301,0.072614,0.072179,0.072230,0.072099,0.072039,0.072099,0.054721,0.054476,0.054399,0.053974,0.053596
mm_874e6e46088466,0.016938,0.031632,0.031557,0.032461,0.032424,0.032038,0.032074,0.028901,0.029226,0.029826,0.029658,0.029489,0.029673,0.025916,0.025900,0.026119,0.026199,0.026136,0.026112,0.024759,0.025002,0.025107,0.025338,0.025053
mm_c4a1b05cf908c9,0.016938,0.071769,0.075742,0.076575,0.076541,0.076287,0.076736,0.033879,0.034401,0.035285,0.035053,0.034791,0.034937,0.037873,0.037965,0.038224,0.038165,0.038215,0.033753,0.040136,0.040476,0.040477,0.040680,0.040270
mm_4b76cbbed646a5,0.016938,0.083692,0.083920,0.084881,0.084742,0.084157,0.084348,0.046649,0.048415,0.049194,0.048858,0.051906,0.051982,0.054059,0.058690,0.058960,0.058904,0.058730,0.059067,0.042434,0.042588,0.042892,0.042923,0.042556
mm_889be1a8467d7c,0.016938,0.033585,0.033699,0.034359,0.034241,0.033706,0.034111,0.031177,0.030870,0.032178,0.031521,0.031500,0.031360,0.026495,0.026549,0.026820,0.026737,0.026632,0.026677,0.025684,0.025633,0.026266,0.026021,0.025782
mm_6e96c9bbff75c6,0.016938,0.033367,0.033358,0.034194,0.033959,0.033348,0.033978,0.033044,0.033316,0.034122,0.033811,0.033540,0.033839,0.028041,0.028109,0.028418,0.028382,0.028260,0.028283,0.025524,0.025739,0.026021,0.026012,0.025804
mm_ba5168736ae365,0.016938,0.059884,0.059764,0.060822,0.060414,0.059996,0.045800,0.084789,0.085588,0.086556,0.085875,0.085598,0.090966,0.036200,0.036351,0.036539,0.036489,0.036383,0.036456,0.032438,0.032740,0.032941,0.032995,0.032736
mm_873bfaa5e33227,0.016938,0.035033,0.035146,0.035937,0.035546,0.035294,0.035524,0.034368,0.034636,0.035466,0.035012,0.034802,0.035040,0.049345,0.049647,0.049873,0.049800,0.049797,0.035928,0.049118,0.049192,0.049151,0.049422,0.048978
mm_53d90f447cd9d3,0.016938,0.072365,0.071584,0.072852,0.072676,0.072468,0.072875,0.036916,0.037021,0.038162,0.038010,0.037697,0.037934,0.035609,0.036902,0.037201,0.037234,0.037144,0.037164,0.037625,0.038038,0.038082,0.038287,0.038099
mm_24cb110082db34,0.016938,0.042486,0.042388,0.043058,0.043165,0.042675,0.043262,0.032793,0.033132,0.033929,0.033453,0.033639,0.033300,0.030136,0.030075,0.030292,0.030297,0.030187,0.030192,0.033772,0.034184,0.034299,0.034387,0.034118
mm_0bd9e30faf22b2,0.016938,0.033366,0.033706,0.034346,0.034230,0.034015,0.034078,0.030720,0.031082,0.031632,0.031378,0.031439,0.031251,0.028530,0.028554,0.028699,0.028734,0.028716,0.028663,0.030045,0.030259,0.030465,0.030501,0.030289
mm_c47c59dcb38408,0.016938,0.046105,0.045956,0.046896,0.046414,0.046054,0.046497,0.114187,0.121529,0.122350,0.125000,0.129317,0.129647,0.057640,0.057587,0.057635,0.057580,0.057499,0.057686,0.053306,0.052655,0.052749,0.051963,0.051618
mm_dfc1419ed394b1,0.016938,0.057707,0.057731,0.058558,0.058187,0.058096,0.044793,0.037754,0.037523,0.038503,0.037441,0.037531,0.037602,0.050903,0.051010,0.051243,0.051135,0.051153,0.036521,0.054981,0.054103,0.053751,0.052763,0.052459
mm_12689ad76b5d7b,0.016938,0.033290,0.033327,0.034375,0.033939,0.033421,0.033903,0.035427,0.035685,0.036329,0.035845,0.035798,0.035908,0.028618,0.028657,0.028820,0.028772,0.028670,0.028866,0.025562,0.025681,0.026078,0.026045,0.025717
mm_a0760a714ddf40,0.016938,0.135307,0.134215,0.136659,0.136316,0.135823,0.136089,0.040850,0.040181,0.041505,0.040548,0.040338,0.040202,0.058881,0.058941,0.059189,0.059103,0.059035,0.059066,0.049170,0.049241,0.049323,0.049524,0.049174
mm_91a680a80d5605,0.016938,0.063900,0.063700,0.064949,0.064467,0.064010,0.047221,0.087400,0.087328,0.088662,0.088028,0.130777,0.177125,0.061901,0.061739,0.062170,0.062059,0.062000,0.041833,0.055841,0.055838,0.055411,0.054432,0.054136
mm_d17eb50dac3a1f,0.016938,0.072661,0.072914,0.073887,0.073625,0.072861,0.073405,0.056710,0.060037,0.060765,0.060390,0.060132,0.060050,0.036222,0.036218,0.036369,0.036297,0.036175,0.036601,0.046805,0.047158,0.047404,0.047394,0.047152
mm_47747992595f9e,0.016938,0.085914,0.085151,0.086287,0.085824,0.085448,0.085699,0.034901,0.035037,0.036142,0.035264,0.035083,0.034991,0.031068,0.031163,0.031292,0.031223,0.031095,0.031239,0.031286,0.031486,0.031656,0.031593,0.031415
mm_bac054716426d3,0.016938,0.038156,0.037894,0.039001,0.038583,0.038057,0.038376,0.050586,0.051038,0.052020,0.051209,0.051392,0.051479,0.064971,0.064705,0.064923,0.064804,0.064699,0.065041,0.050206,0.049912,0.049791,0.049101,0.048781
mm_956de438f39c7e,0.016938,0.038925,0.038529,0.039825,0.039287,0.038843,0.039392,0.065780,0.070702,0.071887,0.071494,0.071100,0.071178,0.032433,0.032337,0.032552,0.032302,0.032224,0.032309,0.025976,0.026141,0.026417,0.026424,0.026145
mm_923f01d27341ec,0.016938,0.061190,0.061445,0.062176,0.062232,0.061845,0.045961,0.036346,0.036679,0.037523,0.037135,0.037151,0.037185,0.028722,0.028791,0.029006,0.029012,0.028870,0.028906,0.029281,0.029629,0.030035,0.029838,0.029746
mm_db38be21237b5b,0.016938,0.054272,0.056748,0.057372,0.057140,0.056700,0.044024,0.051822,0.052036,0.053165,0.052506,0.052408,0.040166,0.053769,0.053655,0.054041,0.053927,0.053864,0.038926,0.054443,0.054488,0.054059,0.053070,0.052775
mm_0cd5e2f4a58c31,0.016938,0.037179,0.037225,0.038184,0.037727,0.037441,0.037630,0.032968,0.033267,0.033939,0.033480,0.033368,0.033492,0.043148,0.043275,0.043414,0.043356,0.052347,0.052284,0.047239,0.047342,0.047521,0.047300,0.046974
mm_d03a4f94081c45,0.016938,0.056796,0.056691,0.057516,0.057377,0.057159,0.043441,0.037520,0.036353,0.037021,0.036410,0.036400,0.036288,0.025823,0.025936,0.026168,0.026153,0.026086,0.026175,0.025046,0.025510,0.025716,0.025747,0.025409
mm_395dd2e939748f,0.016938,0.032365,0.032574,0.033205,0.033051,0.032571,0.033057,0.030115,0.030233,0.030936,0.030535,0.030527,0.030345,0.025907,0.025971,0.026117,0.026100,0.026080,0.026012,0.025275,0.025418,0.025613,0.025658,0.025447
mm_f52fcedebe706b,0.016938,0.046751,0.046489,0.047245,0.047147,0.046753,0.047119,0.056144,0.056399,0.057128,0.056557,0.056755,0.041705,0.055748,0.060347,0.060507,0.060418,0.060439,0.041931,0.055902,0.055331,0.054809,0.053806,0.053573
mm_ec56012a4c8e21,0.016938,0.033402,0.033298,0.033945,0.033879,0.033644,0.033621,0.031173,0.031569,0.032170,0.031867,0.031673,0.031739,0.026580,0.026588,0.026744,0.026782,0.026748,0.026650,0.025381,0.025596,0.025992,0.026011,0.025703
mm_e305829258d114,0.016938,0.033359,0.033567,0.034188,0.034049,0.033596,0.033747,0.033644,0.033754,0.034512,0.034228,0.034067,0.033939,0.028696,0.028705,0.028935,0.028933,0.028810,0.028773,0.025433,0.025628,0.025711,0.025791,0.025444
mm_b1de4d69a94e41,0.016938,0.034014,0.033956,0.034823,0.034564,0.033886,0.034160,0.073873,0.073305,0.074029,0.073390,0.073359,0.073238,0.034147,0.033935,0.034145,0.033861,0.033721,0.033793,0.035291,0.035474,0.035810,0.035624,0.035237
mm_5df4ae49c1bd05,0.016938,0.057850,0.057534,0.058804,0.058413,0.058080,0.044247,0.065445,0.065604,0.066619,0.066243,0.066017,0.069567,0.044943,0.047057,0.047270,0.047317,0.047230,0.047338,0.045069,0.045239,0.045547,0.045535,0.045255
mm_c354ee3a5e7a65,0.016938,0.038997,0.039252,0.039749,0.039680,0.039165,0.039565,0.034032,0.034137,0.034767,0.034253,0.034318,0.034093,0.030798,0.031167,0.031248,0.031249,0.031244,0.031256,0.036373,0.036499,0.036567,0.036674,0.036504
mm_925b99589eef6b,0.016938,0.083238,0.083982,0.084799,0.084446,0.083833,0.084345,0.080338,0.079829,0.080664,0.080140,0.079975,0.080319,0.056573,0.058011,0.058127,0.058034,0.057907,0.058129,0.054380,0.054345,0.054586,0.053838,0.053536
mm_235df6ad05d536,0.016938,0.075690,0.076014,0.076612,0.076356,0.076160,0.076275,0.035583,0.035484,0.036337,0.035733,0.035594,0.035748,0.040943,0.041094,0.041332,0.041256,0.041201,0.041159,0.025327,0.025381,0.025756,0.025697,0.025390
mm_19fe7f0d0075cd,0.016938,0.077835,0.077109,0.078302,0.077799,0.077392,0.078275,0.131030,0.134714,0.134614,0.134024,0.133636,0.133725,0.036970,0.036997,0.037072,0.037047,0.036994,0.036862,0.040374,0.040610,0.040946,0.041042,0.040728
mm_1295a08daa787c,0.016938,0.063005,0.063544,0.064140,0.064063,0.063624,0.047026,0.073024,0.072905,0.074230,0.073545,0.073606,0.049934,0.053794,0.054049,0.054336,0.054226,0.054117,0.038740,0.054654,0.054796,0.054871,0.054752,0.054444
mm_2a972cf7c40d10,0.016938,0.052399,0.052163,0.053084,0.052714,0.052110,0.052618,0.043251,0.045108,0.046037,0.045455,0.045235,0.045482,0.033485,0.033566,0.033861,0.033743,0.033568,0.033692,0.030566,0.030847,0.031029,0.031001,0.030787
mm_729711237e501e,0.016938,0.047021,0.047889,0.048810,0.048454,0.047743,0.049557,0.043554,0.043880,0.044790,0.044313,0.043961,0.044007,0.043041,0.043044,0.043367,0.044061,0.045177,0.045136,0.034938,0.034622,0.035137,0.034572,0.034251
mm_495b297ef936d9,0.016938,0.096615,0.095681,0.096711,0.096398,0.095958,0.098799,0.072937,0.072447,0.073234,0.072600,0.072639,0.074170,0.036043,0.036145,0.036373,0.036252,0.036179,0.036225,0.026320,0.026454,0.026660,0.026730,0.026464
mm_0f00a4fff19a38,0.016938,0.064858,0.064631,0.065886,0.065381,0.064940,0.047745,0.075795,0.075693,0.076955,0.076317,0.076186,0.051575,0.044952,0.044693,0.044974,0.044209,0.044071,0.044110,0.025761,0.026006,0.026087,0.026202,0.025999
mm_864631213ae8bb,0.016938,0.032858,0.032894,0.033656,0.033412,0.032931,0.033563,0.030424,0.030749,0.031656,0.031052,0.030984,0.031246,0.026330,0.026370,0.026565,0.026500,0.026476,0.026419,0.025315,0.025677,0.025586,0.025768,0.025391
mm_6e09e562a340ff,0.016938,0.082443,0.088589,0.089307,0.089180,0.088570,0.089120,0.079667,0.079286,0.079828,0.079254,0.079487,0.079351,0.041463,0.041515,0.041664,0.041542,0.041820,0.041670,0.047812,0.048067,0.048326,0.047638,0.047304
mm_94d161f4ab275e,0.016938,0.080949,0.080420,0.081210,0.080792,0.080549,0.080982,0.076541,0.076377,0.077061,0.076547,0.076281,0.076456,0.044889,0.044950,0.045180,0.045048,0.045472,0.045318,0.048498,0.047979,0.048366,0.047799,0.047485
mm_347c26a9597371,0.016938,0.134713,0.133465,0.136041,0.135469,0.134969,0.135377,0.123019,0.122803,0.123524,0.123005,0.122614,0.122622,0.067377,0.067337,0.067260,0.067277,0.067091,0.067101,0.043176,0.042693,0.042877,0.042344,0.042015
mm_3b7a906348cb66,0.016938,0.081739,0.080856,0.082197,0.081632,0.081188,0.081595,0.045896,0.045940,0.047019,0.046313,0.046776,0.046746,0.047395,0.047506,0.047873,0.047851,0.051093,0.053775,0.041958,0.042033,0.042094,0.041936,0.041779
mm_487d750dd7bb2a,0.016938,0.040217,0.040247,0.040901,0.040612,0.040196,0.040760,0.033073,0.033255,0.033847,0.033387,0.033496,0.033471,0.076889,0.076359,0.076651,0.076461,0.076449,0.076472,0.046329,0.046305,0.046276,0.045647,0.045253
mm_b8c8c790b3e1d6,0.016938,0.033353,0.033266,0.034348,0.033911,0.033447,0.033582,0.030637,0.030869,0.031452,0.031167,0.030661,0.031243,0.026466,0.026466,0.026682,0.026639,0.026576,0.026524,0.025540,0.025889,0.025924,0.026026,0.025796
mm_22d51e95df1681,0.016938,0.038224,0.038396,0.039402,0.038838,0.038524,0.038667,0.049347,0.049810,0.050791,0.050004,0.050508,0.050480,0.035156,0.034858,0.034942,0.034549,0.034464,0.034487,0.030773,0.030975,0.031180,0.030986,0.030748
mm_c9b4001d6f2128,0.016938,0.034774,0.035121,0.035578,0.035525,0.035546,0.035475,0.031163,0.031133,0.031891,0.031733,0.031700,0.031477,0.025860,0.025865,0.026280,0.026175,0.026178,0.026148,0.024936,0.025198,0.025522,0.025547,0.025204
mm_4bb7c02da15112,0.016938,0.082314,0.085245,0.086166,0.085804,0.085259,0.085604,0.078762,0.078821,0.079406,0.078936,0.078716,0.078610,0.051988,0.051962,0.052090,0.051994,0.057319,0.056755,0.051458,0.050802,0.050780,0.050201,0.049882
mm_9cd3ab492a996a,0.016938,0.072698,0.072073,0.073457,0.072783,0.072470,0.072688,0.064498,0.064322,0.065013,0.064619,0.064252,0.064524,0.034438,0.034285,0.034481,0.034166,0.034040,0.034081,0.025856,0.025977,0.026208,0.026319,0.025851
mm_9922aab3c8ea0e,0.016938,0.036060,0.036241,0.037101,0.036876,0.036421,0.036630,0.044773,0.045235,0.045765,0.045755,0.045728,0.040746,0.033161,0.033397,0.033603,0.033512,0.033524,0.033415,0.025902,0.026179,0.026402,0.026458,0.026282
mm_a8f3c3cb2c8f55,0.016938,0.098244,0.105933,0.107843,0.107533,0.107084,0.107354,0.081039,0.080822,0.081532,0.080968,0.080820,0.080945,0.069004,0.068515,0.068667,0.068465,0.068497,0.068490,0.051934,0.051356,0.051510,0.050762,0.050375
mm_b121a7277eed82,0.016938,0.067870,0.069960,0.070728,0.070497,0.069925,0.071435,0.066850,0.065642,0.066526,0.065898,0.065855,0.065832,0.032779,0.032838,0.032997,0.032753,0.032762,0.032720,0.032828,0.032692,0.033004,0.032570,0.032261
mm_20734ec2707f8a,0.016938,0.075994,0.075703,0.077097,0.076498,0.121437,0.172555,0.069958,0.070017,0.070814,0.070377,0.070118,0.048822,0.046662,0.045734,0.045934,0.045925,0.045881,0.039197,0.037813,0.038116,0.038235,0.038192,0.038002
mm_d018e23079a532,0.016938,0.046247,0.047280,0.048117,0.047763,0.047174,0.047600,0.080555,0.080275,0.081215,0.080344,0.080466,0.081651,0.064995,0.064980,0.065088,0.064914,0.064827,0.065973,0.052528,0.052681,0.052913,0.052881,0.052518
mm_de8c5d5cfc7924,0.016938,0.076806,0.076718,0.077563,0.077153,0.106905,0.137731,0.077025,0.077264,0.077958,0.077373,0.086768,0.085649,0.054746,0.054845,0.055081,0.054979,0.062645,0.062901,0.055027,0.054589,0.054638,0.054202,0.053878
mm_c4781e6a7c4806,0.016938,0.045436,0.046921,0.047444,0.047443,0.046895,0.047280,0.060748,0.061791,0.062300,0.061974,0.061891,0.062105,0.058962,0.063272,0.063443,0.063395,0.063320,0.063305,0.042186,0.042336,0.042558,0.041836,0.041818
mm_159297fce4ae3c,0.016938,0.032985,0.033062,0.033807,0.033554,0.033034,0.033666,0.030535,0.030740,0.031672,0.031472,0.031092,0.031108,0.026695,0.026730,0.026918,0.026865,0.026844,0.026818,0.025561,0.025932,0.025943,0.026100,0.025823
mm_972bf9077c5ac3,0.016938,0.062701,0.063008,0.063833,0.063614,0.063343,0.046318,0.085567,0.085519,0.086280,0.085984,0.100616,0.111577,0.051853,0.054670,0.054871,0.054804,0.054854,0.054751,0.042748,0.042589,0.042731,0.042378,0.042104
mm_b112855fdb4fe6,0.016938,0.035818,0.035671,0.036254,0.036275,0.035934,0.036205,0.032302,0.032551,0.033235,0.032929,0.032939,0.032898,0.028502,0.028444,0.028677,0.028721,0.028644,0.028506,0.029458,0.029512,0.029657,0.029854,0.029422
mm_8d5f67c3949767,0.016938,0.033498,0.033611,0.034082,0.033958,0.033675,0.033812,0.030863,0.030907,0.031493,0.031308,0.031223,0.030924,0.026180,0.026172,0.026356,0.026354,0.026292,0.026284,0.025421,0.025671,0.025992,0.025884,0.025659
mm_f8a47b6336d2a6,0.016938,0.048610,0.048804,0.049431,0.049173,0.048577,0.049762,0.065525,0.067756,0.068433,0.067973,0.067895,0.067948,0.118197,0.121548,0.120702,0.120655,0.120598,0.120560,0.049486,0.049542,0.049516,0.048858,0.048696
mm_9e1f5afa52b8c5,0.016938,0.043807,0.043847,0.044629,0.044365,0.043948,0.044306,0.036490,0.036873,0.037983,0.036981,0.036868,0.036970,0.066423,0.066152,0.066134,0.065971,0.065905,0.065962,0.048427,0.048248,0.048097,0.047428,0.047087
mm_442abb233d407b,0.016938,0.063891,0.064169,0.065017,0.064686,0.064378,0.047064,0.072847,0.072918,0.073597,0.073186,0.073116,0.049144,0.057137,0.057264,0.057507,0.057450,0.057345,0.039439,0.057198,0.056620,0.056371,0.055198,0.054952
mm_0aee14dfefadef,0.016938,0.062751,0.062742,0.063527,0.063280,0.062794,0.046344,0.070357,0.072358,0.073187,0.072750,0.079627,0.098388,0.035580,0.035769,0.035827,0.035791,0.035849,0.035725,0.025744,0.025744,0.026004,0.026124,0.025840
mm_a475679bf2c84e,0.016938,0.121234,0.120429,0.121257,0.120978,0.120385,0.124170,0.063279,0.068139,0.068868,0.068341,0.068019,0.068357,0.032796,0.032991,0.033221,0.032967,0.032990,0.033010,0.030895,0.031199,0.031450,0.031315,0.031122
mm_825730089654f1,0.016938,0.054119,0.053576,0.054869,0.054499,0.054144,0.043317,0.048725,0.048798,0.049800,0.049350,0.049658,0.049811,0.040997,0.042508,0.042723,0.042647,0.042614,0.032908,0.056043,0.055481,0.055236,0.054062,0.053850
mm_d0fe57b5f8ec9f,0.016938,0.062615,0.062389,0.063631,0.063185,0.062744,0.046510,0.069933,0.069505,0.070944,0.070294,0.070142,0.056706,0.051591,0.051639,0.051984,0.051823,0.051807,0.036973,0.060941,0.057597,0.057025,0.055890,0.055571
mm_05ab9aaa8731e6,0.016938,0.063337,0.063130,0.064218,0.063810,0.063328,0.046667,0.067992,0.068365,0.069347,0.068825,0.068629,0.047582,0.068025,0.068569,0.068822,0.068807,0.068658,0.068697,0.047753,0.047835,0.047842,0.047817,0.047453
mm_5bcb5ed75a1fc9,0.016938,0.067952,0.073919,0.074851,0.074587,0.073903,0.074265,0.063314,0.065305,0.065999,0.065444,0.065192,0.065358,0.067355,0.067462,0.067340,0.067351,0.067324,0.067294,0.049492,0.049592,0.049789,0.049436,0.049238
mm_b0bb3746c840a7,0.016938,0.032193,0.032030,0.033250,0.032867,0.032471,0.032827,0.034421,0.034563,0.035464,0.035164,0.035048,0.034992,0.028889,0.028951,0.029161,0.029119,0.029125,0.029098,0.028834,0.029087,0.029206,0.029337,0.029085
mm_c890097c847401,0.016938,0.033667,0.033604,0.034294,0.034164,0.033645,0.034269,0.033506,0.033687,0.034646,0.034396,0.034150,0.034048,0.028542,0.028569,0.028849,0.028780,0.028713,0.028732,0.025704,0.025851,0.026217,0.026246,0.025849
mm_9520d8ed080091,0.016938,0.064921,0.065177,0.066332,0.067628,0.069145,0.070998,0.035193,0.035350,0.035847,0.035335,0.035151,0.035262,0.038114,0.038091,0.038245,0.038125,0.038048,0.038059,0.042771,0.043046,0.043461,0.043504,0.043089
mm_bb29a098a48866,0.016938,0.133014,0.133922,0.135925,0.135757,0.135080,0.135501,0.033603,0.033930,0.034551,0.034082,0.033561,0.034020,0.054616,0.055616,0.055900,0.055742,0.055664,0.055724,0.030004,0.030360,0.030499,0.030454,0.030144
mm_d6205c2efea420,0.016938,0.037957,0.037872,0.038703,0.038278,0.037993,0.038200,0.074673,0.074192,0.074877,0.074223,0.073939,0.074199,0.030330,0.030339,0.030566,0.030401,0.030322,0.030284,0.034037,0.034331,0.034273,0.034444,0.034047
mm_772a9956a045a5,0.016938,0.040013,0.040727,0.041561,0.041251,0.040730,0.041140,0.041137,0.040719,0.041879,0.041272,0.040966,0.041142,0.058477,0.058448,0.058542,0.058475,0.058302,0.058358,0.044269,0.044499,0.044552,0.044657,0.044305
mm_1ae54769ec0574,0.016938,0.045482,0.047634,0.048309,0.048209,0.047603,0.048176,0.044558,0.046232,0.047122,0.046449,0.046419,0.046613,0.032889,0.033077,0.033254,0.033248,0.033068,0.033250,0.030149,0.030266,0.030590,0.030631,0.030328
mm_780c1893725b39,0.016938,0.062587,0.062419,0.063638,0.063145,0.062718,0.046505,0.071260,0.071215,0.072522,0.071876,0.071683,0.049093,0.051372,0.051280,0.051731,0.051573,0.051515,0.036785,0.052755,0.051915,0.052247,0.051659,0.051299
mm_96aaeb360dcca2,0.016938,0.052185,0.053688,0.054455,0.054180,0.053921,0.054035,0.084866,0.084325,0.085108,0.084459,0.084399,0.084501,0.054891,0.058903,0.059111,0.058999,0.058840,0.058892,0.042914,0.042713,0.043144,0.042460,0.042390
mm_995fb786664f97,0.016938,0.129935,0.135048,0.137100,0.136660,0.136261,0.136581,0.048326,0.049315,0.049861,0.049526,0.050470,0.050630,0.057352,0.056953,0.057110,0.056979,0.056936,0.057160,0.052394,0.051703,0.052055,0.051168,0.050853
mm_fca3ed7c868cae,0.016938,0.075209,0.075694,0.076472,0.076218,0.075597,0.076218,0.056957,0.060849,0.061615,0.061311,0.061132,0.061173,0.033271,0.033129,0.033384,0.033212,0.033123,0.033075,0.025967,0.026115,0.026274,0.026358,0.025999
mm_b9f4543be7a33f,0.016938,0.081748,0.082218,0.083095,0.082859,0.082206,0.082498,0.081926,0.081282,0.082003,0.081375,0.081378,0.082554,0.053201,0.053085,0.053272,0.053164,0.060279,0.060583,0.049614,0.049769,0.049856,0.049478,0.049223
mm_2a64a738cbfb3f,0.016938,0.136359,0.137520,0.139572,0.139216,0.138555,0.139088,0.128451,0.127468,0.129522,0.128932,0.128673,0.128850,0.057191,0.057085,0.057236,0.057155,0.056995,0.057001,0.050269,0.050188,0.050333,0.049787,0.049346
mm_2be5749c701768,0.016938,0.081833,0.082604,0.083392,0.083132,0.082565,0.083328,0.078751,0.078108,0.079077,0.078638,0.078462,0.078549,0.046783,0.049754,0.050025,0.049945,0.057375,0.057141,0.046540,0.046851,0.046972,0.047176,0.046742
mm_c1fd21aef8feeb,0.016938,0.038131,0.038311,0.039125,0.038773,0.038333,0.038597,0.064781,0.065544,0.066470,0.065739,0.065831,0.066805,0.041356,0.041388,0.041692,0.041642,0.043977,0.046623,0.054474,0.053828,0.054128,0.053217,0.052943
mm_c5c9ebab06790b,0.016938,0.036891,0.036921,0.037578,0.037401,0.036798,0.037433,0.033105,0.033194,0.033926,0.033532,0.033395,0.033479,0.027518,0.027618,0.027711,0.027698,0.027550,0.027617,0.027557,0.027902,0.028312,0.028033,0.027935
mm_9da35aa8910357,0.016938,0.037035,0.036653,0.037642,0.037474,0.037011,0.037373,0.032405,0.032682,0.033544,0.033125,0.032955,0.033256,0.040873,0.042351,0.042563,0.042450,0.042523,0.033211,0.054601,0.054152,0.053715,0.052691,0.052401
mm_ab1cf7f1983a52,0.016938,0.034055,0.034208,0.035038,0.034664,0.034139,0.034781,0.031029,0.031318,0.032220,0.031673,0.031194,0.031486,0.028750,0.028830,0.029132,0.028929,0.028848,0.028919,0.027429,0.027581,0.027836,0.027910,0.027368
mm_305d91144e077a,0.016938,0.082602,0.082908,0.083908,0.083632,0.083028,0.083370,0.069979,0.069853,0.070393,0.070047,0.069668,0.070952,0.035508,0.035554,0.035752,0.035764,0.035585,0.035669,0.030299,0.030375,0.030734,0.030724,0.030386
mm_ec394c9a5867e0,0.016938,0.036338,0.036413,0.037004,0.036944,0.036416,0.036737,0.032203,0.032723,0.033208,0.032856,0.032674,0.032759,0.026398,0.026578,0.026791,0.026617,0.026592,0.026634,0.025407,0.025710,0.026144,0.025982,0.025802
mm_381154a2bad0d5,0.016938,0.070360,0.075885,0.077002,0.076662,0.075884,0.076640,0.043455,0.043539,0.044259,0.043723,0.043698,0.043397,0.108266,0.107538,0.107308,0.107291,0.107120,0.107201,0.050385,0.049918,0.050184,0.049672,0.049402
mm_b1edec6eafac23,0.016938,0.092576,0.095141,0.095950,0.095625,0.095007,0.095432,0.106215,0.113773,0.114831,0.113849,0.114148,0.113948,0.043758,0.043776,0.043908,0.043853,0.043830,0.043716,0.048474,0.048601,0.048888,0.048496,0.048173
mm_af8fdcb8302073,0.016938,0.035958,0.036053,0.036922,0.036813,0.036181,0.036437,0.033161,0.033219,0.033963,0.033595,0.033355,0.033286,0.028420,0.028548,0.028663,0.028609,0.028683,0.028529,0.030414,0.030380,0.030597,0.030508,0.030280
mm_d4a98b891a0cfe,0.016938,0.076850,0.076381,0.077214,0.076827,0.076570,0.076945,0.041922,0.043555,0.044290,0.043854,0.043557,0.044062,0.077762,0.077160,0.077242,0.077123,0.077097,0.079250,0.049554,0.049460,0.049843,0.049190,0.048787
mm_42f8381ec9799a,0.016938,0.036430,0.036254,0.037248,0.036860,0.036156,0.036912,0.068008,0.074812,0.075974,0.075374,0.074876,0.075173,0.041740,0.041606,0.041727,0.041507,0.041427,0.041413,0.031498,0.031356,0.031781,0.031503,0.031334
mm_3315095eb9672c,0.016938,0.071161,0.070869,0.072266,0.071618,0.086025,0.096198,0.118147,0.118198,0.118879,0.118214,0.118087,0.118097,0.061602,0.061325,0.061309,0.061234,0.061118,0.061449,0.048142,0.048355,0.048534,0.048468,0.048298
mm_d6c01056689973,0.016938,0.125880,0.125175,0.125966,0.125606,0.124963,0.125659,0.039084,0.038851,0.039772,0.039040,0.038831,0.038756,0.050960,0.050856,0.051050,0.051033,0.054293,0.054128,0.041656,0.041770,0.041744,0.041509,0.041167
mm_621f41acdbaea6,0.016938,0.033070,0.033107,0.033991,0.033672,0.033244,0.033583,0.030804,0.030868,0.031854,0.031312,0.031001,0.031155,0.026169,0.026284,0.026368,0.026369,0.026269,0.026342,0.025563,0.025962,0.026206,0.026089,0.025787
mm_a9e5df0b87275f,0.016938,0.058066,0.062195,0.062744,0.062547,0.062713,0.062987,0.071424,0.071186,0.072339,0.071710,0.108252,0.136102,0.052335,0.054994,0.055170,0.055110,0.055076,0.039362,0.052645,0.052091,0.051720,0.050771,0.050565
mm_25b5f09fd4514d,0.016938,0.048257,0.051128,0.052291,0.052001,0.051482,0.052615,0.035988,0.036346,0.037077,0.036594,0.036390,0.036316,0.107845,0.107145,0.107455,0.107268,0.107255,0.107272,0.040858,0.040963,0.041273,0.040823,0.040478
mm_8f405ddc9e4ba4,0.016938,0.086239,0.085040,0.086446,0.085944,0.085467,0.085794,0.072390,0.071945,0.071738,0.071186,0.070944,0.071200,0.092089,0.096605,0.096923,0.096855,0.096706,0.096811,0.048569,0.048505,0.048865,0.048510,0.048170
mm_503cf4294ac146,0.016938,0.088332,0.087546,0.088824,0.088295,0.087789,0.088162,0.043396,0.043044,0.044250,0.043343,0.043077,0.043125,0.085070,0.084953,0.085082,0.090596,0.093981,0.093992,0.041139,0.041253,0.041722,0.041610,0.041275
mm_90607d623ac19d,0.016938,0.032961,0.033090,0.033568,0.033528,0.033089,0.033512,0.030951,0.030741,0.031578,0.031179,0.031181,0.031113,0.028262,0.028322,0.028531,0.028467,0.028472,0.028487,0.030774,0.030889,0.031247,0.031177,0.030853
mm_6ac119f1bee84e,0.016938,0.034179,0.034334,0.035300,0.034787,0.034464,0.034615,0.044550,0.044853,0.045751,0.045204,0.044937,0.045911,0.053958,0.053947,0.054008,0.053919,0.053852,0.054022,0.048713,0.048862,0.049076,0.048803,0.048482
mm_3fc419b4d1d08e,0.016938,0.071574,0.070929,0.072333,0.071820,0.081837,0.083165,0.052240,0.052412,0.053315,0.052802,0.052592,0.040860,0.050203,0.050134,0.050569,0.050378,0.050338,0.036335,0.058107,0.056968,0.057379,0.056337,0.055924
mm_e28c4c9b5ff736,0.016938,0.032841,0.032795,0.033556,0.033320,0.033050,0.033140,0.030023,0.030301,0.031138,0.030680,0.030674,0.030547,0.026032,0.026079,0.026326,0.026279,0.026133,0.026241,0.025345,0.025677,0.025918,0.025935,0.025681
mm_576e38bfcc6d50,0.016938,0.033099,0.033021,0.033764,0.033646,0.033102,0.033235,0.030914,0.030966,0.031611,0.031305,0.030875,0.031177,0.026385,0.026461,0.026712,0.026647,0.026485,0.026601,0.025577,0.025760,0.026135,0.026118,0.025720
mm_88195c6cff7117,0.016938,0.034581,0.034592,0.035539,0.035177,0.034661,0.034850,0.067220,0.068061,0.068966,0.068169,0.093985,0.104774,0.038295,0.037891,0.037681,0.037452,0.037320,0.037451,0.035658,0.035816,0.035877,0.035635,0.035465
mm_fb92be6c59aeeb,0.016938,0.035209,0.035494,0.036116,0.035856,0.035275,0.035841,0.031377,0.031985,0.032850,0.032067,0.032017,0.032008,0.059564,0.059177,0.059611,0.059361,0.059391,0.059595,0.053942,0.053814,0.054221,0.053448,0.053047
mm_d5df4efb235c98,0.016938,0.076151,0.075708,0.076468,0.076300,0.075917,0.076172,0.047364,0.048059,0.048981,0.048613,0.048524,0.037744,0.036470,0.035923,0.035768,0.035313,0.035302,0.035350,0.029402,0.029688,0.029979,0.029938,0.029738
mm_883c371cb1ed3e,0.016938,0.056685,0.059086,0.059921,0.059463,0.059017,0.044974,0.059508,0.059815,0.060504,0.060046,0.059868,0.043576,0.061780,0.061361,0.061738,0.061505,0.061521,0.063321,0.055954,0.055525,0.055519,0.054706,0.054284
mm_97868161d47a34,0.016938,0.049405,0.050319,0.051123,0.050763,0.050863,0.051555,0.050696,0.054057,0.054866,0.054186,0.054368,0.040669,0.035726,0.035630,0.035551,0.034990,0.035015,0.034985,0.030800,0.030808,0.031054,0.031008,0.030681
mm_cd12f5806e6dce,0.016938,0.037357,0.037249,0.038008,0.037831,0.037508,0.037405,0.035260,0.035046,0.035657,0.035353,0.034928,0.035222,0.033355,0.033948,0.034169,0.034151,0.034284,0.034222,0.033173,0.033438,0.033796,0.033693,0.033467
mm_ddd8ddc834569b,0.016938,0.067395,0.072413,0.073240,0.072809,0.072255,0.074036,0.041022,0.041105,0.042342,0.040964,0.041079,0.040889,0.038199,0.038314,0.038235,0.038231,0.038400,0.038373,0.038169,0.038291,0.038459,0.037936,0.037713
mm_5426c5f264ea38,0.016938,0.052531,0.053990,0.054725,0.054421,0.056582,0.056792,0.068109,0.068238,0.069471,0.068727,0.087059,0.093348,0.071117,0.071092,0.071447,0.071326,0.078747,0.077682,0.049865,0.050131,0.050442,0.050354,0.049959
mm_53dbf97e617054,0.016938,0.033227,0.033329,0.034191,0.034156,0.033520,0.033981,0.031332,0.031611,0.032506,0.031956,0.031757,0.031936,0.026934,0.027076,0.027372,0.027230,0.027254,0.027216,0.025291,0.025500,0.025660,0.025807,0.025478
mm_02bba797bba87a,0.016938,0.063094,0.063092,0.063966,0.063635,0.063113,0.046606,0.069219,0.069413,0.070524,0.069807,0.069965,0.047957,0.035493,0.035065,0.035037,0.034541,0.034449,0.034483,0.030238,0.030580,0.030602,0.030386,0.030144
mm_ba04c029e982d4,0.016938,0.059031,0.059252,0.060236,0.059969,0.059320,0.045202,0.085319,0.086025,0.086581,0.086400,0.109972,0.122181,0.044762,0.045548,0.045764,0.045758,0.045777,0.036178,0.044766,0.044479,0.044210,0.043405,0.043085
mm_fd0840aafabb48,0.016938,0.032664,0.032658,0.033678,0.033298,0.032912,0.033026,0.029898,0.030149,0.030756,0.030488,0.030143,0.030379,0.025864,0.026007,0.026231,0.026075,0.026082,0.026073,0.025125,0.025460,0.025581,0.025729,0.025333
mm_817878869c4bf2,0.016938,0.063778,0.063880,0.064714,0.064411,0.064006,0.047373,0.080202,0.080176,0.081668,0.080610,0.088372,0.088110,0.049702,0.049766,0.049863,0.049771,0.049645,0.035956,0.046575,0.046774,0.047021,0.047080,0.046781
mm_261c9d193af754,0.016938,0.046204,0.048229,0.049102,0.048903,0.048667,0.049190,0.033868,0.034215,0.034936,0.034723,0.034516,0.034677,0.028394,0.028628,0.028768,0.028714,0.028650,0.028735,0.028868,0.029367,0.029626,0.029446,0.029289
mm_71d171dcf7e925,0.016938,0.033448,0.033444,0.034155,0.034008,0.033240,0.034105,0.030798,0.030870,0.031871,0.031378,0.031111,0.031362,0.026143,0.026201,0.026445,0.026407,0.026277,0.026311,0.025423,0.025535,0.025983,0.025994,0.025635
mm_8a98a4aa42fd38,0.016938,0.034409,0.034375,0.035251,0.034958,0.034566,0.035172,0.030497,0.030729,0.031784,0.031192,0.031068,0.031333,0.026469,0.026464,0.026661,0.026642,0.026563,0.026618,0.025408,0.025526,0.025800,0.025792,0.025672
mm_3c6458371ea89c,0.016938,0.036440,0.036174,0.037345,0.036731,0.036585,0.036641,0.034860,0.034559,0.035369,0.034767,0.034612,0.034599,0.028968,0.029193,0.029305,0.029224,0.029233,0.029164,0.030873,0.030681,0.030660,0.030727,0.030429
mm_2d0fc20d039abb,0.016938,0.084865,0.089240,0.089975,0.089543,0.089364,0.089355,0.093166,0.092762,0.094252,0.093626,0.093373,0.093522,0.078683,0.078196,0.078271,0.078145,0.078078,0.078080,0.045396,0.045461,0.045807,0.045438,0.045087
mm_5df1636b6ede56,0.016938,0.057602,0.057885,0.058543,0.058384,0.057840,0.044441,0.060319,0.060172,0.061302,0.060683,0.060741,0.044142,0.064354,0.067355,0.067627,0.067646,0.067507,0.067511,0.044682,0.044285,0.044603,0.044176,0.043977
mm_768534101a3310,0.016938,0.057998,0.061756,0.062842,0.062447,0.062012,0.046569,0.069585,0.069597,0.070534,0.070149,0.070018,0.047625,0.072391,0.072426,0.072568,0.072533,0.097428,0.105958,0.049311,0.049444,0.049127,0.048754,0.048430
mm_e16520d389da27,0.016938,0.063306,0.063170,0.064238,0.063809,0.063182,0.046812,0.073494,0.074363,0.075112,0.074689,0.074786,0.050669,0.074116,0.073621,0.073914,0.073818,0.073785,0.078087,0.049522,0.048921,0.049204,0.049135,0.048806
mm_571eac651434e5,0.016938,0.056523,0.056179,0.057422,0.056903,0.056540,0.043746,0.042707,0.043671,0.044655,0.044225,0.044135,0.040840,0.032006,0.031893,0.031866,0.031483,0.031444,0.031441,0.034289,0.034565,0.034814,0.034807,0.034500
mm_0cb90142da77c7,0.016938,0.032910,0.032737,0.033646,0.033556,0.033110,0.033282,0.030125,0.030538,0.031187,0.030749,0.030899,0.030597,0.026247,0.026223,0.026431,0.026391,0.026390,0.026310,0.025097,0.025425,0.025578,0.025700,0.025369
mm_d2719747630a7a,0.016938,0.039308,0.039540,0.040246,0.039865,0.039621,0.039441,0.063413,0.063458,0.064330,0.063749,0.071893,0.072426,0.036902,0.037963,0.038260,0.038214,0.038093,0.038156,0.040324,0.040385,0.040743,0.040200,0.039857
mm_d19b28a27f5949,0.016938,0.063033,0.062804,0.063830,0.063453,0.062935,0.046571,0.066310,0.066402,0.067390,0.066921,0.066575,0.047010,0.057083,0.062092,0.062236,0.062200,0.062109,0.062188,0.044822,0.045093,0.045481,0.045478,0.045126
mm_d42ff937b8eac7,0.016938,0.032548,0.032637,0.033265,0.033299,0.032805,0.033112,0.032526,0.032896,0.033366,0.033183,0.032896,0.032999,0.027174,0.027334,0.027634,0.027453,0.027505,0.027459,0.025118,0.025392,0.025645,0.025761,0.025311
mm_059ea7d4157eaa,0.016938,0.089283,0.088154,0.089487,0.088998,0.088595,0.088908,0.076910,0.076590,0.076148,0.075558,0.075631,0.075484,0.042927,0.042177,0.042264,0.041881,0.041859,0.041974,0.035985,0.036330,0.036469,0.036561,0.036207
mm_f68103d158fd79,0.016938,0.073193,0.072516,0.073901,0.073417,0.085083,0.086437,0.056754,0.056861,0.057701,0.057127,0.057232,0.041866,0.037941,0.036374,0.036300,0.035715,0.035741,0.035770,0.035148,0.035084,0.035237,0.035239,0.034889
mm_130bd80814d0bc,0.016938,0.057903,0.059258,0.060107,0.059782,0.059144,0.045994,0.054862,0.059073,0.059737,0.059149,0.059367,0.043170,0.063361,0.063424,0.063707,0.063576,0.063505,0.042616,0.057537,0.056602,0.056919,0.055866,0.055506
mm_2fcef782975467,0.016938,0.141844,0.140910,0.143090,0.142743,0.142112,0.142592,0.043383,0.043156,0.044443,0.043741,0.043555,0.044108,0.054959,0.054673,0.055014,0.054827,0.054776,0.055624,0.055586,0.055203,0.055189,0.054282,0.053944
mm_5590224e5bf279,0.016938,0.053687,0.053704,0.054516,0.054246,0.054189,0.046592,0.039817,0.039531,0.040158,0.039223,0.039102,0.039527,0.029441,0.029641,0.029823,0.029738,0.029747,0.029439,0.033293,0.033509,0.033587,0.033145,0.033011
mm_4e50cd45496121,0.016938,0.140534,0.139587,0.141777,0.141308,0.141004,0.141461,0.058294,0.061081,0.061981,0.061436,0.061148,0.061639,0.087959,0.087793,0.088651,0.088582,0.088503,0.088504,0.050217,0.050136,0.050279,0.049726,0.049267
mm_91a3b727ca5009,0.016938,0.038633,0.038334,0.039522,0.039003,0.038933,0.038947,0.052690,0.052568,0.053542,0.053001,0.052696,0.039697,0.051414,0.054379,0.054557,0.054518,0.054506,0.038809,0.057017,0.056099,0.056365,0.055286,0.055036
mm_8b9dffe6d34b64,0.016938,0.031877,0.031847,0.032805,0.032620,0.032222,0.032686,0.040183,0.040315,0.041131,0.040995,0.041016,0.034818,0.031062,0.031169,0.031150,0.030799,0.030950,0.030808,0.024969,0.025132,0.025488,0.025483,0.025218
mm_8f6e072c65cc7e,0.016938,0.058025,0.058225,0.058832,0.058689,0.058187,0.044526,0.063901,0.065271,0.066096,0.065674,0.065611,0.067056,0.038354,0.038192,0.038369,0.037924,0.037962,0.037809,0.035103,0.034880,0.034876,0.034987,0.034589
mm_d7ce4132d44a5c,0.016938,0.081676,0.081072,0.081894,0.081464,0.081211,0.081397,0.048207,0.048498,0.049267,0.048777,0.048979,0.049311,0.049172,0.050892,0.051150,0.050950,0.050874,0.050917,0.032298,0.032506,0.032663,0.032270,0.032082
mm_eeb6d4d59fee89,0.016938,0.054680,0.054573,0.055557,0.055432,0.054878,0.054928,0.031368,0.031313,0.031986,0.031787,0.031500,0.031624,0.028936,0.029025,0.029179,0.029233,0.029176,0.029187,0.026349,0.026399,0.026728,0.026578,0.026350
mm_4fe31f638af9fd,0.016938,0.124533,0.123687,0.124582,0.124278,0.123670,0.124127,0.125910,0.125187,0.127469,0.126543,0.126473,0.130010,0.077394,0.076866,0.076861,0.076799,0.076646,0.076736,0.042073,0.042086,0.042142,0.041619,0.041452
mm_ccbe86940edb8c,0.016938,0.043266,0.043178,0.044005,0.043563,0.043326,0.043489,0.043673,0.043615,0.044587,0.044045,0.043829,0.044769,0.034936,0.034886,0.035055,0.034644,0.034553,0.034653,0.026089,0.026266,0.026519,0.026505,0.026258
mm_dc87f9254e706a,0.016938,0.032882,0.032861,0.033748,0.033586,0.033115,0.033510,0.030275,0.030593,0.031400,0.031075,0.030950,0.031037,0.026263,0.026302,0.026495,0.026517,0.026397,0.026376,0.025297,0.025469,0.025622,0.025699,0.025468
mm_d7ea3ec4d17794,0.016938,0.035490,0.035303,0.036290,0.036165,0.035873,0.036198,0.032283,0.032361,0.033240,0.032976,0.032815,0.033119,0.025976,0.026000,0.026267,0.026262,0.026239,0.026269,0.024936,0.025278,0.025427,0.025558,0.025338
mm_63f82b6b2173d2,0.016938,0.039325,0.039254,0.040253,0.040009,0.039728,0.039965,0.048404,0.048612,0.049632,0.049081,0.049008,0.038386,0.057691,0.057953,0.058157,0.058214,0.058110,0.058609,0.053961,0.053330,0.053405,0.053045,0.052718
mm_4af3240f00d2a6,0.016938,0.035872,0.035888,0.036624,0.036522,0.036086,0.036459,0.031182,0.031337,0.032195,0.031698,0.031735,0.031501,0.026147,0.026132,0.026224,0.026272,0.026143,0.026221,0.025395,0.025542,0.025793,0.025803,0.025664
mm_a846a8807048e4,0.016938,0.089035,0.088021,0.089458,0.088893,0.088457,0.088685,0.039496,0.039583,0.040733,0.039776,0.039587,0.039668,0.040770,0.040860,0.041009,0.040992,0.040806,0.041068,0.048114,0.048327,0.048479,0.048465,0.048292
mm_62093a02533276,0.016938,0.070471,0.069940,0.071177,0.070718,0.116842,0.158035,0.046613,0.046972,0.047926,0.047286,0.047222,0.047109,0.027761,0.027691,0.027892,0.027862,0.027783,0.027724,0.025422,0.025644,0.025841,0.025799,0.025590
mm_43e8c799861a91,0.016938,0.032158,0.031874,0.032684,0.032560,0.032354,0.032500,0.029468,0.030022,0.030673,0.030308,0.030388,0.030356,0.026102,0.026106,0.026236,0.026313,0.026263,0.026262,0.025053,0.025202,0.025486,0.025649,0.025359
mm_92f9de27982425,0.016938,0.065746,0.070536,0.071413,0.071196,0.100092,0.108099,0.065163,0.065247,0.066187,0.065616,0.065724,0.045620,0.051176,0.050927,0.050462,0.050415,0.051179,0.050574,0.036275,0.036737,0.036951,0.036922,0.036592
mm_e9012d88ca3954,0.016938,0.036054,0.036270,0.036900,0.036700,0.036314,0.036462,0.036046,0.036212,0.037055,0.036428,0.036159,0.036294,0.027419,0.027566,0.027672,0.027641,0.027624,0.027554,0.025516,0.025729,0.025977,0.025937,0.025689
mm_13db9d709bdb32,0.016938,0.040843,0.040195,0.041603,0.041067,0.040647,0.040967,0.089488,0.088849,0.089534,0.088946,0.088745,0.088888,0.057696,0.057653,0.056914,0.056773,0.056759,0.056729,0.044830,0.044772,0.044750,0.044536,0.044115
mm_4ac74d939e940b,0.016938,0.032715,0.032688,0.033397,0.033248,0.032929,0.033121,0.029962,0.030312,0.031199,0.030720,0.030702,0.030832,0.026169,0.026194,0.026442,0.026407,0.026341,0.026371,0.025144,0.025396,0.025506,0.025641,0.025273
mm_5bfa0b9f2e596b,0.016938,0.047684,0.047663,0.048753,0.048224,0.047824,0.048067,0.082306,0.082326,0.082823,0.082406,0.082091,0.082393,0.060823,0.060414,0.060529,0.060409,0.060381,0.060626,0.046431,0.046731,0.047014,0.046976,0.046560
mm_bbb260b9d2b72e,0.016938,0.034947,0.034869,0.035686,0.035465,0.034994,0.035319,0.030697,0.030767,0.031892,0.031215,0.031432,0.031371,0.055856,0.055548,0.055853,0.055758,0.055739,0.055847,0.038439,0.038546,0.038912,0.038669,0.038323
mm_2f9cb4d97c0105,0.016938,0.033161,0.032897,0.033725,0.033686,0.033026,0.033327,0.030808,0.030950,0.031620,0.031368,0.031161,0.031023,0.026033,0.026173,0.026374,0.026281,0.026273,0.026294,0.025440,0.025680,0.025718,0.025942,0.025641
mm_505bdfcedc0038,0.016938,0.040834,0.041394,0.042417,0.042020,0.041464,0.041895,0.064796,0.068117,0.068771,0.068398,0.068080,0.068319,0.040820,0.040908,0.041056,0.040959,0.041037,0.040936,0.031092,0.031082,0.031319,0.031218,0.030914
mm_069eb79b12adab,0.016938,0.080536,0.079636,0.080900,0.080358,0.079806,0.080339,0.054776,0.058298,0.059280,0.058689,0.069602,0.076626,0.035206,0.035338,0.035579,0.035495,0.035470,0.035405,0.033443,0.033537,0.033564,0.033271,0.032966
mm_0cfa0f50377dd0,0.016938,0.087971,0.086981,0.088017,0.087716,0.087216,0.092203,0.070374,0.070561,0.071384,0.070962,0.070868,0.049207,0.035729,0.035698,0.036024,0.035895,0.035855,0.035955,0.035529,0.035649,0.035816,0.035906,0.035517
mm_fffdd754f26d8d,0.016938,0.035634,0.035453,0.036408,0.036187,0.035819,0.035888,0.034667,0.035026,0.035711,0.035007,0.035252,0.035049,0.027198,0.027186,0.027379,0.027340,0.027364,0.027333,0.024721,0.025010,0.025282,0.025377,0.025032
mm_b401efbedf0705,0.016938,0.034277,0.034025,0.035126,0.034827,0.034127,0.034557,0.096768,0.097047,0.097469,0.100347,0.103934,0.104024,0.031276,0.031389,0.031593,0.031450,0.031311,0.031490,0.025949,0.026326,0.026641,0.026396,0.026336
mm_07be6dfd306ada,0.016938,0.064043,0.063816,0.064790,0.064385,0.063859,0.047189,0.037024,0.037411,0.038357,0.037890,0.037799,0.037679,0.026471,0.026497,0.026747,0.026624,0.026642,0.026578,0.026288,0.026470,0.026816,0.026806,0.026467
mm_e8ba0718f9e214,0.016938,0.036541,0.036191,0.037427,0.036855,0.036360,0.036944,0.032950,0.033046,0.034148,0.033658,0.033200,0.033480,0.029902,0.029982,0.030243,0.030159,0.030074,0.030094,0.034821,0.035016,0.035187,0.035256,0.034911
mm_d1d7c2c86d88ea,0.016938,0.040270,0.040096,0.041036,0.040799,0.040264,0.040686,0.033906,0.034169,0.035017,0.034462,0.034434,0.034174,0.064199,0.063750,0.063926,0.063946,0.063813,0.065145,0.049920,0.050244,0.050583,0.050557,0.050287
mm_44225314f8c5b4,0.016938,0.052860,0.053591,0.054447,0.054334,0.053950,0.042909,0.039727,0.039688,0.040453,0.040047,0.039956,0.039808,0.044195,0.044139,0.044420,0.044363,0.044369,0.033639,0.053602,0.052661,0.052893,0.053069,0.052692
mm_f5a604d0dc90da,0.016938,0.034334,0.034455,0.035192,0.034738,0.034059,0.034670,0.031325,0.031739,0.032768,0.031853,0.031865,0.032021,0.027458,0.027601,0.027955,0.027730,0.027638,0.027659,0.025581,0.025881,0.026011,0.025990,0.025669
mm_cdda52cd322d02,0.016938,0.078016,0.078217,0.079147,0.078935,0.078231,0.078688,0.047868,0.047997,0.048614,0.048280,0.047944,0.048159,0.030461,0.030595,0.030849,0.030720,0.030641,0.030688,0.034870,0.035145,0.035335,0.035377,0.035125
mm_b2f95e4c8d4d6f,0.016938,0.058840,0.058185,0.059571,0.059045,0.061997,0.061963,0.055757,0.055493,0.056364,0.055466,0.055148,0.055567,0.027398,0.027445,0.027803,0.027653,0.027463,0.027706,0.025613,0.025810,0.026188,0.026162,0.025749
mm_0cfa1e2165a445,0.016938,0.031913,0.031991,0.032687,0.032706,0.032325,0.032690,0.029312,0.029635,0.030305,0.030023,0.030129,0.030165,0.028875,0.028950,0.029140,0.029194,0.029140,0.029164,0.028764,0.028925,0.029134,0.029257,0.028988
mm_b947411cd13d92,0.016938,0.078653,0.079108,0.079994,0.079767,0.079110,0.079367,0.079946,0.079301,0.080085,0.079440,0.079335,0.079422,0.053338,0.057151,0.057338,0.057307,0.057152,0.058105,0.055284,0.054569,0.054783,0.053852,0.053692
mm_bdff4072c9cfe7,0.016938,0.071096,0.071707,0.072424,0.072072,0.071559,0.072199,0.038940,0.038983,0.039675,0.038929,0.038896,0.038709,0.030266,0.030316,0.030489,0.030368,0.030395,0.030322,0.035063,0.034992,0.035166,0.035106,0.034769
mm_2506d86cbfd580,0.016938,0.043502,0.043263,0.044233,0.043976,0.043426,0.043849,0.068024,0.073551,0.074613,0.074005,0.073798,0.074037,0.066595,0.066475,0.066570,0.066519,0.066338,0.066329,0.052715,0.052807,0.052913,0.052923,0.052510
mm_08cbba11809e36,0.016938,0.061893,0.061842,0.062815,0.062507,0.062088,0.046254,0.074134,0.074632,0.075714,0.075113,0.074898,0.051049,0.060074,0.065136,0.065287,0.065306,0.065237,0.043881,0.052614,0.052195,0.051826,0.050935,0.050621
mm_b7ccbc86f5139a,0.016938,0.033253,0.033217,0.033927,0.033777,0.033254,0.033360,0.030639,0.030826,0.031282,0.031050,0.030784,0.030707,0.026173,0.026272,0.026469,0.026332,0.026318,0.026239,0.025380,0.025708,0.025749,0.025778,0.025503
mm_1e99ae00691c3d,0.016938,0.034835,0.034689,0.035572,0.035317,0.034807,0.035084,0.035013,0.034993,0.035955,0.035473,0.035327,0.034939,0.050653,0.051097,0.051292,0.051185,0.051101,0.036605,0.056131,0.053295,0.052670,0.051874,0.051465
mm_bbe6dad2cb4eff,0.016938,0.032886,0.033096,0.033692,0.033443,0.032963,0.033454,0.030044,0.030633,0.031276,0.030677,0.030890,0.030666,0.025960,0.026029,0.026211,0.026114,0.026115,0.026116,0.025065,0.025601,0.025662,0.025733,0.025442
mm_64f14457ac6fb1,0.016938,0.039225,0.038756,0.040216,0.039580,0.039151,0.039386,0.048115,0.048277,0.049120,0.048447,0.048242,0.048264,0.064049,0.063657,0.063667,0.063590,0.063561,0.063552,0.055024,0.054550,0.054634,0.053811,0.053480
mm_f2e1e7a9e00368,0.016938,0.077314,0.077424,0.078297,0.078004,0.077505,0.077928,0.056239,0.056040,0.057318,0.056562,0.056448,0.042310,0.037979,0.040240,0.040520,0.040384,0.040371,0.040272,0.051062,0.050536,0.050645,0.050009,0.049543
mm_8b9dfb61dca51e,0.016938,0.091169,0.092679,0.094215,0.093978,0.093403,0.093840,0.045845,0.046835,0.047609,0.047765,0.048668,0.048793,0.031005,0.031094,0.031314,0.031077,0.031057,0.031103,0.034763,0.035049,0.035278,0.035285,0.035118
mm_e7be3256c05548,0.016938,0.060285,0.060651,0.061458,0.061080,0.060467,0.060996,0.076774,0.076083,0.076963,0.076382,0.076310,0.076315,0.073715,0.079697,0.080618,0.080520,0.080458,0.080471,0.048003,0.047990,0.048063,0.048261,0.047937
mm_b6253f42873abb,0.016938,0.075338,0.077959,0.078854,0.078532,0.077972,0.078337,0.056970,0.057066,0.057908,0.057189,0.057121,0.041778,0.039136,0.037517,0.037274,0.036783,0.036617,0.036765,0.033525,0.033592,0.033825,0.033543,0.033245
mm_ef2a6912e69a79,0.016938,0.045987,0.048506,0.049267,0.048960,0.048451,0.049540,0.088377,0.087910,0.088818,0.088106,0.087983,0.088142,0.107973,0.114503,0.115893,0.115801,0.115637,0.115678,0.051263,0.050790,0.051152,0.050398,0.050335
mm_64a10e4f0bbbc3,0.016938,0.085695,0.084897,0.086247,0.085633,0.085102,0.087538,0.068791,0.068777,0.069462,0.069156,0.075096,0.089849,0.052423,0.055042,0.055281,0.055202,0.055193,0.039912,0.046429,0.046584,0.046339,0.045597,0.045226
mm_c831aaa1f0c90b,0.016938,0.066811,0.066576,0.067670,0.067245,0.072897,0.072909,0.040829,0.041040,0.042066,0.041395,0.041078,0.041429,0.052507,0.052622,0.052613,0.052651,0.066274,0.081486,0.056174,0.055564,0.055798,0.055229,0.055058
mm_f49b0c5fc3043f,0.016938,0.045620,0.046444,0.047068,0.046930,0.046616,0.039958,0.036402,0.036539,0.037187,0.036810,0.036914,0.037043,0.028654,0.028705,0.028841,0.028811,0.028841,0.028888,0.029966,0.030131,0.030206,0.030353,0.030120
mm_d90826db595f10,0.016938,0.072431,0.072343,0.073352,0.073043,0.105057,0.119756,0.039651,0.039732,0.041053,0.040403,0.040157,0.040360,0.041616,0.041695,0.041929,0.041859,0.041814,0.033097,0.050211,0.050339,0.050586,0.049816,0.049425
mm_e65a423fb0deac,0.016938,0.068975,0.069501,0.070412,0.070019,0.069366,0.070004,0.041322,0.041424,0.042220,0.041804,0.041663,0.041729,0.031797,0.031957,0.032168,0.031910,0.031861,0.031882,0.035813,0.035750,0.035685,0.035630,0.035355
mm_166b36a8de9e22,0.016938,0.032379,0.032699,0.033272,0.033149,0.032782,0.033136,0.030051,0.030271,0.030906,0.030728,0.030461,0.030675,0.025999,0.026129,0.026257,0.026267,0.026285,0.026225,0.025058,0.025425,0.025747,0.025680,0.025472
mm_43f60dd77b1240,0.016938,0.034010,0.033822,0.034760,0.034506,0.034079,0.034420,0.031141,0.031212,0.032221,0.031858,0.031584,0.031630,0.026173,0.026280,0.026529,0.026409,0.026285,0.026509,0.025591,0.025808,0.026149,0.026227,0.025797
mm_9f19b96eb2a2b8,0.016938,0.033385,0.033465,0.033941,0.033987,0.033433,0.033961,0.030419,0.030818,0.031569,0.031149,0.031176,0.030877,0.026042,0.026195,0.026381,0.026331,0.026268,0.026304,0.025422,0.025721,0.025941,0.026011,0.025710
mm_c934e495bfa489,0.016938,0.040957,0.040692,0.041804,0.041368,0.041267,0.041458,0.030942,0.030976,0.031916,0.031347,0.031343,0.031122,0.026013,0.026126,0.026349,0.026320,0.026215,0.026244,0.025294,0.025377,0.025904,0.025795,0.025585
mm_d1d12a8a4b657e,0.016938,0.040866,0.040880,0.041590,0.041185,0.040707,0.041002,0.036578,0.037049,0.037885,0.037214,0.037248,0.037137,0.058360,0.062343,0.062586,0.062532,0.062453,0.062409,0.045735,0.045753,0.046126,0.045597,0.045079
mm_ea37a4dd55d877,0.016938,0.068617,0.073843,0.074498,0.074045,0.073687,0.074112,0.086720,0.086461,0.087149,0.086382,0.086351,0.086536,0.030984,0.031168,0.031378,0.031274,0.031135,0.031225,0.025979,0.026173,0.026578,0.026387,0.026195
mm_69eb4a3b1aafea,0.016938,0.033077,0.032901,0.033747,0.033472,0.032874,0.033355,0.030286,0.030546,0.031161,0.030857,0.030660,0.030586,0.026246,0.026294,0.026570,0.026444,0.026334,0.026419,0.025279,0.025615,0.025786,0.025869,0.025576
mm_2ac0dcc730a65b,0.016938,0.088102,0.087371,0.088391,0.087951,0.087468,0.092399,0.067860,0.068388,0.069013,0.068483,0.068265,0.047838,0.076304,0.076337,0.076636,0.076565,0.105953,0.117992,0.056186,0.055468,0.055294,0.054700,0.054381
mm_d527df12a4f4df,0.016938,0.033402,0.033341,0.034364,0.034049,0.033615,0.033854,0.030496,0.030761,0.031545,0.031152,0.031034,0.030966,0.026034,0.026087,0.026315,0.026291,0.026149,0.026245,0.025293,0.025599,0.025772,0.025892,0.025650
mm_80b8d5caeb9b5b,0.016938,0.083397,0.087471,0.088290,0.087923,0.087317,0.087844,0.078849,0.083440,0.084260,0.083576,0.083687,0.083771,0.085874,0.085364,0.086149,0.086041,0.085925,0.085992,0.047763,0.047330,0.047648,0.046847,0.046587
mm_9be23ef289d13a,0.016938,0.076929,0.076425,0.077236,0.076976,0.076383,0.076994,0.040852,0.043266,0.044038,0.043513,0.043170,0.043340,0.086476,0.085893,0.086800,0.086535,0.086649,0.086532,0.049967,0.049403,0.049562,0.049136,0.048749
mm_4aa3e488a97854,0.016938,0.033137,0.033284,0.034073,0.033729,0.033373,0.033764,0.030486,0.030775,0.031402,0.031031,0.030984,0.031114,0.026218,0.026270,0.026415,0.026338,0.026402,0.026257,0.025061,0.025194,0.025430,0.025449,0.025221
mm_bcbbbc13835f13,0.016938,0.098323,0.097354,0.099469,0.098817,0.098486,0.098851,0.040466,0.040503,0.041223,0.040870,0.040545,0.040669,0.060641,0.061709,0.061670,0.061632,0.061574,0.061605,0.046733,0.047051,0.047185,0.047121,0.046848
mm_bd9dfc0bbdd17a,0.016938,0.035332,0.035304,0.036027,0.036119,0.035749,0.036109,0.031285,0.031556,0.032388,0.032193,0.032193,0.031978,0.026013,0.026069,0.026339,0.026297,0.026267,0.026187,0.025035,0.025373,0.025542,0.025621,0.025345
mm_4d511aa8797c82,0.016938,0.068676,0.068470,0.069520,0.069137,0.074200,0.073748,0.058621,0.059509,0.060313,0.059731,0.063388,0.060919,0.049326,0.049356,0.049472,0.049442,0.049340,0.035737,0.052201,0.051403,0.051693,0.050853,0.050472
mm_ec18b553784912,0.016938,0.062788,0.065928,0.066780,0.066633,0.073975,0.073941,0.075617,0.078108,0.077745,0.077209,0.077011,0.077008,0.061634,0.061635,0.061627,0.061581,0.061478,0.061667,0.055903,0.055222,0.055293,0.054482,0.054132
mm_00a0efe6578875,0.016938,0.035821,0.036102,0.036754,0.036592,0.035954,0.036533,0.040375,0.039803,0.040829,0.040168,0.040048,0.040155,0.030101,0.030209,0.030442,0.030385,0.030290,0.030282,0.025453,0.025529,0.026075,0.025909,0.025686
mm_bd9c0e2ccd7ee9,0.016938,0.032260,0.032351,0.033274,0.033006,0.032624,0.033045,0.029847,0.029874,0.030837,0.030577,0.030220,0.030276,0.025872,0.025939,0.026031,0.026092,0.025970,0.026011,0.025222,0.025561,0.025568,0.025675,0.025245
mm_5d54b042607283,0.016938,0.065440,0.065989,0.066750,0.066313,0.066050,0.048247,0.071374,0.071537,0.072326,0.071990,0.071774,0.049182,0.056595,0.058194,0.058411,0.058326,0.058297,0.040337,0.049140,0.049383,0.049419,0.049561,0.049280
mm_421ac6e096ad4a,0.016938,0.051126,0.052768,0.054310,0.053962,0.053245,0.053708,0.126787,0.126159,0.127818,0.127323,0.127284,0.130709,0.032595,0.032484,0.032731,0.032338,0.032314,0.032377,0.030900,0.031109,0.031178,0.031254,0.030991
mm_71b06bfda3d888,0.016938,0.036445,0.036617,0.037348,0.036927,0.036665,0.036876,0.035406,0.035601,0.036533,0.035867,0.035689,0.035828,0.039404,0.039622,0.039620,0.039361,0.039214,0.039338,0.030248,0.030206,0.030567,0.030387,0.030194
mm_bb00b20f8856a3,0.016938,0.068403,0.073180,0.074290,0.074075,0.073327,0.073757,0.060718,0.065288,0.066293,0.065656,0.065424,0.065515,0.040362,0.040377,0.040505,0.040503,0.040189,0.040386,0.041578,0.041717,0.041870,0.041743,0.041560
mm_d889d69fabd182,0.016938,0.036776,0.036703,0.037407,0.037111,0.036858,0.036930,0.034738,0.035260,0.036043,0.035443,0.035228,0.035347,0.042832,0.042883,0.042993,0.043047,0.042975,0.042886,0.030258,0.030314,0.030710,0.030592,0.030402
mm_7f7da12ee4accc,0.016938,0.073620,0.073801,0.074704,0.074424,0.073704,0.074171,0.036838,0.037108,0.037632,0.037190,0.037183,0.037004,0.065807,0.065410,0.065696,0.065551,0.065421,0.066652,0.041803,0.042124,0.042528,0.042514,0.042073
mm_8214950da03072,0.016938,0.035680,0.035730,0.036465,0.036374,0.035829,0.036353,0.031848,0.031922,0.032613,0.032376,0.032245,0.032146,0.026504,0.026688,0.026779,0.026800,0.026633,0.026729,0.025372,0.025723,0.026036,0.025841,0.025831
mm_8a58c40a2b1f7a,0.016938,0.050011,0.051158,0.052097,0.051532,0.051792,0.051801,0.057531,0.058007,0.058602,0.057888,0.057795,0.042315,0.066670,0.066333,0.066486,0.066384,0.066301,0.069256,0.056509,0.055649,0.055807,0.055333,0.055082
mm_cfaf2e7c31518c,0.016938,0.051112,0.050792,0.052180,0.051541,0.050801,0.051300,0.078413,0.078475,0.079047,0.078568,0.078543,0.078692,0.089435,0.088826,0.089700,0.089621,0.089514,0.089571,0.047410,0.047753,0.048008,0.048000,0.047756
mm_4bf7f3ffd60e49,0.016938,0.125805,0.124973,0.125854,0.125543,0.124922,0.125371,0.042092,0.041815,0.042923,0.041909,0.041692,0.041784,0.070104,0.069505,0.069752,0.069566,0.069462,0.069450,0.048446,0.048515,0.048876,0.048470,0.048102
mm_51ee69c2144d42,0.016938,0.056795,0.057146,0.057872,0.057633,0.057250,0.043911,0.060610,0.062084,0.063003,0.062524,0.062490,0.044669,0.054430,0.054554,0.054714,0.054711,0.054665,0.039260,0.052621,0.052602,0.052849,0.051947,0.051671
mm_9f9e3393b1aeaa,0.016938,0.060523,0.060387,0.061344,0.061018,0.060601,0.046248,0.057753,0.062112,0.063283,0.062783,0.067751,0.068384,0.045603,0.045569,0.045702,0.045629,0.045633,0.034187,0.050928,0.050873,0.050369,0.049640,0.049219
mm_ff429feccc6934,0.016938,0.054029,0.053767,0.054722,0.054496,0.054289,0.054377,0.047849,0.050089,0.051023,0.050390,0.050825,0.050436,0.036333,0.036135,0.036243,0.035886,0.035745,0.035573,0.035314,0.035556,0.035818,0.035511,0.035193
mm_e01793b8b77279,0.016938,0.036184,0.036235,0.037232,0.036798,0.036188,0.036975,0.038482,0.038572,0.039678,0.039370,0.038835,0.039029,0.027406,0.027527,0.027723,0.027593,0.027639,0.027541,0.025374,0.025414,0.025780,0.025815,0.025359
mm_58d972bbab775f,0.016938,0.039939,0.040113,0.040930,0.040638,0.040079,0.040514,0.047690,0.047952,0.048875,0.048216,0.048073,0.047931,0.048521,0.048206,0.048470,0.048418,0.048302,0.048336,0.039817,0.039442,0.039875,0.039471,0.039146
mm_f511d2121b4bb0,0.016938,0.071731,0.071569,0.072494,0.072026,0.071630,0.072084,0.035405,0.035799,0.036474,0.036011,0.035965,0.035992,0.030799,0.030609,0.030645,0.030438,0.030348,0.030455,0.034198,0.034540,0.034814,0.034786,0.034529
mm_a57142b23923b7,0.016938,0.080923,0.088466,0.089375,0.088983,0.088505,0.088855,0.040009,0.040034,0.040944,0.040253,0.040041,0.039953,0.056087,0.057883,0.057915,0.057794,0.057689,0.058578,0.054973,0.054647,0.054453,0.053681,0.053366
mm_4c346ad5f2a4ab,0.016938,0.085884,0.085395,0.086198,0.085780,0.085638,0.085802,0.045262,0.044852,0.045664,0.044706,0.044589,0.044632,0.061383,0.061071,0.061167,0.061071,0.060965,0.062269,0.053349,0.053441,0.053756,0.053033,0.052646
mm_6d766a2bd2af87,0.016938,0.038971,0.039046,0.039728,0.039521,0.038821,0.039231,0.039528,0.040339,0.041074,0.040466,0.040728,0.039218,0.044369,0.044433,0.044731,0.044575,0.044879,0.044833,0.041626,0.041931,0.042133,0.041955,0.041695
mm_407ceb6b25f5f3,0.016938,0.087591,0.086802,0.088083,0.087563,0.087033,0.087380,0.079467,0.078846,0.079902,0.079254,0.079008,0.079157,0.051461,0.055066,0.055333,0.055210,0.055029,0.055108,0.050832,0.051010,0.051284,0.050833,0.050763
mm_34a94d9cab5882,0.016938,0.066273,0.066410,0.067062,0.066759,0.083116,0.084951,0.049191,0.049228,0.050044,0.049479,0.049704,0.038186,0.060109,0.059742,0.060036,0.059964,0.059908,0.063395,0.050764,0.051094,0.051441,0.051615,0.051212
mm_e5a35044455e9b,0.016938,0.075593,0.081425,0.082213,0.081760,0.081525,0.086049,0.059717,0.062748,0.063507,0.063040,0.062750,0.046020,0.059249,0.062404,0.062643,0.062544,0.062546,0.042625,0.054208,0.054400,0.054733,0.053976,0.053715
mm_6a5199c0d66cfb,0.016938,0.065865,0.065649,0.066906,0.066364,0.065891,0.048343,0.072785,0.072684,0.073959,0.073293,0.081915,0.087236,0.035912,0.035290,0.035549,0.035175,0.035064,0.035116,0.025591,0.025822,0.026092,0.026183,0.025860
mm_58d253de8af6dc,0.016938,0.063642,0.063332,0.064336,0.064058,0.063715,0.047164,0.086475,0.086162,0.087068,0.086517,0.086526,0.088940,0.046562,0.047640,0.047748,0.047649,0.047561,0.035057,0.051757,0.052071,0.052212,0.052227,0.052056
mm_76e355df7e7640,0.016938,0.050328,0.052847,0.053502,0.053205,0.052629,0.052957,0.072438,0.074973,0.075519,0.074983,0.074832,0.075040,0.060728,0.062361,0.062346,0.062265,0.062197,0.062229,0.050209,0.050429,0.050687,0.050766,0.050426
mm_751f4725214a78,0.016938,0.037855,0.037452,0.038534,0.038075,0.037861,0.038023,0.048300,0.051936,0.052695,0.052254,0.052588,0.052439,0.038918,0.038735,0.038879,0.038674,0.038580,0.038453,0.025739,0.025741,0.026059,0.026051,0.025708
mm_7e69eebc3b9e52,0.016938,0.099134,0.098284,0.100454,0.099929,0.099413,0.100123,0.091982,0.091222,0.093078,0.092278,0.092308,0.092450,0.037066,0.036949,0.037198,0.037107,0.036984,0.037022,0.042114,0.042290,0.042436,0.041935,0.041697
mm_f49f3d71fe7e30,0.016938,0.127316,0.126264,0.128752,0.128192,0.127689,0.128526,0.085349,0.084488,0.085600,0.084858,0.084544,0.084750,0.090579,0.094993,0.095296,0.095171,0.095087,0.095043,0.045830,0.046126,0.046444,0.045977,0.045724
mm_5c10bb4d2c1eb8,0.016938,0.060624,0.060858,0.061437,0.061092,0.060779,0.046056,0.069026,0.069000,0.069920,0.069374,0.114594,0.136189,0.037019,0.036505,0.036725,0.036467,0.036455,0.036315,0.034502,0.034322,0.034117,0.034069,0.033645
mm_1bc67def9258bb,0.016938,0.035027,0.034717,0.035763,0.035725,0.035051,0.035300,0.095319,0.094863,0.096473,0.096209,0.096202,0.095937,0.038476,0.038895,0.039055,0.039033,0.038843,0.038928,0.038995,0.039113,0.039150,0.038716,0.038636
mm_2b658377a9b11c,0.016938,0.047523,0.047442,0.048279,0.047823,0.047530,0.047487,0.120195,0.119663,0.118291,0.117665,0.117638,0.117594,0.046642,0.046739,0.047241,0.047119,0.053858,0.056451,0.050911,0.050526,0.050604,0.049867,0.049539
mm_f1dbd0fb8fbe65,0.016938,0.078144,0.078168,0.078992,0.078606,0.078454,0.078597,0.075549,0.075157,0.076200,0.075266,0.075177,0.076875,0.066381,0.066561,0.066539,0.066433,0.076206,0.084545,0.047944,0.048015,0.048096,0.048169,0.047891
mm_39312887307167,0.016938,0.033000,0.032915,0.033723,0.033587,0.033046,0.033195,0.030815,0.030968,0.031581,0.031312,0.030963,0.031001,0.026120,0.026096,0.026452,0.026299,0.026237,0.026264,0.025559,0.025687,0.025967,0.026051,0.025726
mm_0f59695f874457,0.016938,0.048177,0.048081,0.049092,0.048636,0.047961,0.048663,0.067376,0.067604,0.068260,0.067872,0.067651,0.067830,0.066629,0.066558,0.066588,0.066531,0.066446,0.066430,0.047198,0.047339,0.047526,0.047697,0.047207
mm_ddbb31d5d01dea,0.016938,0.033804,0.033639,0.034481,0.034171,0.033796,0.034025,0.033652,0.033780,0.034663,0.034067,0.034168,0.034125,0.028214,0.028343,0.028520,0.028408,0.028352,0.028485,0.026964,0.027068,0.027344,0.027510,0.027161
mm_cc7916d6111b3a,0.016938,0.049909,0.053331,0.054251,0.053892,0.054161,0.054008,0.037130,0.037438,0.038334,0.037574,0.037336,0.037695,0.052766,0.055811,0.055943,0.055940,0.055891,0.055885,0.044309,0.044530,0.044798,0.044425,0.044150
mm_8a4551dd78efe1,0.016938,0.074813,0.076688,0.077733,0.077119,0.076721,0.078021,0.077592,0.077400,0.077844,0.077266,0.077225,0.077408,0.048011,0.051170,0.051332,0.051289,0.051537,0.051508,0.042207,0.042123,0.042409,0.041952,0.041696
mm_222d3ec233e98a,0.016938,0.034212,0.034278,0.035171,0.034923,0.034772,0.035074,0.062073,0.065269,0.066014,0.065902,0.065515,0.065902,0.053578,0.056335,0.056503,0.056494,0.056585,0.056494,0.030491,0.030961,0.031061,0.031163,0.030906
mm_bb5cbb1aa401ec,0.016938,0.033139,0.033102,0.033896,0.033630,0.033080,0.033592,0.030224,0.030553,0.031490,0.031002,0.030716,0.030826,0.026322,0.026434,0.026591,0.026564,0.026504,0.026506,0.025343,0.025646,0.025760,0.025888,0.025720
mm_89421becee74fe,0.016938,0.035842,0.036279,0.037042,0.036427,0.036049,0.036310,0.033810,0.034481,0.034968,0.034128,0.034131,0.034394,0.028584,0.028739,0.028867,0.028763,0.028711,0.028719,0.029773,0.030056,0.030384,0.030010,0.029854
mm_84deb11b21ec29,0.016938,0.035538,0.035338,0.036284,0.035932,0.035404,0.035870,0.034006,0.034120,0.034996,0.034576,0.034301,0.034652,0.053229,0.057470,0.057777,0.057614,0.057569,0.059255,0.048374,0.048596,0.048879,0.048441,0.048142
mm_ea090fa0be1783,0.016938,0.039078,0.039267,0.040040,0.039742,0.039283,0.039591,0.051564,0.051564,0.052839,0.051990,0.051835,0.039934,0.038647,0.038713,0.038918,0.038709,0.038607,0.038640,0.034363,0.034168,0.034324,0.034053,0.033877
mm_be8c6ce7a31080,0.016938,0.061366,0.061286,0.062850,0.062312,0.063815,0.064704,0.043214,0.043592,0.044321,0.043914,0.043564,0.044648,0.076017,0.075906,0.074640,0.074616,0.074531,0.074455,0.049470,0.049449,0.049338,0.049069,0.048775
mm_5789654212d93c,0.016938,0.038590,0.038374,0.039215,0.038879,0.038604,0.038881,0.032343,0.032807,0.033728,0.032893,0.032834,0.032999,0.052041,0.052128,0.052231,0.052188,0.052168,0.052074,0.030558,0.030425,0.030597,0.030511,0.030238
mm_ea756fb0869994,0.016938,0.064320,0.064394,0.065183,0.065025,0.064576,0.047759,0.043242,0.042836,0.043282,0.042243,0.042487,0.042198,0.030396,0.030303,0.030369,0.030190,0.030204,0.030236,0.030411,0.030416,0.030493,0.030444,0.030108
mm_4bbde1a5cc0113,0.016938,0.032782,0.033229,0.033648,0.033523,0.033076,0.033385,0.030979,0.030749,0.031781,0.031321,0.031178,0.031121,0.026080,0.026161,0.026367,0.026291,0.026190,0.026255,0.025298,0.025669,0.025902,0.025815,0.025604
mm_35fba9e65c04a7,0.016938,0.057072,0.060887,0.061719,0.061268,0.060567,0.046129,0.062187,0.067274,0.068396,0.067527,0.067693,0.047888,0.049645,0.049628,0.049919,0.049802,0.049749,0.035858,0.050530,0.050780,0.051056,0.050457,0.050165
mm_4ed1d2dd38e9e0,0.016938,0.059311,0.059034,0.060039,0.059794,0.059402,0.059132,0.061628,0.066915,0.068041,0.067403,0.084564,0.091714,0.063058,0.063579,0.063829,0.063775,0.063622,0.042764,0.055333,0.055341,0.055579,0.054651,0.054235
mm_fb4e2b1870d45f,0.016938,0.038938,0.038574,0.039889,0.039387,0.038967,0.039165,0.039668,0.039553,0.040726,0.040195,0.040037,0.039846,0.045169,0.045183,0.045237,0.045205,0.048266,0.052766,0.054086,0.054096,0.054312,0.053693,0.053285
mm_d09d42f259d8d9,0.016938,0.036973,0.036864,0.037873,0.037938,0.037363,0.037611,0.032434,0.032542,0.033598,0.033106,0.033039,0.033222,0.041291,0.042698,0.043003,0.043043,0.042873,0.033438,0.053027,0.052974,0.053337,0.052392,0.052085
mm_c6f9e8afa96478,0.016938,0.076411,0.077087,0.078132,0.077424,0.076999,0.078294,0.073133,0.072953,0.073422,0.073018,0.072568,0.073105,0.034389,0.034444,0.034657,0.034529,0.034502,0.034430,0.030975,0.031303,0.031600,0.031440,0.031167
mm_37503cb8ba4c9d,0.016938,0.040116,0.040208,0.040861,0.040697,0.039956,0.040827,0.035716,0.035984,0.037089,0.036363,0.036231,0.036265,0.064800,0.064568,0.064478,0.064434,0.064312,0.065422,0.049041,0.048521,0.048738,0.048215,0.048019
mm_91dc36e6f84773,0.016938,0.082371,0.081348,0.082598,0.082051,0.081788,0.083924,0.053000,0.056413,0.057293,0.056777,0.056418,0.048908,0.034934,0.034919,0.035188,0.035162,0.035027,0.035019,0.035110,0.035328,0.035653,0.035725,0.035353
mm_c3d71290b530ac,0.016938,0.033702,0.033647,0.034688,0.034243,0.033825,0.034070,0.030514,0.030970,0.031680,0.031250,0.031086,0.031293,0.031800,0.032529,0.032639,0.032612,0.032591,0.032599,0.027852,0.027949,0.028063,0.028167,0.027942
mm_def84447945e14,0.016938,0.059826,0.061399,0.062212,0.061789,0.061457,0.046459,0.056871,0.061207,0.061882,0.061488,0.065413,0.065400,0.045285,0.045294,0.045374,0.045335,0.045298,0.034107,0.054097,0.054052,0.054154,0.053253,0.052888
mm_5c756a51373dc2,0.016938,0.033602,0.033620,0.034431,0.034113,0.033731,0.034129,0.030847,0.030991,0.031868,0.031259,0.031107,0.031260,0.026424,0.026491,0.026626,0.026564,0.026519,0.026472,0.025544,0.025676,0.025858,0.025845,0.025616
mm_78a5de02efb52d,0.016938,0.074566,0.073750,0.075083,0.074592,0.074110,0.074472,0.045329,0.045346,0.046205,0.045825,0.045309,0.045841,0.038058,0.039594,0.039655,0.039657,0.039382,0.039494,0.038505,0.038747,0.039075,0.038428,0.038308
mm_e4a7836fc00e9f,0.016938,0.077268,0.077838,0.078705,0.078352,0.113230,0.146238,0.065237,0.065275,0.065957,0.065631,0.065347,0.046560,0.071886,0.072500,0.072616,0.072638,0.085646,0.094974,0.055638,0.054998,0.055013,0.054578,0.054240
mm_b25d46ccade422,0.016938,0.031929,0.031937,0.032844,0.032655,0.032416,0.032799,0.029657,0.029690,0.030702,0.030217,0.030120,0.030389,0.025809,0.025795,0.025984,0.026058,0.025945,0.025966,0.025015,0.025194,0.025524,0.025518,0.025363
mm_b55d2dc44c3cf8,0.016938,0.049205,0.049216,0.050274,0.049791,0.051731,0.051819,0.036193,0.036609,0.037408,0.036631,0.036481,0.036707,0.054036,0.053797,0.053978,0.053906,0.053838,0.053865,0.034407,0.034658,0.034841,0.034825,0.034568
mm_27901bd7d52b16,0.016938,0.031463,0.031474,0.032146,0.032220,0.031852,0.032313,0.029545,0.029443,0.030280,0.030038,0.029982,0.030024,0.025717,0.025705,0.025857,0.025906,0.025882,0.025862,0.024882,0.025167,0.025455,0.025498,0.025314
mm_c59407f120348a,0.016938,0.069474,0.069885,0.070741,0.070338,0.075118,0.075581,0.046699,0.048110,0.048972,0.048478,0.048207,0.048398,0.052585,0.052663,0.052700,0.052638,0.065204,0.071016,0.051128,0.051437,0.051655,0.051669,0.051499
mm_277785160c966e,0.016938,0.038623,0.038653,0.039394,0.039307,0.038940,0.039155,0.033365,0.033468,0.034388,0.033999,0.033835,0.033866,0.030366,0.030543,0.030776,0.030706,0.030627,0.030711,0.032082,0.032179,0.032635,0.032714,0.032169
mm_18663ccc7cd46e,0.016938,0.037481,0.037472,0.038263,0.037944,0.037631,0.037984,0.033445,0.033845,0.034523,0.034207,0.033980,0.034359,0.040958,0.042977,0.043202,0.043204,0.043096,0.033375,0.047587,0.047890,0.048133,0.048184,0.047954
mm_536c6876eda9d5,0.016938,0.053618,0.053677,0.054671,0.054388,0.054452,0.054608,0.073507,0.074073,0.074708,0.074348,0.074210,0.074000,0.049266,0.049230,0.049279,0.049278,0.053100,0.052610,0.048605,0.048936,0.049280,0.049238,0.048953
mm_9e464d5267968b,0.016938,0.037284,0.037268,0.038198,0.037767,0.037306,0.037519,0.033723,0.033995,0.034909,0.034211,0.033903,0.034292,0.030160,0.030735,0.030879,0.030807,0.030808,0.030753,0.031810,0.031753,0.031995,0.031717,0.031412
mm_05f94d9c495d3f,0.016938,0.033691,0.033841,0.034366,0.034249,0.033634,0.034368,0.033933,0.034284,0.034943,0.034381,0.034285,0.034322,0.033040,0.033225,0.033455,0.033120,0.033169,0.033079,0.033991,0.034347,0.034375,0.034414,0.034210
mm_ec3ab8b2ec371e,0.016938,0.067443,0.067123,0.068388,0.071025,0.073280,0.071401,0.039742,0.039627,0.040593,0.040092,0.039758,0.039876,0.039616,0.039616,0.039731,0.039622,0.039574,0.039612,0.037472,0.037746,0.037930,0.037982,0.037693
mm_575032d11136b3,0.016938,0.082322,0.081908,0.082749,0.082340,0.081705,0.083493,0.077718,0.078024,0.078546,0.077962,0.077791,0.079109,0.067633,0.067138,0.067263,0.067158,0.067072,0.068310,0.045467,0.045596,0.046039,0.046096,0.045625
mm_b70e22c364d8d0,0.016938,0.032571,0.032393,0.033256,0.032983,0.032390,0.033019,0.029842,0.030324,0.031115,0.030559,0.030608,0.030654,0.025973,0.026098,0.026277,0.026215,0.026092,0.026288,0.025343,0.025492,0.025858,0.025876,0.025539
mm_2b38a3844f4430,0.016938,0.032729,0.032873,0.033456,0.033425,0.032955,0.033357,0.030497,0.030587,0.031411,0.031143,0.031047,0.030965,0.027139,0.027193,0.027470,0.027424,0.027387,0.027358,0.025202,0.025560,0.025627,0.025764,0.025562
mm_39fd884c4e82f1,0.016938,0.073216,0.073737,0.074574,0.074156,0.073625,0.074329,0.037058,0.037289,0.038233,0.037930,0.037552,0.037758,0.071102,0.071094,0.071383,0.071295,0.071194,0.071185,0.050308,0.050271,0.050392,0.050150,0.049685
mm_5d45375dca75ad,0.016938,0.036707,0.036858,0.037380,0.037300,0.036724,0.037391,0.073541,0.073889,0.074549,0.073914,0.074049,0.073894,0.031093,0.031149,0.031365,0.031137,0.031103,0.031148,0.034473,0.034852,0.035087,0.035081,0.034821
mm_d374edfc37b3ea,0.016938,0.041420,0.041337,0.042193,0.041995,0.041463,0.039654,0.066804,0.066986,0.067513,0.067222,0.067153,0.068551,0.041396,0.041486,0.041604,0.041614,0.045499,0.050300,0.057382,0.054129,0.054374,0.053482,0.053240
mm_21bd91c15c26a2,0.016938,0.074206,0.075930,0.076757,0.076483,0.075937,0.076421,0.070622,0.075672,0.076605,0.076267,0.076031,0.076020,0.069315,0.068883,0.068917,0.068829,0.068745,0.068839,0.048066,0.048298,0.048627,0.048511,0.048266
mm_a2827711975bfe,0.016938,0.036341,0.036177,0.036800,0.036739,0.036277,0.036765,0.050436,0.050503,0.051422,0.050919,0.051017,0.039358,0.036021,0.035547,0.035749,0.035394,0.035326,0.035468,0.025600,0.025653,0.026095,0.026097,0.025802
mm_7b78d86f3e3867,0.016938,0.054699,0.057106,0.058058,0.057779,0.057430,0.043961,0.062123,0.062773,0.063644,0.063163,0.063106,0.062659,0.055822,0.055413,0.055791,0.055717,0.055664,0.056493,0.046794,0.046902,0.047256,0.047233,0.046857
mm_295fd78f29d979,0.016938,0.034173,0.034201,0.035203,0.034653,0.034243,0.034435,0.040984,0.041287,0.041965,0.041445,0.041227,0.041601,0.035623,0.035730,0.035931,0.035905,0.035778,0.035776,0.025475,0.025453,0.026044,0.025889,0.025672
mm_b571d96a4521e9,0.016938,0.037088,0.037154,0.038031,0.037667,0.037187,0.037549,0.033052,0.033164,0.034215,0.033611,0.033342,0.033394,0.031276,0.031253,0.031439,0.031420,0.031251,0.031288,0.031612,0.031647,0.031811,0.031782,0.031320
mm_cf47273e679748,0.016938,0.052252,0.052240,0.053307,0.053007,0.052242,0.052480,0.092123,0.092271,0.093400,0.093063,0.092756,0.092886,0.039997,0.040524,0.040639,0.040629,0.040375,0.040497,0.041539,0.041541,0.041771,0.041548,0.041290
mm_a3475ea395614a,0.016938,0.032567,0.032513,0.033461,0.033457,0.032849,0.033201,0.030016,0.030166,0.031168,0.030613,0.030511,0.030778,0.028305,0.028328,0.028601,0.028660,0.028483,0.028529,0.031442,0.031663,0.032041,0.031993,0.031762
mm_91ee40a2a25fec,0.016938,0.057528,0.057492,0.058297,0.057873,0.057646,0.044428,0.077124,0.076992,0.077885,0.077367,0.077125,0.079232,0.045617,0.045562,0.045829,0.045692,0.045643,0.034635,0.051527,0.051665,0.051330,0.050349,0.050068
mm_fbf0a5dca1ae1b,0.016938,0.067568,0.067290,0.068284,0.067987,0.067374,0.067629,0.032447,0.032651,0.033504,0.032754,0.032598,0.032730,0.026363,0.026380,0.026620,0.026484,0.026367,0.026548,0.025631,0.025742,0.025999,0.025911,0.025732
mm_32c3642d386dfd,0.016938,0.033088,0.033139,0.033898,0.033737,0.033284,0.033646,0.030556,0.030817,0.031851,0.031505,0.031192,0.031220,0.028714,0.028738,0.028956,0.028926,0.028915,0.028731,0.030953,0.030792,0.030832,0.030944,0.030556
mm_8076c50993705d,0.016938,0.114921,0.115630,0.116468,0.116128,0.115754,0.118821,0.092402,0.091717,0.092294,0.091820,0.091446,0.091565,0.057449,0.057453,0.057531,0.057438,0.057327,0.057610,0.054986,0.055074,0.055016,0.054324,0.054038
mm_ea97a9f1e69a12,0.016938,0.064603,0.064561,0.065394,0.065008,0.064778,0.047254,0.083522,0.083168,0.084196,0.083703,0.083483,0.083664,0.041628,0.041447,0.041727,0.041427,0.041308,0.041318,0.032277,0.032350,0.032475,0.032638,0.032177
mm_2ac9d9cff58bde,0.016938,0.032358,0.032520,0.033083,0.033000,0.032775,0.033210,0.029753,0.029868,0.030524,0.030376,0.030398,0.030511,0.026131,0.026224,0.026418,0.026351,0.026478,0.026395,0.024943,0.025027,0.025390,0.025491,0.025107
mm_dd687d9974d7f3,0.016938,0.061460,0.061273,0.062282,0.062056,0.061588,0.045518,0.058385,0.058527,0.059534,0.059212,0.059028,0.043523,0.044238,0.044262,0.044463,0.044454,0.044395,0.033749,0.055291,0.054423,0.054756,0.054034,0.053745
mm_d014f4323b425c,0.016938,0.057407,0.057170,0.058383,0.057881,0.057479,0.044170,0.068254,0.068906,0.069807,0.069383,0.111813,0.127729,0.062240,0.062208,0.062467,0.062401,0.066805,0.076465,0.055065,0.054052,0.054397,0.053677,0.053262
mm_531c6103e6c56e,0.016938,0.080788,0.080189,0.081541,0.081010,0.080564,0.080904,0.037550,0.037752,0.038647,0.038070,0.037820,0.037936,0.038759,0.038753,0.039023,0.038843,0.038805,0.038881,0.040667,0.040951,0.041240,0.041142,0.040733
mm_464326c3bdd0f2,0.016938,0.043232,0.043007,0.044247,0.043700,0.043192,0.043598,0.072706,0.072144,0.073284,0.072537,0.072256,0.072345,0.068933,0.068400,0.068560,0.068356,0.068349,0.068293,0.049593,0.049034,0.049224,0.048751,0.048343
mm_6818709b42134f,0.016938,0.036569,0.036189,0.037526,0.036994,0.036508,0.036895,0.033934,0.033992,0.035015,0.034528,0.034120,0.034081,0.053099,0.052936,0.053242,0.053158,0.053043,0.053082,0.030249,0.030346,0.030643,0.030583,0.030266
mm_ee1b1b97bfbe37,0.016938,0.037878,0.038000,0.038535,0.038612,0.038147,0.038614,0.033739,0.034117,0.034916,0.034471,0.034327,0.034266,0.040849,0.040954,0.041096,0.040988,0.040851,0.040835,0.044978,0.045065,0.045142,0.044666,0.044303
mm_b852f414d77ebf,0.016938,0.112672,0.115586,0.117688,0.117055,0.116581,0.117232,0.068300,0.068262,0.068646,0.068192,0.067984,0.068119,0.048194,0.048915,0.049396,0.049310,0.056358,0.059138,0.042191,0.042170,0.042419,0.041932,0.041651
mm_6632d8b1d3226e,0.016938,0.033282,0.033205,0.034256,0.034172,0.033478,0.033673,0.030926,0.031074,0.031958,0.031517,0.031226,0.031443,0.026706,0.026757,0.026890,0.026917,0.026880,0.026828,0.025580,0.025945,0.026071,0.026083,0.025879
mm_3271b5bccb68a5,0.016938,0.090765,0.093960,0.094736,0.094559,0.094131,0.094360,0.046220,0.046430,0.047163,0.046666,0.046704,0.040592,0.039743,0.040019,0.040219,0.040108,0.040258,0.040660,0.042359,0.042078,0.041916,0.041580,0.041293
mm_d22f2b291cbb76,0.016938,0.034623,0.034705,0.035488,0.035246,0.034791,0.035067,0.031117,0.031197,0.032124,0.031764,0.031520,0.031417,0.030096,0.030196,0.030296,0.030307,0.030188,0.030283,0.030031,0.030281,0.030510,0.030510,0.030084
mm_220cc38fafc3b5,0.016938,0.063653,0.063814,0.064568,0.064146,0.063896,0.047068,0.088295,0.088274,0.089083,0.088710,0.126784,0.168336,0.056897,0.061211,0.061360,0.061331,0.061260,0.042260,0.055855,0.055754,0.055961,0.055079,0.054750
mm_d13503079e5d4e,0.016938,0.053291,0.054808,0.055963,0.055675,0.055047,0.055348,0.073915,0.073311,0.073295,0.072579,0.072502,0.073666,0.041650,0.041387,0.041658,0.041381,0.041507,0.041437,0.036198,0.035878,0.036104,0.035669,0.035321
mm_0e97b09bfe5fcd,0.016938,0.033756,0.033851,0.034605,0.034165,0.034019,0.034044,0.030842,0.030895,0.031978,0.031310,0.031118,0.031327,0.026501,0.026496,0.026733,0.026671,0.026603,0.026559,0.025653,0.025925,0.025875,0.026032,0.025657
mm_2aeee0ed9bb821,0.016938,0.074323,0.074666,0.075455,0.075128,0.074697,0.075020,0.042215,0.043039,0.043593,0.043343,0.042981,0.043224,0.028230,0.028289,0.028417,0.028392,0.028433,0.028210,0.025633,0.025750,0.026102,0.026011,0.025740
mm_f519879b2008de,0.016938,0.070910,0.073072,0.073826,0.073455,0.105730,0.141075,0.071928,0.072095,0.072878,0.072122,0.077368,0.077064,0.042318,0.041978,0.041971,0.041657,0.041518,0.041644,0.036354,0.036026,0.036041,0.035857,0.035649
mm_c78fdd6105e64d,0.016938,0.032729,0.032883,0.033901,0.033384,0.033052,0.033422,0.049765,0.050036,0.050747,0.050471,0.050195,0.039130,0.036891,0.036839,0.037100,0.037114,0.037042,0.037012,0.030007,0.030156,0.030395,0.030414,0.030203
mm_626afdfed5ea1c,0.016938,0.038209,0.038048,0.039249,0.038876,0.038458,0.038406,0.038935,0.038681,0.039628,0.038783,0.038672,0.038613,0.041887,0.042525,0.042744,0.042675,0.042676,0.032734,0.055357,0.054824,0.054292,0.053302,0.053047
mm_f103387277be66,0.016938,0.032018,0.031923,0.032618,0.032890,0.032645,0.032861,0.029219,0.029453,0.030433,0.030105,0.030130,0.030263,0.025618,0.025672,0.025969,0.025982,0.025905,0.025938,0.024896,0.025177,0.025234,0.025465,0.025181
mm_4f443262aeb6ac,0.016938,0.033380,0.033531,0.034192,0.033875,0.033877,0.034007,0.054359,0.054600,0.055486,0.054930,0.083805,0.094335,0.054397,0.054448,0.054804,0.054679,0.054662,0.038617,0.052461,0.052583,0.052901,0.052232,0.051881
mm_e4a62213273d4b,0.016938,0.035928,0.035702,0.036778,0.036336,0.035839,0.036384,0.031510,0.031939,0.032650,0.032104,0.032202,0.031960,0.025931,0.026028,0.026235,0.026129,0.026037,0.026159,0.025032,0.025476,0.025673,0.025666,0.025415
mm_e2f89604103488,0.016938,0.034474,0.034612,0.035354,0.035106,0.034974,0.035124,0.032599,0.033112,0.033905,0.033573,0.033450,0.033635,0.038210,0.038195,0.038415,0.038376,0.038406,0.034181,0.046992,0.047094,0.047035,0.047364,0.046931
mm_b64536dd06babb,0.016938,0.082519,0.082038,0.082804,0.082602,0.081984,0.083244,0.037897,0.038164,0.038944,0.038391,0.038312,0.038496,0.029070,0.029141,0.029357,0.029324,0.029150,0.029220,0.031721,0.032062,0.032497,0.032210,0.032122
mm_e741f7b0f3d10a,0.016938,0.033854,0.033927,0.034765,0.034383,0.033731,0.034258,0.031075,0.031367,0.032076,0.031396,0.031493,0.031343,0.026469,0.026478,0.026744,0.026666,0.026542,0.026599,0.025305,0.025663,0.025958,0.025905,0.025570
mm_f307b54d069e9f,0.016938,0.043884,0.044109,0.044728,0.044456,0.044054,0.044832,0.033792,0.033951,0.034870,0.033990,0.033964,0.033804,0.030316,0.030466,0.030569,0.030510,0.030430,0.030482,0.035407,0.035485,0.035683,0.035443,0.035210
mm_89fb545846ecdb,0.016938,0.085842,0.084960,0.086383,0.085747,0.085189,0.085693,0.070619,0.070645,0.071432,0.070976,0.070623,0.070813,0.057941,0.057990,0.057960,0.057974,0.057919,0.057886,0.055322,0.054699,0.054923,0.054348,0.054185
mm_fd0067df0a5996,0.016938,0.076787,0.082753,0.083852,0.083539,0.082730,0.083263,0.038894,0.039121,0.039881,0.039248,0.039344,0.039160,0.070636,0.070073,0.069923,0.069719,0.069748,0.069650,0.035059,0.034978,0.035170,0.035095,0.034760
mm_050aca234f888d,0.016938,0.040992,0.040718,0.041886,0.041335,0.041165,0.041216,0.070100,0.069743,0.070556,0.070040,0.069702,0.069825,0.032703,0.032452,0.032873,0.032512,0.032473,0.032484,0.025849,0.026068,0.026317,0.026315,0.025877
mm_a5fceb9184ff56,0.016938,0.049693,0.049785,0.050381,0.050265,0.049851,0.050082,0.072533,0.074497,0.075247,0.074679,0.074562,0.074314,0.061057,0.061114,0.061082,0.060957,0.060981,0.061143,0.054704,0.054194,0.054174,0.053459,0.053079
mm_69279badf33f34,0.016938,0.033635,0.033792,0.034448,0.034211,0.033572,0.034400,0.035070,0.035396,0.036366,0.035744,0.035612,0.035544,0.049893,0.050012,0.050219,0.050148,0.050042,0.036091,0.054344,0.053372,0.053591,0.052658,0.052367
mm_2696c50106ee22,0.016938,0.066196,0.066077,0.066954,0.066520,0.072540,0.072401,0.053918,0.054149,0.054935,0.054324,0.056170,0.055872,0.034921,0.034543,0.034731,0.034467,0.034371,0.034437,0.030873,0.031120,0.031364,0.031203,0.030949
mm_bad44c0de760c8,0.016938,0.071880,0.070999,0.072077,0.071689,0.071134,0.071587,0.078500,0.078356,0.078995,0.078516,0.078378,0.078790,0.051682,0.052557,0.052637,0.052538,0.052426,0.052505,0.052076,0.051472,0.051668,0.050819,0.050649
mm_a716bd4680b81b,0.016938,0.059668,0.059501,0.060480,0.060189,0.071459,0.080988,0.072316,0.077611,0.078733,0.078249,0.077877,0.078286,0.031324,0.031432,0.031655,0.031597,0.031541,0.031507,0.025818,0.025864,0.026446,0.026281,0.026056
mm_877032bad95258,0.016938,0.057894,0.057616,0.058799,0.058250,0.058130,0.044748,0.056720,0.056739,0.057885,0.057293,0.056961,0.041786,0.032343,0.031955,0.032151,0.032050,0.031993,0.032038,0.025651,0.025893,0.026156,0.026190,0.026033
mm_952409a05d8e6c,0.016938,0.048586,0.048683,0.049481,0.049137,0.048472,0.049998,0.042430,0.042465,0.043155,0.042594,0.042626,0.041958,0.036466,0.036449,0.036571,0.036540,0.036385,0.036281,0.050710,0.050783,0.051110,0.050437,0.050075
mm_84a81f51a53b5f,0.016938,0.080705,0.079785,0.081117,0.080660,0.080208,0.081428,0.068897,0.072584,0.073865,0.072969,0.072834,0.072874,0.048396,0.048465,0.048544,0.048502,0.048312,0.035348,0.051156,0.051339,0.051607,0.051667,0.051332
mm_39e202a6fcd109,0.016938,0.033558,0.033850,0.034787,0.034133,0.033638,0.033985,0.031085,0.031639,0.032430,0.031723,0.031646,0.031947,0.026501,0.026604,0.026779,0.026667,0.026574,0.026604,0.025603,0.025791,0.026195,0.026018,0.025828
mm_3c0108331cfe05,0.016938,0.038918,0.038966,0.039886,0.039486,0.039048,0.039230,0.071617,0.072541,0.073528,0.072812,0.110254,0.149878,0.062643,0.062715,0.062676,0.062685,0.062574,0.042641,0.055964,0.055153,0.055255,0.055013,0.054826
mm_04f330fd90b994,0.016938,0.034060,0.034214,0.034992,0.034506,0.034147,0.034658,0.030752,0.031102,0.031624,0.031287,0.031227,0.031305,0.063243,0.062812,0.063077,0.062957,0.062920,0.064579,0.048996,0.049255,0.049530,0.049136,0.048806
mm_88c8adbc5b292b,0.016938,0.049065,0.051006,0.051967,0.051569,0.051232,0.051478,0.083931,0.082631,0.083320,0.082580,0.082594,0.082565,0.099886,0.099233,0.099168,0.099140,0.099066,0.099510,0.045831,0.045972,0.046421,0.046256,0.046018
mm_1398996542e80e,0.016938,0.035022,0.035002,0.035878,0.035745,0.035263,0.035607,0.032595,0.032632,0.033799,0.033256,0.033148,0.033172,0.027145,0.027101,0.027476,0.027348,0.027378,0.027276,0.025079,0.025125,0.025534,0.025565,0.025201
mm_0f3e4bf2c3c2eb,0.016938,0.066584,0.070482,0.071175,0.071033,0.089483,0.093172,0.052383,0.052289,0.053097,0.052610,0.052376,0.040152,0.048700,0.051056,0.051249,0.051227,0.051042,0.041924,0.041078,0.041309,0.041602,0.041674,0.041311
mm_15235c4fe0b8bc,0.016938,0.073930,0.073403,0.074217,0.073899,0.073632,0.073193,0.058702,0.058909,0.059100,0.058559,0.075295,0.075722,0.039411,0.039476,0.039599,0.039596,0.039799,0.039800,0.045449,0.045474,0.045751,0.045235,0.044985
mm_96b9c1745d8019,0.016938,0.039527,0.039408,0.040298,0.039853,0.039448,0.039883,0.034774,0.035172,0.035987,0.035522,0.035139,0.035522,0.045203,0.045281,0.045295,0.045285,0.045909,0.045748,0.041343,0.041056,0.041394,0.040963,0.040781
mm_29d9d9d04b2199,0.016938,0.031747,0.031972,0.032584,0.032516,0.032263,0.032533,0.029860,0.030191,0.031146,0.030463,0.030494,0.030569,0.025924,0.026136,0.026181,0.026203,0.026151,0.026258,0.025126,0.025504,0.025585,0.025572,0.025316
mm_5e71215ebb967b,0.016938,0.033019,0.032987,0.033997,0.033628,0.033178,0.033509,0.030323,0.030636,0.031433,0.030959,0.030903,0.031097,0.026038,0.026127,0.026261,0.026262,0.026211,0.026300,0.025417,0.025573,0.025655,0.025823,0.025552
mm_9ddd05eff8c495,0.016938,0.034599,0.034575,0.035423,0.035208,0.034768,0.035003,0.067504,0.067899,0.068885,0.068254,0.068074,0.068213,0.061354,0.060915,0.061070,0.060986,0.060866,0.061112,0.051662,0.051620,0.051968,0.051209,0.050848
mm_773e08ded16b40,0.016938,0.141055,0.139950,0.142240,0.141804,0.141175,0.141884,0.042191,0.042639,0.043604,0.043209,0.042763,0.042936,0.060022,0.059565,0.059802,0.059625,0.059549,0.059799,0.051972,0.051842,0.052264,0.051504,0.051069
mm_2ef92bf75c37ef,0.016938,0.037359,0.037100,0.038269,0.037646,0.037470,0.037557,0.035134,0.035197,0.036085,0.035507,0.035240,0.035308,0.031270,0.031339,0.031602,0.031380,0.031277,0.031267,0.035232,0.035496,0.035687,0.035432,0.035181
mm_97cdd8d932477f,0.016938,0.039071,0.038760,0.039608,0.039440,0.038968,0.039359,0.036307,0.036429,0.037287,0.036739,0.036638,0.036756,0.040099,0.042812,0.043126,0.042947,0.042782,0.043385,0.040994,0.041219,0.041559,0.041366,0.041097
mm_b6c2762d33b33d,0.016938,0.040069,0.040261,0.041152,0.040987,0.040440,0.040664,0.036001,0.036500,0.037047,0.036823,0.036695,0.036475,0.030393,0.030388,0.030566,0.030568,0.030475,0.030455,0.025629,0.025805,0.026060,0.026112,0.025785
mm_4daa0d660b58d3,0.016938,0.033478,0.033320,0.034726,0.033920,0.033599,0.033877,0.030441,0.030811,0.031827,0.031048,0.030777,0.031022,0.026100,0.026239,0.026393,0.026289,0.026163,0.026289,0.025548,0.025728,0.025835,0.025910,0.025694
mm_4f42496173b502,0.016938,0.055656,0.058112,0.058763,0.058351,0.060693,0.062389,0.056527,0.055432,0.055836,0.055044,0.054994,0.043394,0.039381,0.040515,0.040708,0.040652,0.040927,0.040781,0.042717,0.042442,0.042778,0.042012,0.041777
mm_c60432089b996e,0.016938,0.033542,0.033261,0.034246,0.034235,0.033550,0.033857,0.030961,0.030935,0.031817,0.031406,0.031446,0.031318,0.029106,0.029277,0.029391,0.029362,0.029285,0.029404,0.030004,0.030225,0.030329,0.030424,0.030116
mm_035d91879913f6,0.016938,0.033231,0.033600,0.034173,0.033878,0.033301,0.033791,0.031167,0.031053,0.031673,0.031521,0.031413,0.031253,0.026205,0.026271,0.026426,0.026366,0.026417,0.026362,0.025527,0.025880,0.026042,0.025982,0.025698
mm_5209e5a46601e8,0.016938,0.034533,0.034460,0.035283,0.034962,0.034631,0.034490,0.060477,0.060533,0.061028,0.060594,0.069495,0.069695,0.036854,0.036547,0.036642,0.036388,0.036302,0.036336,0.035533,0.035772,0.036034,0.036027,0.035705
mm_ac76e43fd4416f,0.016938,0.116842,0.115947,0.116891,0.116661,0.116218,0.116624,0.032863,0.033100,0.034109,0.033319,0.033412,0.033507,0.067444,0.067017,0.067265,0.067222,0.067041,0.068226,0.054554,0.054013,0.054279,0.053704,0.053427
mm_09815b7dc09905,0.016938,0.040290,0.040020,0.041025,0.040737,0.040185,0.040598,0.065921,0.069471,0.070584,0.069951,0.069752,0.069962,0.063058,0.062934,0.063058,0.062999,0.062820,0.062803,0.044707,0.044790,0.044928,0.044939,0.044518
mm_dab2722277300c,0.016938,0.077250,0.076810,0.078098,0.077599,0.123285,0.175054,0.044784,0.045865,0.046755,0.046169,0.046271,0.044157,0.050242,0.050260,0.050540,0.050433,0.050345,0.036260,0.052308,0.052717,0.052948,0.053012,0.052750
mm_19fcdfad9afdb3,0.016938,0.065209,0.065782,0.066593,0.066262,0.065720,0.048327,0.070456,0.069854,0.071036,0.070491,0.070251,0.074631,0.032364,0.032455,0.032670,0.032570,0.032597,0.032488,0.025550,0.025724,0.026049,0.026022,0.025721
mm_e6f163682495dc,0.016938,0.101553,0.100697,0.102426,0.102093,0.101430,0.102056,0.037041,0.037444,0.038321,0.037812,0.037654,0.037715,0.028925,0.029017,0.029218,0.029146,0.029040,0.029071,0.025644,0.025924,0.025959,0.026007,0.025577
mm_4e9c640fe38d64,0.016938,0.034847,0.034918,0.035824,0.035525,0.035089,0.035219,0.031003,0.031127,0.032112,0.031545,0.031297,0.031399,0.037412,0.037451,0.037791,0.037612,0.038095,0.038323,0.042883,0.042521,0.042401,0.041757,0.041354
mm_080cecbc7f5667,0.016938,0.039188,0.039402,0.039936,0.039690,0.039058,0.039601,0.080818,0.084469,0.085235,0.084830,0.084713,0.084483,0.065485,0.065451,0.065499,0.065381,0.065272,0.065575,0.042398,0.042577,0.042761,0.042922,0.042420
mm_43ce25a62bc69d,0.016938,0.038655,0.038676,0.039631,0.039188,0.038640,0.039191,0.035818,0.035834,0.036741,0.036302,0.035968,0.036189,0.055154,0.059140,0.059310,0.059328,0.059129,0.059186,0.051480,0.050850,0.051178,0.050606,0.050387
mm_6a4f43392876ca,0.016938,0.036023,0.036111,0.036993,0.036793,0.036440,0.036498,0.034832,0.034936,0.035642,0.034891,0.034985,0.034802,0.038136,0.037912,0.037757,0.037383,0.037258,0.037382,0.029348,0.029738,0.029970,0.030008,0.029743
mm_d3e81435e77677,0.016938,0.033811,0.033906,0.034676,0.034279,0.033976,0.034246,0.031042,0.031268,0.032124,0.031626,0.031375,0.031518,0.026508,0.026601,0.026851,0.026676,0.026654,0.026684,0.025554,0.025846,0.025970,0.026074,0.025662
mm_80e080d0913f48,0.016938,0.065528,0.065905,0.066937,0.066482,0.065971,0.048385,0.084675,0.085082,0.085856,0.085472,0.123575,0.145449,0.072822,0.072833,0.073125,0.073075,0.105468,0.120535,0.050270,0.050564,0.050854,0.050833,0.050420
mm_f89ffbfd07ad1a,0.016938,0.071994,0.072383,0.073281,0.073011,0.072343,0.072849,0.079454,0.078878,0.079830,0.078994,0.078827,0.078886,0.041709,0.041819,0.041916,0.041839,0.041775,0.041682,0.050072,0.050050,0.050231,0.049516,0.049277
mm_f7b0855d936a05,0.016938,0.036855,0.036629,0.037881,0.037349,0.036881,0.037232,0.078967,0.078332,0.079645,0.078824,0.078875,0.078669,0.035050,0.034645,0.034885,0.034578,0.034460,0.034480,0.030775,0.031130,0.031425,0.031342,0.031026
mm_360180f54f16b4,0.016938,0.032329,0.032021,0.032890,0.032845,0.032426,0.032586,0.032290,0.032453,0.033052,0.032837,0.032637,0.032937,0.027141,0.027251,0.027463,0.027383,0.027349,0.027469,0.025059,0.025429,0.025662,0.025645,0.025452
mm_65bdf7e074072d,0.016938,0.033685,0.033918,0.034645,0.034139,0.033689,0.034114,0.030821,0.031161,0.032010,0.031294,0.031241,0.031528,0.026474,0.026518,0.026754,0.026678,0.026633,0.026647,0.025505,0.025691,0.025883,0.025950,0.025636
mm_3c71c087ced6ff,0.016938,0.036373,0.036337,0.037330,0.037068,0.036466,0.037110,0.033193,0.033387,0.034340,0.034034,0.033756,0.033607,0.026320,0.026344,0.026551,0.026482,0.026463,0.026416,0.025291,0.025591,0.025731,0.025867,0.025525
mm_ed492f795da99d,0.016938,0.060928,0.065362,0.065887,0.065712,0.065165,0.065660,0.082416,0.080776,0.081407,0.080905,0.080956,0.080527,0.037661,0.039715,0.040111,0.040044,0.040031,0.040707,0.051094,0.050501,0.050486,0.049880,0.049614
mm_06cd754634bdba,0.016938,0.034267,0.034045,0.035218,0.034589,0.034427,0.034483,0.035556,0.035631,0.036872,0.036009,0.035806,0.035868,0.078085,0.077761,0.076378,0.076310,0.076155,0.076280,0.039664,0.039329,0.039630,0.038974,0.038795
mm_522dbc6e6520c5,0.016938,0.031198,0.031011,0.031985,0.031963,0.031662,0.032055,0.032319,0.032443,0.033449,0.033264,0.033162,0.033147,0.026681,0.026684,0.026833,0.026889,0.026905,0.026796,0.024611,0.024721,0.024833,0.025074,0.024693
mm_c54ece85c76354,0.016938,0.036851,0.036915,0.037532,0.037396,0.037089,0.037519,0.031536,0.031708,0.032315,0.031960,0.032154,0.032071,0.025854,0.025868,0.026068,0.026034,0.026027,0.026025,0.025060,0.025353,0.025572,0.025672,0.025347
mm_562a72142df20d,0.016938,0.040425,0.040471,0.041315,0.041105,0.040615,0.041020,0.075344,0.074476,0.075667,0.074941,0.074839,0.075032,0.101892,0.101225,0.101134,0.101048,0.101058,0.100987,0.031365,0.031398,0.031810,0.031562,0.031280
mm_0691de85fb46a4,0.016938,0.109278,0.113859,0.114706,0.114304,0.113693,0.114138,0.043406,0.043718,0.044694,0.043754,0.044005,0.044356,0.035954,0.037677,0.037880,0.037784,0.037637,0.037955,0.040546,0.040711,0.040932,0.040893,0.040747
mm_c22eb56ff0ed88,0.016938,0.060431,0.063105,0.064142,0.063879,0.063153,0.047225,0.075078,0.074728,0.076020,0.075387,0.075377,0.051001,0.066571,0.066609,0.066871,0.066780,0.066827,0.044287,0.062268,0.058697,0.058235,0.057107,0.056798
mm_5b01d642a55534,0.016938,0.136487,0.135471,0.137632,0.137163,0.136740,0.137208,0.064369,0.068625,0.069294,0.068852,0.068784,0.068816,0.089670,0.089003,0.089859,0.089776,0.089713,0.089766,0.049391,0.049452,0.049777,0.049143,0.048754
mm_a87b7510efee9a,0.016938,0.034846,0.034909,0.035692,0.035346,0.035265,0.035378,0.062557,0.062391,0.063486,0.062868,0.072204,0.071717,0.050350,0.050379,0.050658,0.050593,0.050570,0.036367,0.055629,0.055706,0.055269,0.054222,0.053986
mm_e207babeeac5cf,0.016938,0.039983,0.039917,0.040661,0.040476,0.039990,0.040284,0.032840,0.033131,0.034019,0.033518,0.033285,0.033304,0.054225,0.054261,0.054260,0.057138,0.058816,0.058845,0.042265,0.041875,0.041844,0.041446,0.041040
mm_6b1fbaf19332ec,0.016938,0.060122,0.059826,0.060998,0.060472,0.060414,0.045182,0.052821,0.052789,0.053853,0.053245,0.053341,0.054413,0.035320,0.035840,0.036007,0.035994,0.035876,0.035253,0.036026,0.036199,0.036419,0.036419,0.036316
mm_0cacb0b682ba92,0.016938,0.073802,0.074104,0.074891,0.074693,0.109090,0.140956,0.041521,0.041773,0.042387,0.042018,0.041811,0.041769,0.045161,0.045446,0.045684,0.045549,0.045486,0.045519,0.040918,0.041245,0.041413,0.041399,0.041057
mm_18f63351f9b520,0.016938,0.063929,0.063782,0.064967,0.064476,0.064044,0.047223,0.084877,0.084815,0.086065,0.085318,0.126970,0.172001,0.044361,0.042110,0.042159,0.041797,0.041793,0.041735,0.035272,0.035258,0.035397,0.035229,0.034896
mm_8aba20773668bd,0.016938,0.031796,0.031863,0.032809,0.032747,0.032233,0.032462,0.029306,0.029622,0.030498,0.030047,0.029864,0.030253,0.025804,0.025885,0.026069,0.026112,0.026051,0.026061,0.025038,0.025447,0.025495,0.025617,0.025395
mm_5f711f1ab07c39,0.016938,0.140056,0.139432,0.141325,0.141045,0.140334,0.140988,0.081418,0.080519,0.081464,0.080781,0.080710,0.080667,0.037829,0.037883,0.038069,0.037999,0.037889,0.038642,0.042068,0.041938,0.042363,0.041642,0.041442
mm_95703d8bf2d48d,0.016938,0.031172,0.031242,0.032288,0.032286,0.031796,0.032129,0.029588,0.029486,0.030371,0.030216,0.030199,0.029893,0.025757,0.025856,0.025972,0.026064,0.026034,0.026100,0.024921,0.025301,0.025555,0.025534,0.025250
mm_a04175e4789ff9,0.016938,0.077380,0.077989,0.078665,0.078512,0.077985,0.079558,0.080833,0.080350,0.081299,0.080632,0.080562,0.081748,0.037454,0.036996,0.037231,0.036885,0.036788,0.036862,0.035061,0.035309,0.035623,0.035523,0.035106
mm_ae95bd86b0f5d8,0.016938,0.034249,0.034225,0.034883,0.034839,0.034337,0.034974,0.058253,0.060552,0.061482,0.061192,0.060968,0.061132,0.036568,0.036634,0.036877,0.036814,0.036789,0.036800,0.025445,0.025750,0.026113,0.026199,0.025829
mm_981f8dc4713504,0.016938,0.037700,0.037650,0.038443,0.038083,0.037827,0.037991,0.032934,0.033098,0.033966,0.033259,0.033267,0.033213,0.025906,0.026015,0.026234,0.026133,0.026124,0.026103,0.025073,0.025286,0.025610,0.025616,0.025265
mm_74267df0cf9b99,0.016938,0.060555,0.060669,0.061664,0.061368,0.060795,0.046038,0.060607,0.061020,0.061667,0.061311,0.061222,0.043698,0.064340,0.064355,0.064587,0.064473,0.064401,0.043079,0.057073,0.056799,0.056150,0.055133,0.054769
mm_51bb12b6926b25,0.016938,0.102679,0.102048,0.103706,0.103372,0.103221,0.103333,0.039961,0.039873,0.040706,0.039870,0.039913,0.039980,0.029550,0.029538,0.029688,0.029489,0.029476,0.029448,0.030274,0.030292,0.030523,0.030483,0.030155
mm_7fdc5d0d1e29c3,0.016938,0.060927,0.063674,0.064513,0.064060,0.063362,0.047664,0.063032,0.068084,0.069287,0.068471,0.068296,0.049104,0.054891,0.059365,0.059550,0.059441,0.099942,0.142415,0.049468,0.048813,0.048964,0.049029,0.048733
mm_358f6b37cf9f53,0.016938,0.034365,0.034217,0.035068,0.034702,0.034145,0.034649,0.033613,0.033862,0.034855,0.034342,0.033986,0.034115,0.057036,0.057055,0.056264,0.056213,0.056102,0.056195,0.045073,0.045363,0.045592,0.045579,0.045398
mm_282389a80b08fd,0.016938,0.033610,0.033979,0.034544,0.034235,0.033589,0.034254,0.030975,0.031660,0.032420,0.031614,0.031541,0.031759,0.029252,0.029482,0.029681,0.029434,0.029456,0.029484,0.030021,0.030366,0.030602,0.030460,0.030282
mm_ee79119fc41cc9,0.016938,0.035071,0.035137,0.035830,0.035499,0.034739,0.035561,0.035467,0.035794,0.036432,0.035903,0.035835,0.035884,0.027610,0.027812,0.027973,0.027839,0.027750,0.027779,0.025632,0.025894,0.026227,0.025991,0.025852
mm_960d10f098b9b9,0.016938,0.063870,0.063626,0.064873,0.064380,0.063931,0.047249,0.088284,0.088054,0.089480,0.088775,0.131970,0.178700,0.062588,0.062506,0.062643,0.062564,0.062418,0.042397,0.054220,0.053305,0.053292,0.053231,0.052853
mm_b3fae6d0ee7e7b,0.016938,0.034472,0.034490,0.035167,0.035423,0.035090,0.035521,0.030007,0.030291,0.031116,0.031044,0.031240,0.030935,0.025304,0.025418,0.025707,0.025687,0.025708,0.025775,0.024539,0.024753,0.025139,0.025463,0.024978
mm_11e1d992f5ed17,0.016938,0.063031,0.063061,0.063967,0.063711,0.063350,0.046880,0.074965,0.074354,0.075812,0.074982,0.074872,0.075212,0.032971,0.032840,0.033093,0.032948,0.032874,0.032908,0.025641,0.025809,0.026072,0.026204,0.025917
mm_4a1d7ff7a2f273,0.016938,0.042353,0.042954,0.043585,0.043417,0.042831,0.043467,0.049438,0.049361,0.050039,0.049763,0.049839,0.038823,0.053645,0.053818,0.053980,0.053954,0.053974,0.038568,0.060400,0.056811,0.056556,0.055294,0.055095
mm_6584a25f63b802,0.016938,0.035222,0.035039,0.036070,0.035708,0.035026,0.035433,0.070164,0.070119,0.070468,0.070227,0.069864,0.070192,0.052605,0.056328,0.056553,0.056467,0.056450,0.056404,0.050457,0.050488,0.050830,0.050368,0.050053
mm_2af5d59ad9bba1,0.016938,0.034977,0.035146,0.035865,0.035840,0.035516,0.035579,0.031889,0.031990,0.032817,0.032617,0.032563,0.032392,0.025936,0.026005,0.026280,0.026255,0.026213,0.026163,0.024877,0.025161,0.025152,0.025423,0.024987
mm_286594f196f7d6,0.016938,0.063620,0.063661,0.064489,0.064146,0.064069,0.047015,0.073921,0.074032,0.075017,0.074352,0.074469,0.050458,0.053166,0.053234,0.053522,0.053456,0.081730,0.094936,0.048578,0.048689,0.049008,0.048734,0.048377
mm_bd837ae13a0229,0.016938,0.033512,0.033539,0.034166,0.033924,0.033489,0.033986,0.034006,0.034022,0.034710,0.034440,0.034302,0.034429,0.029503,0.029478,0.029689,0.029605,0.029634,0.029598,0.030054,0.030301,0.030460,0.030574,0.030167
mm_cd2deb918e421a,0.016938,0.038816,0.038724,0.039859,0.039381,0.039054,0.039342,0.043513,0.043679,0.044578,0.044207,0.044325,0.044536,0.040916,0.040922,0.041157,0.041092,0.044512,0.046792,0.050017,0.050189,0.050634,0.050671,0.050307
mm_48fe1e621af255,0.016938,0.061439,0.061054,0.062388,0.061857,0.061483,0.045775,0.086718,0.087224,0.088404,0.087884,0.130509,0.176631,0.056679,0.056751,0.056943,0.056834,0.060417,0.060318,0.051217,0.050974,0.050795,0.050519,0.050129
mm_652d225397d028,0.016938,0.038748,0.038729,0.039554,0.039180,0.038583,0.039110,0.061968,0.066487,0.067465,0.066840,0.066733,0.067939,0.070198,0.069851,0.069863,0.069757,0.069685,0.069743,0.052876,0.052257,0.052601,0.051610,0.051378
mm_72836e819bb9e7,0.016938,0.050318,0.049929,0.051300,0.050712,0.050238,0.048552,0.113873,0.114602,0.115819,0.115214,0.114851,0.118012,0.110924,0.110892,0.110612,0.110577,0.110423,0.110574,0.046497,0.046840,0.046995,0.047005,0.046601
mm_8e201c3c0c6526,0.016938,0.033435,0.033733,0.034245,0.033974,0.033747,0.033772,0.034123,0.034087,0.034899,0.034451,0.034518,0.034088,0.030345,0.030297,0.030487,0.030348,0.030300,0.030079,0.033427,0.033734,0.033923,0.034032,0.033679
mm_d5bd49a66dd4ec,0.016938,0.063035,0.062842,0.063883,0.063467,0.062950,0.046527,0.075101,0.075934,0.076760,0.076236,0.076259,0.050773,0.061767,0.061860,0.061969,0.061958,0.061832,0.041681,0.052558,0.052145,0.051954,0.050885,0.050638
mm_5cbc136410ef65,0.016938,0.079418,0.079977,0.080845,0.080279,0.079901,0.080341,0.048699,0.049266,0.049973,0.049441,0.049253,0.038590,0.045095,0.042931,0.042490,0.042220,0.042352,0.042056,0.032792,0.032822,0.032912,0.032599,0.032395
mm_49fcc54c526f7b,0.016938,0.035056,0.035311,0.036020,0.035774,0.035241,0.035594,0.053352,0.053271,0.054510,0.053956,0.053828,0.040336,0.056184,0.056492,0.056705,0.056608,0.058981,0.058833,0.054504,0.054048,0.053995,0.053360,0.052997
mm_ea1fb49ab17017,0.016938,0.033560,0.033424,0.034337,0.033995,0.033485,0.033658,0.030502,0.030900,0.031541,0.031043,0.030963,0.030980,0.026563,0.026536,0.026735,0.026719,0.026615,0.026638,0.025437,0.025641,0.025848,0.025857,0.025670
mm_be4d5d71e16c76,0.016938,0.057750,0.057700,0.058535,0.058301,0.058003,0.058642,0.045901,0.047318,0.047698,0.047451,0.047111,0.047218,0.032960,0.032658,0.032877,0.032549,0.032462,0.032443,0.035621,0.035807,0.036136,0.036099,0.035766
mm_25b8b349cbe790,0.016938,0.059505,0.059943,0.060527,0.060314,0.060157,0.046318,0.080695,0.080207,0.081252,0.080680,0.080596,0.082452,0.060965,0.061106,0.061126,0.061046,0.060947,0.062220,0.060899,0.057410,0.057573,0.056703,0.056427
mm_65a0a50a28bff7,0.016938,0.038573,0.038510,0.039220,0.039194,0.038731,0.039113,0.042526,0.043305,0.044298,0.043783,0.043765,0.037038,0.044575,0.044670,0.044889,0.044869,0.044747,0.034199,0.048925,0.048471,0.048392,0.047251,0.047001
mm_654e0058f9ef65,0.016938,0.057624,0.057919,0.058731,0.058439,0.058260,0.044468,0.067164,0.067656,0.068238,0.067957,0.097109,0.112092,0.035684,0.035179,0.035378,0.035149,0.035151,0.035065,0.025280,0.025638,0.025775,0.025811,0.025599
mm_473b5fed6f1deb,0.016938,0.033276,0.033358,0.033973,0.033687,0.033306,0.033558,0.030621,0.031080,0.031753,0.031117,0.031355,0.031126,0.026454,0.026535,0.026664,0.026671,0.026625,0.026484,0.025508,0.025679,0.025867,0.025946,0.025671
mm_76d011da899b15,0.016938,0.067227,0.070856,0.071927,0.071808,0.088498,0.095929,0.042843,0.042167,0.042727,0.042044,0.042115,0.042031,0.027122,0.027241,0.027403,0.027325,0.027228,0.027374,0.025641,0.025803,0.025960,0.026088,0.025873
mm_d03c2dd87b9367,0.016938,0.040134,0.040017,0.041029,0.040734,0.040256,0.040633,0.043767,0.045078,0.046192,0.045745,0.045287,0.045916,0.081006,0.080427,0.080744,0.080678,0.080555,0.080910,0.048960,0.049059,0.049444,0.048935,0.048656
mm_ba9a2be9d28912,0.016938,0.034016,0.033696,0.034777,0.034414,0.033972,0.034384,0.030775,0.030909,0.032061,0.031408,0.031226,0.031357,0.028515,0.028615,0.028839,0.028679,0.028625,0.028802,0.030218,0.030385,0.030467,0.030541,0.030260
mm_f79c1d1ace0f16,0.016938,0.038263,0.038456,0.039102,0.038896,0.038373,0.038741,0.043799,0.043604,0.044375,0.044069,0.043822,0.043754,0.066455,0.070092,0.070310,0.070320,0.070138,0.070148,0.047847,0.047966,0.048267,0.048152,0.047889
mm_1d73cc17c5fd3c,0.016938,0.088083,0.087391,0.088188,0.087925,0.087350,0.092533,0.066220,0.066453,0.067045,0.066544,0.066506,0.046796,0.077887,0.077871,0.078234,0.078026,0.118602,0.140380,0.059694,0.056220,0.055833,0.055360,0.054977
mm_dd1fe6499e28ea,0.016938,0.034009,0.034199,0.034880,0.034561,0.034081,0.034543,0.031305,0.031834,0.032585,0.031905,0.031688,0.031776,0.026495,0.026625,0.026840,0.026659,0.026660,0.026599,0.025582,0.025693,0.025894,0.025865,0.025610
mm_0030986ca46131,0.016938,0.041024,0.040764,0.041667,0.041386,0.040642,0.041132,0.083973,0.090606,0.091128,0.090681,0.090660,0.090494,0.036889,0.036951,0.037126,0.036961,0.036929,0.036698,0.036336,0.036661,0.036804,0.036898,0.036520
mm_351f9050b151fc,0.016938,0.033898,0.033989,0.034615,0.034371,0.033837,0.034288,0.031439,0.031639,0.032331,0.031769,0.031600,0.031649,0.026431,0.026558,0.026844,0.026637,0.026665,0.026694,0.025617,0.025711,0.026084,0.026001,0.025640
mm_29db03439f5630,0.016938,0.035257,0.035422,0.036121,0.035696,0.035519,0.035529,0.037982,0.038076,0.039100,0.038411,0.038189,0.038511,0.063538,0.065530,0.065761,0.065740,0.065581,0.065682,0.038726,0.039041,0.039292,0.039214,0.038880
mm_b9c5bf9f58eceb,0.016938,0.076662,0.076961,0.077884,0.077547,0.077016,0.079288,0.076884,0.076543,0.077221,0.076815,0.076630,0.076856,0.062759,0.062723,0.062768,0.062686,0.062579,0.062691,0.046363,0.046658,0.046680,0.046755,0.046303
mm_03ea40529f7b8a,0.016938,0.066147,0.066767,0.067555,0.067239,0.072969,0.073176,0.074054,0.073397,0.074284,0.073749,0.073705,0.073705,0.037309,0.038067,0.038249,0.038234,0.038349,0.038200,0.035250,0.035375,0.035643,0.035719,0.035484
mm_2d34552abf91ce,0.016938,0.038110,0.037859,0.038841,0.038696,0.038233,0.038553,0.053173,0.056615,0.057602,0.057124,0.062363,0.062762,0.057597,0.057133,0.057355,0.057274,0.057167,0.057253,0.042413,0.042548,0.042998,0.043081,0.042645
mm_cb95ff82b92477,0.016938,0.037415,0.037631,0.038533,0.037957,0.037485,0.037989,0.075153,0.074995,0.075601,0.075122,0.074998,0.076543,0.039095,0.039651,0.039826,0.039525,0.039536,0.037852,0.035322,0.035550,0.035597,0.035744,0.035462
mm_6bd7cea949a724,0.016938,0.033299,0.033494,0.034162,0.033761,0.033268,0.033917,0.030869,0.031154,0.031905,0.031239,0.031138,0.031245,0.026210,0.026334,0.026539,0.026375,0.026325,0.026409,0.025528,0.025789,0.025885,0.025877,0.025538
mm_6427e8eb592ef8,0.016938,0.033100,0.033156,0.034009,0.033685,0.033102,0.033598,0.030407,0.030565,0.031378,0.030795,0.030680,0.030936,0.026329,0.026443,0.026638,0.026687,0.026531,0.026636,0.025445,0.025744,0.025991,0.025942,0.025611
mm_ba0dcc9e8f915f,0.016938,0.034303,0.034485,0.035462,0.034936,0.034650,0.034809,0.030977,0.031130,0.031989,0.031509,0.031299,0.031532,0.026148,0.026200,0.026430,0.026340,0.026290,0.026332,0.025623,0.025783,0.026053,0.026068,0.025822
mm_175d48488d0e78,0.016938,0.089649,0.089031,0.089861,0.089423,0.089131,0.089616,0.078088,0.077884,0.078574,0.078062,0.077751,0.077935,0.058603,0.058210,0.058454,0.058284,0.058201,0.058422,0.049446,0.049498,0.049857,0.049423,0.049065
mm_9520ef9710750b,0.016938,0.035377,0.035682,0.036309,0.035941,0.035383,0.035752,0.066632,0.068454,0.069368,0.068488,0.068508,0.068561,0.050318,0.050038,0.050236,0.050125,0.050056,0.050115,0.036233,0.036367,0.036604,0.036481,0.036053
mm_9bd441690c7995,0.016938,0.041660,0.042290,0.043009,0.042644,0.042393,0.041188,0.052229,0.052401,0.053391,0.052620,0.052445,0.052460,0.069515,0.069249,0.069174,0.069076,0.069033,0.069070,0.049777,0.049733,0.049740,0.049313,0.049039
mm_91505892fdce5c,0.016938,0.048026,0.047859,0.048910,0.048550,0.048137,0.049656,0.049201,0.049505,0.050425,0.049849,0.050430,0.051396,0.061905,0.061479,0.061788,0.061737,0.061633,0.061664,0.051517,0.050822,0.051198,0.050319,0.050056
mm_7368d50b4bfcc9,0.016938,0.040747,0.040808,0.041453,0.041195,0.041012,0.041152,0.052475,0.052663,0.053452,0.052932,0.053364,0.053139,0.033041,0.033019,0.033314,0.033037,0.032973,0.033003,0.030325,0.030453,0.030920,0.030817,0.030490
mm_1d2759135d29d0,0.016938,0.130685,0.129667,0.131860,0.131524,0.130927,0.129790,0.042895,0.043116,0.043918,0.043423,0.043352,0.043531,0.036512,0.036527,0.036595,0.036556,0.036499,0.036779,0.047377,0.047143,0.046812,0.046166,0.045824
mm_fdc616fcc1450b,0.016938,0.032464,0.032485,0.033094,0.033055,0.032780,0.032978,0.030147,0.029982,0.030822,0.030628,0.030725,0.030466,0.025802,0.025916,0.026162,0.026096,0.026093,0.026187,0.025217,0.025214,0.025817,0.025608,0.025433
mm_2653324f000e03,0.016938,0.059167,0.059102,0.060087,0.059817,0.067779,0.083071,0.080598,0.080625,0.081310,0.080843,0.080669,0.080737,0.042792,0.043667,0.043743,0.043729,0.043612,0.032843,0.037384,0.037603,0.037771,0.037805,0.037540
mm_356b105d3388f9,0.016938,0.032246,0.032245,0.033118,0.032986,0.032535,0.032908,0.029899,0.029715,0.031054,0.030537,0.030499,0.030518,0.026155,0.026151,0.026490,0.026422,0.026381,0.026368,0.025205,0.025458,0.025803,0.025729,0.025464
mm_855f230743205b,0.016938,0.036720,0.036671,0.037418,0.037006,0.036744,0.036786,0.035210,0.035335,0.036115,0.035483,0.035583,0.035433,0.064757,0.064412,0.064460,0.064315,0.064267,0.064346,0.047870,0.048078,0.048246,0.048304,0.047937
mm_834e1f3aa5454b,0.016938,0.070034,0.072073,0.072824,0.072608,0.085943,0.095988,0.085225,0.084621,0.085465,0.084736,0.084869,0.086140,0.064026,0.070002,0.070247,0.070199,0.096847,0.120134,0.053124,0.053198,0.053437,0.053337,0.053160
mm_4de8c81d615e56,0.016938,0.104213,0.108288,0.110102,0.109811,0.109206,0.109508,0.092511,0.091671,0.092479,0.091807,0.091883,0.091700,0.057121,0.060755,0.060959,0.060919,0.060812,0.060798,0.051379,0.051308,0.051280,0.050690,0.050506
mm_63b612d0cda5a1,0.016938,0.033758,0.033814,0.034647,0.034367,0.033902,0.034349,0.033313,0.033629,0.034442,0.033910,0.033833,0.033824,0.029203,0.029151,0.029339,0.029167,0.028983,0.029118,0.030016,0.030364,0.030516,0.030602,0.030295
mm_dcbb1972fdc1bb,0.016938,0.084612,0.085080,0.086258,0.085698,0.085158,0.085379,0.085901,0.085636,0.086096,0.085523,0.085159,0.085795,0.064763,0.064473,0.064396,0.064344,0.064220,0.064299,0.051323,0.050668,0.050888,0.050016,0.049845
mm_0806a2a40f665a,0.016938,0.032687,0.032596,0.033487,0.033259,0.032968,0.033476,0.031241,0.031378,0.032515,0.032074,0.031867,0.032115,0.025964,0.025929,0.026207,0.026201,0.026139,0.026070,0.025304,0.025507,0.025656,0.025773,0.025441
mm_e4aa0c6b6464b8,0.016938,0.032874,0.032821,0.033805,0.033591,0.032923,0.033518,0.034963,0.035064,0.036143,0.035682,0.035374,0.035596,0.027394,0.027440,0.027750,0.027687,0.027515,0.027640,0.025437,0.025608,0.026051,0.026021,0.025590
mm_b8b3a8d4281221,0.016938,0.040726,0.040867,0.041771,0.041322,0.040770,0.041229,0.070455,0.070640,0.071296,0.070795,0.070643,0.070836,0.035417,0.035297,0.035519,0.035243,0.035224,0.035164,0.029326,0.029484,0.029483,0.029679,0.029235
mm_398f8dc858b364,0.016938,0.077519,0.076834,0.077997,0.077386,0.077236,0.077292,0.078420,0.077867,0.078711,0.078090,0.077789,0.078087,0.042105,0.042794,0.043066,0.043024,0.042839,0.042952,0.035932,0.036171,0.036447,0.036408,0.036177
mm_d9c5099e6c1480,0.016938,0.032118,0.031841,0.032701,0.032691,0.032280,0.032441,0.029370,0.029615,0.030257,0.030047,0.029838,0.030235,0.025720,0.025858,0.026173,0.026092,0.025974,0.026120,0.025093,0.025372,0.025484,0.025645,0.025449
mm_27ab2ecbfedf8f,0.016938,0.083867,0.083371,0.084479,0.083875,0.083580,0.083901,0.072181,0.071949,0.072691,0.072056,0.071791,0.072544,0.036493,0.036339,0.036502,0.036124,0.036034,0.036032,0.025998,0.026276,0.026316,0.026376,0.025940
mm_8517aea87ea63c,0.016938,0.081085,0.080837,0.081507,0.081227,0.080488,0.081130,0.095842,0.095136,0.096841,0.096154,0.096025,0.095989,0.109537,0.108712,0.108721,0.108587,0.108467,0.108481,0.051300,0.050630,0.050997,0.050446,0.050135
mm_778810dcc39ca3,0.016938,0.107703,0.109954,0.110634,0.110304,0.109668,0.110066,0.044750,0.044883,0.046049,0.045130,0.045292,0.045192,0.054995,0.055898,0.056011,0.055938,0.055814,0.056001,0.051835,0.051806,0.052020,0.051324,0.051050
mm_755a1fabdf4068,0.016938,0.067873,0.073757,0.074813,0.074459,0.073658,0.075779,0.087204,0.086615,0.087490,0.086684,0.086825,0.088848,0.065070,0.064614,0.064719,0.064597,0.064457,0.064577,0.039617,0.039909,0.040300,0.040358,0.039935
mm_835c33671d3b4a,0.016938,0.048968,0.048723,0.049736,0.049520,0.048906,0.050011,0.057903,0.058086,0.058550,0.059962,0.061483,0.064320,0.033359,0.033509,0.033703,0.033541,0.033528,0.033552,0.031146,0.031172,0.031480,0.031237,0.031096
mm_8d31dba22587af,0.016938,0.032904,0.032701,0.033621,0.033597,0.032975,0.033294,0.030389,0.030348,0.031293,0.030903,0.030855,0.030871,0.026095,0.026147,0.026429,0.026321,0.026290,0.026362,0.025373,0.025619,0.025955,0.025834,0.025538
mm_7a0b736d48323e,0.016938,0.060885,0.061213,0.062231,0.061730,0.061185,0.048358,0.070452,0.071300,0.072279,0.071557,0.071371,0.071575,0.037145,0.036842,0.036889,0.036496,0.036342,0.036502,0.026028,0.026074,0.026315,0.026314,0.026021
mm_810a5aa06846f5,0.016938,0.033615,0.033333,0.034063,0.033859,0.033539,0.033609,0.030541,0.030864,0.031444,0.031137,0.031101,0.030975,0.030979,0.031417,0.031596,0.031590,0.031550,0.030677,0.032797,0.033101,0.033334,0.033372,0.032926
mm_5a1d76f191b705,0.016938,0.056835,0.056592,0.058064,0.057251,0.056914,0.048854,0.085101,0.084712,0.085703,0.085144,0.084674,0.087362,0.057145,0.061327,0.061555,0.061500,0.061388,0.042411,0.050828,0.051154,0.051320,0.051289,0.050983
mm_0fb6a09485e094,0.016938,0.064412,0.064275,0.065168,0.064757,0.064546,0.047153,0.072253,0.072158,0.073265,0.072761,0.072596,0.049126,0.066475,0.066626,0.066835,0.066758,0.066819,0.043878,0.052348,0.051851,0.051581,0.050580,0.050276
mm_7fd3cdd71d7749,0.016938,0.050188,0.052128,0.052926,0.052554,0.051861,0.052463,0.094425,0.101641,0.103543,0.102957,0.102822,0.102834,0.065863,0.065387,0.065613,0.065406,0.065362,0.065351,0.051136,0.051196,0.051553,0.051097,0.050746
mm_1f1404809eb6de,0.016938,0.066139,0.065910,0.067160,0.066665,0.072645,0.072285,0.074086,0.073449,0.074916,0.074136,0.073860,0.074009,0.048086,0.047806,0.048082,0.047681,0.047626,0.047631,0.038026,0.038058,0.038038,0.037610,0.037325
mm_b2eba4f5e277c4,0.016938,0.055769,0.059524,0.060179,0.059779,0.059621,0.045566,0.061908,0.062163,0.063034,0.062458,0.068572,0.068567,0.032523,0.032531,0.032777,0.032488,0.032428,0.032418,0.025662,0.025992,0.026078,0.026109,0.025793
mm_226f9b9193c3ea,0.016938,0.033128,0.033294,0.033795,0.033734,0.033205,0.033846,0.030962,0.031272,0.031979,0.031336,0.031399,0.031462,0.026057,0.026230,0.026393,0.026240,0.026335,0.026270,0.025276,0.025342,0.025591,0.025602,0.025371
mm_356adb152b4720,0.016938,0.033242,0.033131,0.034046,0.033861,0.033272,0.033638,0.061226,0.061252,0.062115,0.061417,0.061529,0.061400,0.028522,0.028599,0.028781,0.028604,0.028534,0.028701,0.025423,0.025635,0.025796,0.025794,0.025619
mm_8f1957d2a43725,0.016938,0.072521,0.072960,0.073960,0.073473,0.072887,0.073331,0.102391,0.102567,0.102376,0.101830,0.101667,0.101937,0.044564,0.046948,0.047454,0.047464,0.050719,0.051383,0.040688,0.040871,0.041057,0.041025,0.040880
mm_74035a6fb4ac71,0.016938,0.081173,0.080474,0.081711,0.081184,0.080691,0.081069,0.052659,0.052594,0.053810,0.053083,0.058300,0.062403,0.064879,0.064385,0.064806,0.064642,0.064543,0.064589,0.045183,0.045120,0.045537,0.044952,0.044512
mm_ed099b4b9593e0,0.016938,0.051242,0.051019,0.052264,0.051745,0.051229,0.051690,0.070822,0.070254,0.071342,0.070563,0.070581,0.070367,0.062980,0.062519,0.062654,0.062557,0.062422,0.062731,0.049997,0.050063,0.050389,0.049725,0.049372
mm_7a2489b7ef66ee,0.016938,0.033811,0.033573,0.034801,0.034347,0.033852,0.034185,0.031205,0.031112,0.032435,0.031773,0.031515,0.031539,0.026506,0.026455,0.026915,0.026677,0.026619,0.026605,0.025535,0.025723,0.025998,0.025979,0.025540
mm_917a932bc3073e,0.016938,0.064471,0.064039,0.065868,0.065263,0.073262,0.077385,0.040894,0.040904,0.042047,0.041585,0.041049,0.041300,0.038667,0.040789,0.041016,0.040932,0.040857,0.039659,0.044672,0.044275,0.044339,0.043420,0.043218
mm_27f58a5dc20615,0.016938,0.071573,0.071091,0.071919,0.071541,0.071309,0.071472,0.037238,0.037215,0.038079,0.037371,0.037142,0.037450,0.026312,0.026444,0.026617,0.026531,0.026474,0.026482,0.025527,0.026015,0.026197,0.026035,0.025936
mm_a88eeeed5a1e3b,0.016938,0.084634,0.092663,0.093400,0.093046,0.092559,0.092778,0.078786,0.078721,0.079267,0.078805,0.078523,0.078593,0.038829,0.038976,0.039134,0.039093,0.038988,0.039024,0.036236,0.036021,0.036426,0.036157,0.035936
mm_632aeb6c5af179,0.016938,0.058816,0.058872,0.059597,0.059399,0.058787,0.059421,0.065617,0.069121,0.070008,0.069474,0.069424,0.069320,0.073810,0.073739,0.073785,0.073679,0.073570,0.073884,0.049582,0.049503,0.049646,0.049113,0.048656
mm_d3895fd817fd59,0.016938,0.034693,0.034740,0.035272,0.035059,0.034694,0.034871,0.081627,0.086751,0.087266,0.087023,0.086817,0.086561,0.036914,0.036847,0.037081,0.037010,0.036933,0.036848,0.050346,0.049675,0.050051,0.049184,0.048878
mm_7c74a061e0463d,0.016938,0.080738,0.080161,0.081153,0.080739,0.080056,0.080648,0.060380,0.060207,0.061076,0.060677,0.060447,0.060529,0.029638,0.029729,0.029925,0.029824,0.029721,0.029799,0.025882,0.026136,0.026319,0.026373,0.026098
mm_06a67a2137f844,0.016938,0.033698,0.033803,0.034737,0.034608,0.033844,0.034242,0.037073,0.036872,0.038215,0.037475,0.037330,0.037500,0.031483,0.031558,0.031841,0.031815,0.031619,0.031652,0.030792,0.030579,0.031051,0.030770,0.030516
mm_e2e1785a87b339,0.016938,0.064933,0.064588,0.065943,0.065422,0.064965,0.047699,0.068589,0.068942,0.070026,0.069538,0.069110,0.048306,0.033734,0.034368,0.034468,0.034433,0.034427,0.034346,0.032021,0.032218,0.032276,0.031828,0.031539
mm_3c482f213e68e2,0.016938,0.033565,0.033373,0.034357,0.034058,0.033488,0.033642,0.030295,0.030631,0.031143,0.030802,0.030518,0.030698,0.026318,0.026380,0.026569,0.026549,0.026438,0.026483,0.025358,0.025488,0.025702,0.025738,0.025444
mm_9fc36e6e99763d,0.016938,0.072946,0.075283,0.075934,0.075825,0.075295,0.075668,0.041301,0.041804,0.042393,0.041968,0.041764,0.041749,0.064627,0.064245,0.064409,0.064174,0.064295,0.064162,0.046172,0.045740,0.045911,0.045585,0.045189
mm_ac11a98a05b39a,0.016938,0.057897,0.057625,0.058715,0.058305,0.058246,0.055057,0.065485,0.065722,0.066477,0.065906,0.109366,0.153541,0.057051,0.061289,0.061435,0.061421,0.061375,0.042330,0.053628,0.052821,0.053073,0.052085,0.051818
mm_60c159a224f7c7,0.016938,0.039679,0.039605,0.040458,0.040010,0.039768,0.039932,0.116289,0.115812,0.116760,0.116220,0.115946,0.116591,0.039787,0.039846,0.039672,0.039529,0.039475,0.039545,0.036888,0.036819,0.037060,0.036447,0.036131
mm_413b4a62693ad1,0.016938,0.095287,0.094506,0.095539,0.095141,0.094560,0.095094,0.042979,0.043231,0.044105,0.043650,0.043291,0.044097,0.034915,0.034490,0.034660,0.034246,0.034187,0.034227,0.026018,0.026121,0.026383,0.026430,0.026013
mm_762b91e7e7f65a,0.016938,0.033917,0.033281,0.034647,0.034123,0.033701,0.034020,0.033510,0.033643,0.034621,0.033979,0.034031,0.033897,0.029755,0.029611,0.029733,0.029596,0.029511,0.029626,0.029693,0.030023,0.030377,0.030310,0.030026
mm_3d9870b2d62806,0.016938,0.076199,0.075801,0.076696,0.076382,0.075896,0.078342,0.070312,0.069747,0.070908,0.069983,0.070009,0.070508,0.031647,0.031521,0.031738,0.031722,0.031582,0.031660,0.026053,0.026181,0.026505,0.026445,0.026269
mm_6ef02d97175627,0.016938,0.118113,0.117272,0.118128,0.117702,0.117408,0.120717,0.055256,0.055548,0.056787,0.056271,0.057805,0.058520,0.118416,0.117592,0.118790,0.118644,0.118561,0.118609,0.050273,0.050159,0.050589,0.049882,0.049470
mm_d4245975ff973f,0.016938,0.068854,0.069169,0.069957,0.069746,0.069388,0.069334,0.041255,0.041332,0.041845,0.041529,0.041418,0.041015,0.039068,0.039113,0.039273,0.039226,0.039083,0.039546,0.046597,0.046917,0.047179,0.047173,0.046951
mm_6d6c0641c34ddb,0.016938,0.035360,0.035175,0.036121,0.035828,0.035285,0.035424,0.067085,0.067239,0.067883,0.067374,0.067213,0.067326,0.054467,0.054079,0.054284,0.054256,0.054165,0.054171,0.039195,0.039334,0.039306,0.039532,0.039094
mm_a962846781b260,0.016938,0.033161,0.033209,0.034176,0.033853,0.033474,0.033631,0.034220,0.034367,0.035232,0.034772,0.034597,0.034582,0.027632,0.027682,0.028035,0.027905,0.027832,0.027869,0.025494,0.025394,0.026037,0.025872,0.025571
mm_b0983c8ae2f73b,0.016938,0.055969,0.058204,0.059255,0.058891,0.058363,0.044708,0.061788,0.065018,0.066050,0.065759,0.065265,0.046988,0.044119,0.043214,0.043097,0.042720,0.042706,0.042610,0.030812,0.031038,0.031364,0.031321,0.030962
mm_e239b03c631331,0.016938,0.082907,0.082155,0.083398,0.082868,0.082383,0.084640,0.059311,0.059044,0.060267,0.059525,0.071680,0.079650,0.032441,0.032536,0.032751,0.032675,0.032589,0.032633,0.025967,0.026367,0.026607,0.026461,0.026164
mm_3c3476924b186b,0.016938,0.040812,0.040586,0.041585,0.041276,0.040675,0.040963,0.034495,0.034448,0.035230,0.034861,0.034473,0.034540,0.040194,0.040198,0.040327,0.040287,0.042242,0.041766,0.044064,0.043718,0.043314,0.043022,0.042628
mm_713bf18ffbad89,0.016938,0.034182,0.034290,0.035260,0.034974,0.034519,0.034857,0.033818,0.034045,0.034693,0.034371,0.034220,0.034387,0.031070,0.031126,0.031353,0.031321,0.031309,0.031302,0.025179,0.025426,0.025587,0.025708,0.025406
mm_606f644b66d4fd,0.016938,0.046616,0.047800,0.048915,0.048642,0.047885,0.047525,0.067136,0.067168,0.067772,0.067290,0.067296,0.066835,0.055400,0.055065,0.055062,0.055014,0.054918,0.054977,0.048909,0.049094,0.049263,0.049366,0.049026
mm_7353ab9ee5382a,0.016938,0.068248,0.068169,0.068997,0.068548,0.076673,0.076592,0.052813,0.053128,0.053908,0.053373,0.053110,0.040424,0.037676,0.037508,0.037842,0.037250,0.037168,0.037205,0.025955,0.025876,0.026498,0.026312,0.025996
mm_e2d0556d0f3f52,0.016938,0.039380,0.038982,0.040267,0.039744,0.039216,0.039716,0.051284,0.053604,0.054562,0.053930,0.053908,0.041178,0.047492,0.049784,0.049964,0.049879,0.049860,0.036351,0.054699,0.053756,0.053851,0.054002,0.053757
mm_50d9fec66adf1a,0.016938,0.075731,0.074869,0.076190,0.075590,0.075121,0.076533,0.041652,0.041817,0.042855,0.042321,0.042140,0.041988,0.027742,0.027688,0.027929,0.027781,0.027788,0.027734,0.025192,0.025365,0.025717,0.025669,0.025329
mm_5e7d0e0caa81db,0.016938,0.037873,0.038013,0.038699,0.038413,0.038257,0.038180,0.034913,0.035009,0.035850,0.035339,0.035124,0.035183,0.066330,0.065856,0.065983,0.065889,0.065866,0.065822,0.047385,0.047628,0.047815,0.047870,0.047575
mm_e219d4cd2461e1,0.016938,0.033969,0.033943,0.035077,0.034639,0.033780,0.034605,0.031239,0.031389,0.032518,0.031881,0.031548,0.031472,0.026615,0.026690,0.026884,0.026761,0.026648,0.026735,0.025659,0.025938,0.026113,0.026153,0.025854
mm_70f0ad1f0cc9bb,0.016938,0.034652,0.034624,0.035448,0.035443,0.035062,0.035509,0.037302,0.037821,0.038625,0.038190,0.038180,0.038240,0.028017,0.028189,0.028459,0.028308,0.028374,0.028353,0.024956,0.025204,0.025344,0.025475,0.025221
mm_402f651405fef3,0.016938,0.077392,0.080042,0.080984,0.080625,0.080117,0.082132,0.078196,0.078455,0.079037,0.078476,0.078347,0.078467,0.042403,0.042412,0.042529,0.042503,0.042365,0.036239,0.042541,0.042716,0.042887,0.043093,0.042583
mm_2f5813076c7972,0.016938,0.033625,0.033572,0.034487,0.034150,0.033574,0.034162,0.033638,0.033853,0.034695,0.034233,0.034092,0.034118,0.028219,0.028340,0.028494,0.028414,0.028379,0.028454,0.025596,0.025729,0.025826,0.025903,0.025697
mm_9964fa75d6b0f6,0.016938,0.033215,0.033230,0.033877,0.033726,0.033239,0.033425,0.030545,0.030657,0.031413,0.030999,0.030864,0.030811,0.026155,0.026186,0.026366,0.026302,0.026272,0.026225,0.025525,0.025685,0.025652,0.025868,0.025474
mm_4b7a2664c65919,0.016938,0.052559,0.052320,0.053219,0.053105,0.052454,0.045951,0.060994,0.064506,0.065176,0.064925,0.064734,0.066351,0.045878,0.045871,0.046134,0.046088,0.073054,0.084282,0.047833,0.048053,0.048147,0.048329,0.048022
mm_b1d4333a285b6b,0.016938,0.071488,0.071239,0.072408,0.071805,0.106050,0.121855,0.039506,0.038236,0.039209,0.038438,0.038422,0.038286,0.052300,0.052283,0.052573,0.052493,0.052414,0.037285,0.056168,0.056323,0.055822,0.054802,0.054574
mm_766c4d70f27d03,0.016938,0.052552,0.052632,0.053892,0.053480,0.053027,0.053442,0.086956,0.092105,0.092644,0.098002,0.101163,0.101453,0.037471,0.037455,0.037590,0.037513,0.037459,0.037969,0.040495,0.040711,0.041027,0.040908,0.040685
mm_fa0a69ae4bac2b,0.016938,0.080119,0.079411,0.080432,0.080062,0.079477,0.080266,0.073038,0.073137,0.073920,0.073421,0.073012,0.073211,0.032521,0.032622,0.032714,0.032698,0.032598,0.032593,0.030821,0.031020,0.031312,0.031218,0.030941
mm_7a6e7184355d79,0.016938,0.034041,0.033910,0.034702,0.034354,0.034074,0.034358,0.035405,0.035821,0.036620,0.035981,0.035681,0.036227,0.029274,0.029297,0.029537,0.029495,0.029344,0.029356,0.029906,0.030144,0.030454,0.030500,0.030113
mm_965dce67295012,0.016938,0.032514,0.032719,0.033266,0.033194,0.032615,0.033374,0.030006,0.030462,0.031219,0.030588,0.030797,0.030610,0.027908,0.028134,0.028251,0.028227,0.028181,0.028259,0.025777,0.025941,0.026088,0.026073,0.025847
mm_3b108e9331b79e,0.016938,0.039147,0.039065,0.039840,0.039637,0.039128,0.039678,0.033483,0.034074,0.034732,0.034372,0.034375,0.034297,0.040424,0.041107,0.041354,0.041204,0.041212,0.032879,0.049326,0.049606,0.049005,0.048218,0.047931
mm_6e9eb56f44f455,0.016938,0.059408,0.059170,0.060352,0.059826,0.064245,0.066967,0.082463,0.085942,0.086893,0.086394,0.104691,0.131077,0.042665,0.040636,0.040780,0.040417,0.040375,0.040372,0.027179,0.027094,0.027736,0.027561,0.027258
mm_ae3aa36d350d25,0.016938,0.077398,0.076706,0.078189,0.077329,0.076988,0.077257,0.071179,0.071017,0.071630,0.071009,0.070869,0.070908,0.033202,0.033071,0.033162,0.032761,0.032783,0.032678,0.030689,0.030870,0.030962,0.030782,0.030441
mm_349b0f798c3e6b,0.016938,0.032142,0.031990,0.032691,0.032689,0.032368,0.032574,0.029038,0.029498,0.030277,0.029768,0.029988,0.029924,0.025522,0.025677,0.025852,0.025794,0.025735,0.025972,0.024788,0.025047,0.025288,0.025403,0.025087
mm_6c63adecefef91,0.016938,0.034305,0.034669,0.035277,0.035353,0.034948,0.035456,0.029318,0.029232,0.030414,0.029884,0.030038,0.029850,0.027878,0.027894,0.028174,0.028179,0.028150,0.028181,0.028676,0.028920,0.029064,0.029248,0.029025
mm_f8b3d402b7205f,0.016938,0.035150,0.035112,0.035951,0.035651,0.035010,0.035642,0.035543,0.035564,0.036397,0.036088,0.035927,0.035916,0.038262,0.038337,0.038506,0.038388,0.038584,0.038459,0.046238,0.046312,0.046544,0.046564,0.046255
mm_264281ea325b99,0.016938,0.080133,0.079324,0.080343,0.080110,0.079722,0.081265,0.041611,0.041521,0.042511,0.041668,0.041478,0.042058,0.029021,0.029114,0.029414,0.029282,0.029241,0.029270,0.029650,0.029787,0.029961,0.029952,0.029634
mm_7a3f672b6464e7,0.016938,0.117142,0.116154,0.117241,0.116783,0.116210,0.119689,0.070102,0.070367,0.071139,0.070576,0.070291,0.070797,0.039098,0.039108,0.039257,0.039240,0.038925,0.039121,0.037339,0.037462,0.037717,0.037807,0.037287
mm_00618fef6f51f2,0.016938,0.035368,0.035483,0.036514,0.036203,0.035431,0.035906,0.069841,0.069513,0.070788,0.070094,0.099660,0.110761,0.066582,0.066659,0.066917,0.066837,0.066746,0.044387,0.057515,0.056825,0.056640,0.055340,0.055105
mm_0d202a3413ee41,0.016938,0.061747,0.061526,0.062577,0.062167,0.061642,0.045863,0.041505,0.041569,0.042461,0.041566,0.041278,0.041430,0.035086,0.035747,0.035841,0.035803,0.035635,0.035710,0.032624,0.032704,0.033244,0.032701,0.032646
mm_df4a617bcd5c23,0.016938,0.032438,0.032383,0.033245,0.032902,0.032337,0.033073,0.030189,0.030737,0.031660,0.031248,0.030889,0.031082,0.026003,0.025979,0.026289,0.026149,0.026123,0.026149,0.025190,0.025371,0.025786,0.025829,0.025364
mm_4fe5b7f5f16bd3,0.016938,0.086513,0.087042,0.087933,0.087708,0.087028,0.087614,0.058382,0.058320,0.059164,0.059863,0.061367,0.061471,0.034776,0.034667,0.035021,0.034835,0.034739,0.034969,0.040161,0.040348,0.040720,0.040363,0.039997
mm_cd8802f96d373b,0.016938,0.082750,0.082122,0.083161,0.082760,0.082106,0.082686,0.052764,0.052510,0.053378,0.052764,0.052585,0.052718,0.030978,0.031087,0.031220,0.031053,0.031019,0.031007,0.025682,0.025634,0.026253,0.026030,0.025775
mm_f23e8898070af8,0.016938,0.036448,0.035988,0.037002,0.036750,0.036225,0.036600,0.032739,0.033081,0.033886,0.033352,0.033466,0.033333,0.026147,0.026165,0.026482,0.026338,0.026221,0.026372,0.025403,0.025690,0.025888,0.026005,0.025734
mm_528ec671142d0c,0.016938,0.039921,0.039605,0.040579,0.040456,0.039899,0.040090,0.037088,0.037546,0.038473,0.037837,0.037586,0.037655,0.065212,0.064775,0.064794,0.064785,0.064617,0.064737,0.046350,0.046481,0.046466,0.046118,0.045950
mm_514b42ff00f6dc,0.016938,0.083073,0.082800,0.083398,0.083052,0.082724,0.084958,0.048383,0.048069,0.048790,0.048226,0.048089,0.039489,0.034981,0.035035,0.035291,0.034783,0.034665,0.034728,0.030628,0.030802,0.030978,0.031186,0.030672
mm_46cd2c39d0bba5,0.016938,0.065104,0.064964,0.065924,0.065570,0.065032,0.047669,0.086269,0.087179,0.088052,0.087542,0.105945,0.113666,0.073737,0.073728,0.073941,0.073893,0.111899,0.148800,0.055449,0.054715,0.054983,0.054900,0.054578
mm_2a44f982ff5717,0.016938,0.086727,0.093787,0.095375,0.095035,0.094510,0.094832,0.047871,0.047901,0.049337,0.048485,0.048607,0.048423,0.076007,0.075462,0.075535,0.075435,0.075293,0.075653,0.049986,0.050051,0.050382,0.049721,0.049356
mm_723116e9de8795,0.016938,0.065070,0.065077,0.065906,0.065503,0.065405,0.047835,0.072735,0.072706,0.073847,0.073189,0.074323,0.073601,0.051508,0.051568,0.051738,0.051594,0.061301,0.062137,0.055826,0.055410,0.054621,0.054323,0.053888
mm_addbeb7fc250b5,0.016938,0.074626,0.074376,0.075355,0.075119,0.106196,0.118132,0.065903,0.069639,0.070562,0.069922,0.070029,0.048735,0.077219,0.077131,0.077418,0.077382,0.094501,0.102155,0.050834,0.050146,0.049785,0.049403,0.049182
mm_4f7f8719e210d8,0.016938,0.057044,0.057391,0.057963,0.057933,0.057554,0.044209,0.068183,0.068273,0.069329,0.068848,0.096363,0.123761,0.035189,0.035286,0.035494,0.035428,0.035308,0.035184,0.029701,0.030092,0.030408,0.030218,0.030190
mm_0ec061f3fad685,0.016938,0.047371,0.047126,0.048077,0.047759,0.047206,0.047781,0.038392,0.038757,0.039688,0.039283,0.039184,0.039002,0.037473,0.037411,0.037582,0.037516,0.037482,0.037534,0.045878,0.046295,0.046425,0.046492,0.046226
mm_f8dc5ba504763a,0.016938,0.032556,0.032880,0.033441,0.033255,0.032771,0.033073,0.029979,0.030361,0.031187,0.030575,0.030687,0.030486,0.028299,0.028328,0.028496,0.028496,0.028462,0.028407,0.028939,0.029185,0.029433,0.029445,0.029236
mm_c2da80a120371d,0.016938,0.059062,0.061691,0.062513,0.062240,0.082202,0.095048,0.043654,0.043234,0.044522,0.043418,0.043315,0.043350,0.051975,0.051922,0.052398,0.052167,0.052133,0.037132,0.057608,0.057158,0.056601,0.055568,0.055147
mm_c70fd369e711f6,0.016938,0.032974,0.033313,0.033951,0.033605,0.032919,0.033660,0.033630,0.033837,0.034354,0.034003,0.033848,0.034050,0.034096,0.034283,0.034453,0.034363,0.034322,0.034306,0.034576,0.034916,0.035061,0.035071,0.034845
mm_c11c8be6205d56,0.016938,0.082554,0.082110,0.083009,0.082717,0.082242,0.082678,0.043517,0.043002,0.044198,0.043185,0.043026,0.043274,0.065626,0.065089,0.065294,0.065132,0.064998,0.065082,0.047150,0.047326,0.047669,0.047623,0.047304
mm_1559992ad962aa,0.016938,0.038244,0.038161,0.039013,0.038603,0.038341,0.038482,0.034753,0.035019,0.035836,0.035315,0.035120,0.035198,0.031167,0.031295,0.031479,0.031410,0.031308,0.031365,0.025619,0.025961,0.026088,0.026028,0.025765
mm_254b0827988ab3,0.016938,0.075344,0.074888,0.075773,0.075319,0.075143,0.075288,0.093126,0.092578,0.094363,0.093430,0.093318,0.093550,0.037876,0.038069,0.038241,0.038070,0.037970,0.038395,0.045258,0.045008,0.044556,0.043964,0.043675
mm_c51f222121b9e0,0.016938,0.088917,0.088098,0.089450,0.088824,0.088279,0.089474,0.078547,0.078720,0.079292,0.078916,0.078639,0.078727,0.037570,0.037172,0.037435,0.037009,0.037024,0.036953,0.030825,0.031057,0.031227,0.031056,0.030608
mm_83835db9b96140,0.016938,0.046634,0.046422,0.047384,0.047085,0.046540,0.047388,0.091851,0.092749,0.093828,0.096397,0.099723,0.099649,0.034689,0.034577,0.034608,0.034451,0.034293,0.034374,0.031867,0.032053,0.032235,0.032135,0.031926
mm_8052a9fbdcfb93,0.016938,0.082777,0.083253,0.084017,0.083847,0.083363,0.085881,0.064384,0.069158,0.070095,0.069788,0.069553,0.048786,0.075968,0.075934,0.076310,0.076155,0.097251,0.102483,0.052442,0.052510,0.052719,0.052853,0.052430
mm_cb918906f69eba,0.016938,0.088358,0.087652,0.088708,0.088316,0.087714,0.092885,0.071401,0.071798,0.072367,0.072061,0.080069,0.079770,0.044123,0.044099,0.044374,0.044233,0.044685,0.044625,0.047564,0.047683,0.047959,0.047729,0.047421
mm_afa9cf718e26da,0.016938,0.051204,0.051146,0.052252,0.051599,0.051404,0.051493,0.071184,0.071174,0.071779,0.071163,0.070988,0.071572,0.060663,0.064333,0.064517,0.064384,0.064338,0.064361,0.051066,0.050729,0.050600,0.049899,0.049633
mm_3e0033e5047ecb,0.016938,0.136676,0.137724,0.139584,0.139449,0.138962,0.139318,0.061181,0.062344,0.063164,0.062423,0.062376,0.062378,0.084137,0.083683,0.084404,0.084243,0.084168,0.084231,0.051213,0.050865,0.050698,0.050288,0.049982
mm_77bb2432c39020,0.016938,0.032614,0.032880,0.033704,0.033210,0.032775,0.033301,0.030459,0.030864,0.031439,0.031017,0.030818,0.031025,0.026333,0.026325,0.026591,0.026482,0.026466,0.026501,0.025439,0.025729,0.026021,0.025958,0.025564
mm_c1eea8a8aa1e93,0.016938,0.038039,0.038686,0.039224,0.039222,0.038895,0.039106,0.032035,0.031736,0.032803,0.032388,0.032440,0.032239,0.025802,0.025917,0.026143,0.026051,0.026031,0.026048,0.025010,0.025419,0.025606,0.025606,0.025461
mm_8d7f64650e42be,0.016938,0.032797,0.033130,0.033594,0.033386,0.033192,0.033229,0.030204,0.030087,0.030953,0.030589,0.030413,0.030435,0.026090,0.026240,0.026492,0.026441,0.026359,0.026406,0.025264,0.025469,0.025670,0.025753,0.025442
mm_bf9620a82f7cb2,0.016938,0.049355,0.049582,0.050575,0.050112,0.049561,0.049877,0.068319,0.068633,0.069142,0.068753,0.068414,0.068815,0.041720,0.043207,0.043365,0.043299,0.043888,0.044352,0.047736,0.048062,0.048415,0.048160,0.048073
mm_c40018b728e055,0.016938,0.063240,0.064868,0.065848,0.065422,0.064914,0.047699,0.081556,0.082579,0.083285,0.082743,0.107270,0.118974,0.061317,0.060960,0.061258,0.061166,0.061077,0.062348,0.055576,0.054921,0.055227,0.054242,0.053940
mm_02548b8037057f,0.016938,0.034091,0.034021,0.034970,0.034849,0.034257,0.034790,0.029968,0.030195,0.031112,0.030718,0.030728,0.030503,0.026171,0.026098,0.026387,0.026320,0.026277,0.026288,0.025893,0.026192,0.026478,0.026514,0.026267
mm_815cb4c7084a8f,0.016938,0.033248,0.033238,0.033939,0.033763,0.033317,0.033501,0.030335,0.030531,0.031185,0.030803,0.030748,0.030578,0.026183,0.026131,0.026331,0.026292,0.026249,0.026205,0.025360,0.025541,0.025764,0.025783,0.025604
mm_1b10e550154ab8,0.016938,0.069106,0.069314,0.069936,0.069559,0.076087,0.076779,0.042515,0.042030,0.042820,0.042037,0.041885,0.041697,0.047308,0.047681,0.047934,0.047851,0.047786,0.035427,0.045368,0.045548,0.045506,0.045765,0.045306
mm_094d2e9663ba5a,0.016938,0.042818,0.042960,0.043930,0.043509,0.042915,0.042734,0.061790,0.061982,0.062756,0.062526,0.072745,0.080661,0.052087,0.052103,0.052229,0.052185,0.052091,0.037231,0.050144,0.050356,0.050579,0.050748,0.050205
mm_b7d888809fcb84,0.016938,0.055775,0.055708,0.056560,0.056085,0.056191,0.056434,0.068522,0.074866,0.075461,0.075097,0.074863,0.076208,0.052056,0.053487,0.053529,0.053462,0.061780,0.062012,0.049453,0.049581,0.049517,0.049123,0.048959
mm_0f017bc6bf71d2,0.016938,0.057893,0.057695,0.058549,0.058238,0.057725,0.058160,0.096440,0.095682,0.097608,0.096678,0.096680,0.096917,0.034861,0.034764,0.034985,0.034918,0.034734,0.034860,0.031002,0.031127,0.031272,0.031360,0.031188
mm_19325fdb558e72,0.016938,0.065294,0.065727,0.066672,0.066250,0.065613,0.048503,0.066693,0.072298,0.073444,0.072821,0.072550,0.073800,0.050201,0.050287,0.050361,0.050272,0.057622,0.059094,0.048653,0.048781,0.048957,0.048852,0.048620
mm_a73a2bbbe5c4c1,0.016938,0.076473,0.076796,0.077759,0.077474,0.125723,0.178347,0.060406,0.063543,0.064275,0.063900,0.063722,0.045511,0.032540,0.032308,0.032496,0.032093,0.032132,0.032020,0.025293,0.025529,0.025832,0.025868,0.025529
mm_91fe00433548b1,0.016938,0.043964,0.043912,0.044784,0.044443,0.043820,0.044620,0.042942,0.042711,0.044060,0.043371,0.043195,0.043635,0.073539,0.073074,0.073347,0.073263,0.073148,0.073489,0.051697,0.051058,0.051411,0.050453,0.050222
mm_bba36ea13db95d,0.016938,0.037311,0.036685,0.037939,0.037684,0.037334,0.037486,0.033787,0.033919,0.034957,0.034370,0.034346,0.034217,0.030461,0.030452,0.030530,0.030462,0.030461,0.030491,0.026117,0.026139,0.026386,0.026284,0.026074
mm_17529fc5b7edb4,0.016938,0.071841,0.071692,0.072512,0.072149,0.071764,0.072104,0.074705,0.078445,0.078900,0.078713,0.078469,0.078656,0.063985,0.068295,0.068418,0.068414,0.068302,0.068489,0.049579,0.049120,0.049470,0.048462,0.048410
mm_9d9d0059932bf2,0.016938,0.034144,0.034091,0.034712,0.034683,0.034234,0.034417,0.031088,0.031133,0.032010,0.031712,0.031572,0.031409,0.026634,0.026702,0.026893,0.026835,0.026834,0.026905,0.025482,0.025733,0.025819,0.025977,0.025751
mm_260f6fdd83aa36,0.016938,0.032839,0.033022,0.033800,0.033489,0.032931,0.033376,0.030666,0.030849,0.031946,0.031251,0.031245,0.031138,0.026306,0.026339,0.026454,0.026494,0.026352,0.026400,0.025439,0.025735,0.025751,0.025845,0.025410
mm_365fc12a3d5ca2,0.016938,0.033823,0.033953,0.034891,0.034393,0.033714,0.034399,0.034044,0.034375,0.035199,0.034676,0.034524,0.034667,0.028985,0.029112,0.029236,0.029067,0.028972,0.029050,0.030585,0.030624,0.030864,0.030707,0.030397
mm_a1a8093995b5e1,0.016938,0.033416,0.033550,0.034215,0.033833,0.033367,0.033956,0.038048,0.038277,0.038945,0.038575,0.038406,0.038510,0.026927,0.026921,0.027163,0.027022,0.027006,0.027053,0.025933,0.025969,0.026361,0.026292,0.025945
mm_61dae3acd7b3ee,0.016938,0.058365,0.058928,0.059928,0.059358,0.061268,0.061755,0.064458,0.064912,0.065732,0.065209,0.065027,0.046449,0.039876,0.040021,0.040213,0.040078,0.040053,0.035219,0.052996,0.052655,0.052015,0.051071,0.050779
mm_376e9e38213d6d,0.016938,0.057060,0.060358,0.061541,0.061264,0.060582,0.046278,0.069759,0.069950,0.070772,0.070216,0.097021,0.103634,0.052995,0.053029,0.053230,0.053002,0.071531,0.074076,0.055339,0.055112,0.055005,0.054593,0.054212
mm_e098266049d687,0.016938,0.046587,0.046878,0.047424,0.047327,0.047091,0.047143,0.044946,0.044794,0.045670,0.045265,0.045353,0.045084,0.076441,0.076089,0.076054,0.076015,0.075925,0.075968,0.033965,0.033825,0.034456,0.034077,0.033839
mm_e682ab40868743,0.016938,0.031942,0.032180,0.032844,0.032856,0.032419,0.032902,0.030067,0.029952,0.030775,0.030544,0.030549,0.030222,0.028170,0.028229,0.028377,0.028431,0.028391,0.028471,0.028458,0.028696,0.029086,0.029208,0.028848
mm_c1c0ca3dc112d5,0.016938,0.062512,0.062381,0.063536,0.063129,0.062704,0.046318,0.061684,0.061673,0.062866,0.062197,0.063777,0.063436,0.057791,0.057480,0.057716,0.057672,0.057592,0.058479,0.051442,0.051636,0.051876,0.051536,0.051211
mm_60dc87d9ba4373,0.016938,0.071645,0.071239,0.072547,0.071956,0.071480,0.072055,0.037006,0.037170,0.038220,0.037692,0.037508,0.037357,0.071822,0.071165,0.071060,0.070359,0.070323,0.070362,0.034397,0.034703,0.034878,0.034950,0.034581
mm_e49ea15dcbb13a,0.016938,0.062574,0.062604,0.063368,0.063065,0.062308,0.046728,0.039309,0.039574,0.040282,0.039679,0.039872,0.039543,0.049088,0.049103,0.049393,0.049310,0.049230,0.035695,0.050467,0.050809,0.051168,0.051136,0.050833
mm_1d3655a39a3165,0.016938,0.033026,0.032859,0.033752,0.033402,0.032757,0.033423,0.030797,0.031027,0.031928,0.031430,0.031297,0.031360,0.026101,0.026255,0.026546,0.026344,0.026342,0.026371,0.025413,0.025687,0.025964,0.025875,0.025511
mm_3b6d9705b10e93,0.016938,0.059411,0.063436,0.064169,0.063846,0.063349,0.047369,0.078938,0.086168,0.086907,0.086374,0.128497,0.174132,0.068580,0.068659,0.068983,0.068847,0.103958,0.139781,0.060445,0.056888,0.057190,0.056605,0.056316
mm_af191932298260,0.016938,0.033393,0.033340,0.034364,0.034231,0.033511,0.033895,0.031250,0.030999,0.032051,0.031659,0.031417,0.031267,0.026262,0.026267,0.026457,0.026433,0.026329,0.026347,0.025612,0.025814,0.026152,0.026020,0.025754
mm_afcb343b916418,0.016938,0.032149,0.032156,0.032791,0.032799,0.032333,0.032926,0.029990,0.030134,0.031025,0.030697,0.030741,0.030697,0.026127,0.026184,0.026373,0.026381,0.026316,0.026402,0.025057,0.025230,0.025526,0.025692,0.025405
mm_a35cbe96d38e25,0.016938,0.040100,0.040839,0.041811,0.041278,0.041175,0.041304,0.035835,0.036181,0.036847,0.036249,0.036010,0.036290,0.044184,0.044175,0.044372,0.044255,0.044228,0.033442,0.051852,0.051228,0.051205,0.050153,0.049870
mm_44a9be30ad16f0,0.016938,0.047141,0.046705,0.047768,0.047383,0.046819,0.047273,0.071824,0.071587,0.072362,0.071798,0.071528,0.071877,0.032126,0.032246,0.032457,0.032334,0.032284,0.032332,0.031070,0.031261,0.031557,0.031441,0.031174
mm_c9c6d36269cb9a,0.016938,0.033925,0.034128,0.034743,0.034578,0.034012,0.034720,0.050932,0.054640,0.055287,0.054670,0.054805,0.040776,0.051007,0.051100,0.051375,0.051181,0.051297,0.036601,0.060275,0.056901,0.056397,0.055348,0.055012
mm_8ba2f24ee3e7a4,0.016938,0.040464,0.040906,0.041564,0.041055,0.040779,0.040528,0.039044,0.039128,0.039784,0.038725,0.038804,0.038758,0.036055,0.036771,0.037017,0.036946,0.036884,0.036891,0.033991,0.034189,0.034282,0.034054,0.033883
mm_516a22516a3bc4,0.016938,0.032319,0.032352,0.033160,0.032987,0.032987,0.033065,0.032562,0.032547,0.033593,0.033091,0.032917,0.033381,0.026877,0.027055,0.027342,0.027223,0.027241,0.027210,0.025048,0.025457,0.025609,0.025680,0.025323
mm_c96d786c071f7f,0.016938,0.088324,0.096017,0.097651,0.097408,0.096895,0.099677,0.083485,0.083020,0.084179,0.083210,0.083200,0.083174,0.064624,0.064292,0.064296,0.064195,0.064095,0.064434,0.049956,0.050022,0.050055,0.050146,0.049878
mm_a3896340de3c01,0.016938,0.089066,0.089771,0.090619,0.090099,0.089717,0.090229,0.044656,0.046532,0.047360,0.047122,0.046830,0.047477,0.115494,0.120050,0.121472,0.121411,0.121349,0.121335,0.043182,0.042754,0.043026,0.042364,0.042184
mm_c9da7c3b1ef310,0.016938,0.053002,0.052979,0.054359,0.054049,0.053389,0.053873,0.069309,0.069175,0.069732,0.069503,0.069093,0.069087,0.031452,0.031459,0.031645,0.031620,0.031500,0.031554,0.030655,0.030786,0.031188,0.031181,0.030775
mm_a381de32145477,0.016938,0.035736,0.035840,0.036583,0.036281,0.035874,0.036358,0.065093,0.070650,0.071537,0.071040,0.071017,0.071128,0.035025,0.034664,0.034798,0.034422,0.034316,0.034410,0.029518,0.029912,0.030151,0.030151,0.029898
mm_d76c79ca3904ec,0.016938,0.078621,0.081592,0.082562,0.081965,0.081528,0.082941,0.053111,0.053255,0.053806,0.053330,0.053124,0.040622,0.073936,0.074049,0.074205,0.074129,0.079978,0.079637,0.050068,0.049527,0.049888,0.049275,0.049020
mm_d3aff7eb7f3a51,0.016938,0.031354,0.031607,0.032246,0.032233,0.032026,0.032276,0.032216,0.032344,0.033080,0.032733,0.032853,0.032840,0.027709,0.027942,0.027980,0.027994,0.028066,0.028017,0.025799,0.025991,0.026022,0.026330,0.026039
mm_f5f8cd3469e20a,0.016938,0.118035,0.118443,0.119310,0.119034,0.118382,0.118635,0.036408,0.036234,0.037228,0.036481,0.036224,0.036358,0.103669,0.103550,0.103459,0.103344,0.103295,0.103187,0.038321,0.038371,0.038378,0.038205,0.037781
mm_cfbc9c695ef140,0.016938,0.033174,0.033194,0.034166,0.033735,0.033254,0.033645,0.030365,0.030751,0.031451,0.031072,0.030884,0.031063,0.026074,0.026161,0.026302,0.026305,0.026223,0.026220,0.025390,0.025543,0.025707,0.025717,0.025494
mm_2bb2a9177353c3,0.016938,0.036430,0.036517,0.037104,0.036843,0.036514,0.036809,0.037445,0.037330,0.037961,0.037399,0.037250,0.037388,0.029272,0.029163,0.029501,0.029314,0.029192,0.029336,0.029932,0.030049,0.030568,0.030512,0.030002
mm_41dadae5c1a1ec,0.016938,0.045587,0.047898,0.048843,0.048394,0.048095,0.048482,0.036940,0.036989,0.037661,0.037377,0.037199,0.037212,0.037213,0.037234,0.037369,0.037313,0.037254,0.036989,0.049836,0.049358,0.049650,0.048843,0.048614
mm_b4413707dd2f02,0.016938,0.048927,0.048971,0.049871,0.049571,0.049049,0.049599,0.066038,0.065564,0.066676,0.065798,0.065929,0.066128,0.035010,0.034679,0.034818,0.034460,0.034329,0.034420,0.030299,0.030739,0.030945,0.030899,0.030552
mm_ddfc368552b6c1,0.016938,0.034250,0.034054,0.035134,0.034783,0.034478,0.034656,0.062778,0.064197,0.065107,0.064602,0.064533,0.064456,0.040975,0.042477,0.042565,0.042582,0.042525,0.032789,0.057176,0.056482,0.056132,0.054997,0.054846
mm_a7cfd61383933e,0.016938,0.036386,0.036546,0.037573,0.036953,0.036577,0.036998,0.039656,0.039758,0.040391,0.039854,0.039524,0.039936,0.030751,0.030723,0.030940,0.030846,0.030771,0.030791,0.029958,0.030115,0.030304,0.030503,0.030002
mm_a1359013ada443,0.016938,0.033789,0.033313,0.034302,0.034162,0.033611,0.033795,0.043553,0.043402,0.044174,0.043903,0.043709,0.043829,0.026391,0.026465,0.026797,0.026605,0.026605,0.026683,0.025459,0.025714,0.025975,0.025909,0.025554
mm_7e7ab5d79b276b,0.016938,0.083877,0.083089,0.084287,0.083661,0.083465,0.083551,0.065974,0.065631,0.066495,0.065914,0.065556,0.065700,0.085014,0.084465,0.085348,0.085209,0.085109,0.085152,0.050760,0.050094,0.050467,0.049607,0.049276
mm_aba82e3f1e36c8,0.016938,0.066282,0.071091,0.072113,0.071809,0.071023,0.071484,0.093546,0.092636,0.093619,0.092913,0.092819,0.092709,0.065995,0.065572,0.065680,0.065560,0.065423,0.065832,0.040070,0.040221,0.040752,0.040598,0.040184
mm_c4c0487c4ad2d4,0.016938,0.034986,0.035182,0.035906,0.035557,0.035072,0.035460,0.058463,0.060306,0.061081,0.060689,0.060335,0.043907,0.055673,0.061057,0.061229,0.061160,0.061146,0.061109,0.040081,0.040354,0.040492,0.040118,0.039904
mm_8871a920a8b0bf,0.016938,0.038977,0.038715,0.039620,0.039363,0.038660,0.039089,0.057317,0.060774,0.061304,0.060981,0.060777,0.060943,0.050325,0.051212,0.051250,0.051177,0.051100,0.051308,0.047138,0.047489,0.047587,0.047528,0.047286
mm_b80c6272f27f10,0.016938,0.032813,0.032600,0.033670,0.033367,0.033060,0.033445,0.033854,0.034248,0.034997,0.034566,0.034344,0.034522,0.027845,0.028037,0.028273,0.028096,0.028115,0.028112,0.025171,0.025396,0.025770,0.025666,0.025489
mm_9be12556e8aa32,0.016938,0.069122,0.074499,0.075176,0.074812,0.074149,0.074589,0.083656,0.082951,0.084138,0.083153,0.083253,0.083183,0.071719,0.071287,0.071295,0.071211,0.071135,0.071151,0.054083,0.054093,0.054424,0.053878,0.053576
mm_90bc9bb63b3b9f,0.016938,0.036879,0.037089,0.037754,0.037764,0.037299,0.037785,0.043173,0.044469,0.045401,0.045287,0.045014,0.040058,0.031651,0.031745,0.031969,0.031965,0.031976,0.031890,0.025160,0.025376,0.025698,0.025802,0.025500
mm_b69617e6ccc511,0.016938,0.052734,0.053098,0.053891,0.053678,0.053193,0.053480,0.041025,0.041058,0.041536,0.041110,0.040934,0.040908,0.029835,0.029684,0.029849,0.029658,0.029674,0.029584,0.030608,0.030616,0.030781,0.030756,0.030396
mm_38dfc042f58cb0,0.016938,0.134737,0.135495,0.137672,0.137323,0.136767,0.137242,0.035038,0.035168,0.035955,0.035296,0.035352,0.035275,0.026626,0.026626,0.026942,0.026804,0.026706,0.026838,0.025390,0.025578,0.025899,0.025941,0.025559
mm_65dca92c1cdedd,0.016938,0.069751,0.072181,0.072914,0.072506,0.084169,0.084589,0.080190,0.079554,0.080198,0.079669,0.079589,0.080921,0.059252,0.059357,0.059462,0.059345,0.059312,0.040813,0.057990,0.057071,0.057391,0.056587,0.056291
mm_56ea7bd1bca625,0.016938,0.140731,0.139746,0.141843,0.141425,0.141175,0.141341,0.052609,0.052848,0.053623,0.053018,0.053609,0.053326,0.062024,0.061721,0.061764,0.061645,0.061645,0.061618,0.051152,0.050756,0.050845,0.050117,0.049783
mm_eb9096d3a155e9,0.016938,0.071980,0.072365,0.073101,0.072917,0.072405,0.073813,0.066535,0.071399,0.072384,0.071974,0.071723,0.071811,0.053338,0.056085,0.056340,0.056270,0.056229,0.056151,0.043915,0.043644,0.043815,0.043459,0.043154
mm_b4c6395d02c4a1,0.016938,0.033885,0.033974,0.034783,0.034721,0.034093,0.034347,0.068694,0.070949,0.071862,0.071508,0.071325,0.071210,0.093936,0.101258,0.101474,0.101388,0.101302,0.101410,0.039748,0.039850,0.040297,0.040344,0.039802
mm_6f83073937dbf9,0.016938,0.099792,0.098725,0.100013,0.099430,0.098872,0.099451,0.036779,0.037051,0.038177,0.037325,0.037217,0.037159,0.030871,0.030824,0.030905,0.030683,0.030627,0.030696,0.025686,0.025995,0.026033,0.026035,0.025826
mm_9861ceecbf44f7,0.016938,0.065649,0.069546,0.070517,0.070125,0.069611,0.070029,0.038558,0.038695,0.039244,0.038903,0.038867,0.038784,0.058350,0.061894,0.061953,0.061936,0.061915,0.061960,0.046746,0.047009,0.047115,0.047176,0.046853
mm_bc29be05157c3d,0.016938,0.035179,0.035385,0.036047,0.035818,0.035337,0.035783,0.031409,0.031880,0.032685,0.031952,0.031846,0.031967,0.036777,0.038715,0.038939,0.038792,0.038718,0.038873,0.029116,0.029221,0.029602,0.029576,0.029239
mm_e9155bbff88049,0.016938,0.060153,0.062780,0.063592,0.063139,0.066329,0.056394,0.055429,0.055500,0.056153,0.055677,0.055716,0.042335,0.047412,0.050915,0.051074,0.050988,0.050974,0.036834,0.057891,0.056866,0.057049,0.056486,0.056212
mm_b3759fa73c8b9b,0.016938,0.039326,0.039319,0.040038,0.039921,0.039260,0.040068,0.055826,0.057412,0.058543,0.058032,0.057855,0.057835,0.050613,0.050691,0.050807,0.050646,0.057153,0.056913,0.054456,0.054167,0.053972,0.053696,0.053280
mm_560c50f214eaf8,0.016938,0.062050,0.061421,0.062775,0.062342,0.062005,0.045955,0.067387,0.067063,0.068140,0.067628,0.067409,0.067965,0.033028,0.033136,0.033415,0.033293,0.033283,0.033293,0.030177,0.030151,0.030299,0.030343,0.030034
mm_5e6bb4235f715f,0.016938,0.079413,0.078719,0.079666,0.079323,0.078768,0.079399,0.061623,0.066199,0.067128,0.066682,0.066583,0.066447,0.032223,0.032058,0.032246,0.032010,0.031891,0.031982,0.030299,0.030680,0.030916,0.030918,0.030661
mm_8b7f48c5a87b46,0.016938,0.051426,0.051732,0.052548,0.052168,0.051742,0.045711,0.048614,0.048704,0.049399,0.049048,0.050763,0.050770,0.032221,0.032162,0.032291,0.032093,0.032065,0.032095,0.025599,0.025825,0.026058,0.026157,0.025904
mm_04f8be6dabf472,0.016938,0.033436,0.033492,0.034367,0.034078,0.033576,0.034033,0.031014,0.030908,0.032363,0.031463,0.031239,0.031618,0.026242,0.026305,0.026484,0.026466,0.026371,0.026383,0.025576,0.025753,0.025972,0.026005,0.025765
mm_9ae3e3670ae5be,0.016938,0.038418,0.038677,0.039328,0.038844,0.038591,0.038736,0.054651,0.054915,0.055914,0.055116,0.055230,0.041119,0.048552,0.050049,0.050256,0.050196,0.050171,0.036635,0.046509,0.046857,0.046882,0.046943,0.046761
mm_1a73346d2bbc91,0.016938,0.049767,0.049768,0.050521,0.050302,0.049811,0.050272,0.061071,0.061219,0.061926,0.061478,0.075206,0.087549,0.062700,0.062274,0.062313,0.062239,0.062131,0.062221,0.047415,0.047676,0.047973,0.047879,0.047469
mm_6c46ef0a08b4ca,0.016938,0.040521,0.040297,0.041448,0.041018,0.040551,0.041058,0.037915,0.038267,0.039096,0.038448,0.038349,0.038223,0.120468,0.119735,0.120839,0.120659,0.120631,0.120652,0.050786,0.050297,0.050572,0.050063,0.049781
mm_41347a964085d5,0.016938,0.081324,0.080604,0.081616,0.081302,0.080569,0.081316,0.056838,0.060396,0.061353,0.060981,0.060604,0.060863,0.034587,0.034505,0.034643,0.034337,0.034273,0.034168,0.025922,0.026028,0.026213,0.026226,0.026000
mm_5e37c021882681,0.016938,0.032841,0.032630,0.033368,0.033418,0.033234,0.033292,0.033133,0.033347,0.033950,0.033734,0.033793,0.033687,0.027440,0.027508,0.027580,0.027702,0.027658,0.027555,0.025414,0.025473,0.025730,0.025982,0.025711
mm_47c06fb44f2060,0.016938,0.060883,0.060672,0.061923,0.061385,0.069128,0.072294,0.115852,0.114839,0.115949,0.115170,0.114922,0.115456,0.077677,0.077590,0.078345,0.078291,0.078119,0.078431,0.050928,0.050272,0.050392,0.049680,0.049338
mm_4ebbd3d0c170e0,0.016938,0.093315,0.092514,0.093655,0.093167,0.093024,0.093024,0.042491,0.042569,0.043419,0.042997,0.042768,0.042532,0.060625,0.062447,0.062518,0.062405,0.062349,0.062308,0.042905,0.043107,0.043024,0.042542,0.042284
mm_aaf1704f320033,0.016938,0.113691,0.114001,0.115042,0.114767,0.114142,0.113468,0.044226,0.044349,0.044920,0.044472,0.044459,0.044407,0.101878,0.101184,0.101123,0.100997,0.100888,0.104062,0.051384,0.050882,0.051179,0.050318,0.050065
mm_c47400158bb3c5,0.016938,0.064105,0.063897,0.065323,0.064553,0.064234,0.047281,0.086276,0.085730,0.086653,0.086187,0.085838,0.086073,0.064142,0.063779,0.063805,0.063694,0.063640,0.063685,0.041656,0.041864,0.042098,0.041869,0.041593
mm_d6e675e45a7e13,0.016938,0.038083,0.038527,0.039141,0.039115,0.038737,0.039207,0.032452,0.032525,0.033423,0.032908,0.032768,0.032792,0.028676,0.028734,0.028847,0.028891,0.028804,0.028790,0.029050,0.029422,0.029613,0.029644,0.029410
mm_6ea8d4bed038d1,0.016938,0.038626,0.038645,0.039515,0.039072,0.038493,0.039215,0.044994,0.046903,0.047729,0.047486,0.047049,0.045362,0.050095,0.052541,0.052781,0.052657,0.057959,0.057732,0.053540,0.053613,0.054026,0.053391,0.053208
mm_74ee6cc52d6ac1,0.016938,0.058509,0.062419,0.062967,0.062864,0.062342,0.046751,0.069518,0.071264,0.072225,0.071671,0.071618,0.071475,0.050733,0.050768,0.050841,0.050753,0.050702,0.036438,0.055253,0.054312,0.054534,0.053695,0.053272
mm_4896cac349626b,0.016938,0.077232,0.077747,0.078737,0.078286,0.117352,0.156579,0.069555,0.069919,0.070473,0.070066,0.069808,0.048756,0.069843,0.069818,0.070124,0.070046,0.076507,0.074915,0.048972,0.049208,0.049507,0.049500,0.049191
mm_0861393f5a2e70,0.016938,0.084668,0.083910,0.085145,0.084658,0.084202,0.086468,0.078800,0.078046,0.079195,0.078451,0.078254,0.078441,0.042834,0.045428,0.045696,0.045678,0.045519,0.034611,0.043817,0.044117,0.044352,0.044311,0.043979
mm_6b927cf397964b,0.016938,0.108835,0.107738,0.109774,0.109456,0.108904,0.109310,0.088478,0.088133,0.088811,0.088295,0.088044,0.088689,0.037573,0.039588,0.039799,0.039661,0.039566,0.039617,0.042795,0.042527,0.042699,0.042110,0.041826
mm_3d83f89e9d03af,0.016938,0.034052,0.034054,0.035002,0.034600,0.034045,0.034411,0.063544,0.063858,0.063491,0.063148,0.062841,0.063202,0.034138,0.034318,0.034521,0.034390,0.034288,0.034326,0.036071,0.036190,0.036292,0.036051,0.035864
mm_87eb03a0e28abd,0.016938,0.037221,0.037530,0.038420,0.038101,0.037535,0.037881,0.082121,0.082173,0.082989,0.081908,0.081851,0.081739,0.027806,0.027873,0.027938,0.027924,0.027815,0.027921,0.025639,0.025799,0.025908,0.025988,0.025756
mm_1155c409993659,0.016938,0.035923,0.035658,0.037109,0.036419,0.036194,0.036387,0.037740,0.038018,0.038957,0.038288,0.038111,0.038474,0.031774,0.031668,0.031625,0.031307,0.031254,0.031270,0.026309,0.026524,0.026706,0.026682,0.026475
mm_b8b155b2ba4961,0.016938,0.032402,0.032573,0.033099,0.033085,0.032745,0.033064,0.029500,0.030088,0.030526,0.030187,0.030202,0.030110,0.025713,0.025892,0.026065,0.025964,0.026030,0.025939,0.024982,0.025219,0.025315,0.025417,0.025184
mm_ef2f6bf643acf5,0.016938,0.033171,0.032988,0.033820,0.033679,0.033210,0.033554,0.030272,0.030446,0.031282,0.031047,0.030910,0.031031,0.026433,0.026351,0.026635,0.026595,0.026513,0.026528,0.025364,0.025501,0.025599,0.025748,0.025480
mm_12ca322ffee3e0,0.016938,0.036411,0.036513,0.037064,0.037077,0.036469,0.036921,0.035082,0.034839,0.035863,0.035310,0.035303,0.035222,0.029383,0.029202,0.029550,0.029400,0.029284,0.029310,0.030390,0.030500,0.030762,0.030839,0.030568
mm_44ce58ee8a12f0,0.016938,0.048568,0.048003,0.049331,0.048934,0.048539,0.048868,0.049704,0.049467,0.050340,0.049973,0.051447,0.052158,0.042925,0.044910,0.044959,0.044976,0.044937,0.033793,0.052905,0.052927,0.052992,0.053298,0.052973
mm_0fa813b83f4c34,0.016938,0.040606,0.040379,0.041619,0.041100,0.040641,0.040956,0.083798,0.082988,0.084368,0.083618,0.083324,0.083516,0.055000,0.058991,0.059213,0.059087,0.059097,0.058996,0.051639,0.051218,0.051299,0.050489,0.050201
mm_f5b1a80c4fe4f0,0.016938,0.052747,0.054803,0.055812,0.055588,0.054678,0.055270,0.080414,0.084649,0.085662,0.085112,0.085027,0.087167,0.079467,0.079064,0.079042,0.078935,0.078874,0.079223,0.043285,0.042846,0.043296,0.042529,0.042315
mm_80ed258362fbc3,0.016938,0.053320,0.056230,0.057290,0.057028,0.056813,0.057554,0.043068,0.043225,0.044457,0.043582,0.043655,0.043544,0.061217,0.060737,0.060802,0.060690,0.060583,0.060582,0.041534,0.041104,0.041523,0.040817,0.040531
mm_cdca6444dad614,0.016938,0.072939,0.073514,0.074281,0.073870,0.073610,0.073814,0.038942,0.038417,0.039260,0.038620,0.038360,0.038529,0.027757,0.027866,0.028151,0.027981,0.027889,0.027985,0.025725,0.025884,0.026153,0.026139,0.025913
mm_d87b2fac08eb6f,0.016938,0.032597,0.032408,0.033459,0.033181,0.032766,0.033043,0.030014,0.030346,0.031260,0.030809,0.030580,0.030926,0.026653,0.026779,0.026992,0.026976,0.026898,0.026946,0.025261,0.025548,0.025743,0.025824,0.025614
mm_67c94e327c8caa,0.016938,0.065899,0.066011,0.066804,0.066670,0.066215,0.048629,0.076456,0.076317,0.077152,0.076694,0.076664,0.078542,0.041697,0.041176,0.041369,0.040725,0.040693,0.040759,0.034898,0.034999,0.035321,0.035259,0.034875
mm_a2e72e1738dcf8,0.016938,0.038162,0.037894,0.039017,0.038528,0.038353,0.038392,0.043432,0.043336,0.044276,0.043784,0.043259,0.043272,0.029065,0.029243,0.029502,0.029362,0.029324,0.029302,0.025816,0.026161,0.026337,0.026311,0.025972
mm_9e68cf4912d82d,0.016938,0.038910,0.038696,0.039713,0.039352,0.038578,0.039188,0.037474,0.037668,0.038454,0.037971,0.037705,0.037681,0.069848,0.069317,0.069357,0.069251,0.069170,0.069165,0.047712,0.047868,0.047969,0.047575,0.047318
mm_ea30d063bb1c91,0.016938,0.085210,0.084731,0.085618,0.085341,0.084848,0.088286,0.061095,0.061028,0.062142,0.061279,0.061419,0.051522,0.048490,0.048506,0.048764,0.048649,0.049673,0.045719,0.052955,0.052567,0.052610,0.052204,0.051855
mm_992799858e8e92,0.016938,0.079032,0.082001,0.082780,0.082531,0.081949,0.082223,0.064743,0.064634,0.065623,0.064899,0.082811,0.101299,0.054572,0.058513,0.058790,0.058762,0.058587,0.040832,0.054130,0.053508,0.053336,0.052223,0.051987
mm_2ba28f8db268da,0.016938,0.033091,0.033467,0.033914,0.033797,0.033281,0.033980,0.030869,0.031223,0.031849,0.031404,0.031322,0.031305,0.026016,0.026212,0.026502,0.026295,0.026309,0.026346,0.025394,0.025627,0.025774,0.025987,0.025589
mm_9457431c6d5f0f,0.016938,0.092680,0.091619,0.092682,0.092329,0.091746,0.092212,0.078644,0.078519,0.079206,0.078716,0.078489,0.078678,0.065224,0.064661,0.064832,0.064654,0.064635,0.064680,0.046959,0.047199,0.047422,0.047442,0.047102
mm_9e62cb0f011d92,0.016938,0.047586,0.048993,0.049787,0.049400,0.048774,0.049311,0.073895,0.073698,0.074077,0.073587,0.073663,0.073634,0.062213,0.061841,0.061811,0.061761,0.061700,0.061678,0.051155,0.051260,0.051510,0.050797,0.050501
mm_2fd24d57b2a767,0.016938,0.032079,0.032196,0.033089,0.033148,0.032606,0.032960,0.029151,0.029319,0.030171,0.029820,0.029853,0.029728,0.040500,0.041212,0.041277,0.041356,0.041218,0.041347,0.027442,0.027632,0.027753,0.027832,0.027694
mm_e806c9d6065e1f,0.016938,0.036317,0.036108,0.037131,0.036922,0.036255,0.036760,0.033754,0.033966,0.034731,0.034501,0.034127,0.034210,0.028602,0.028673,0.028932,0.028785,0.028776,0.028676,0.029222,0.029532,0.029538,0.029582,0.029289
mm_0fdc564dae17f7,0.016938,0.033489,0.033387,0.034212,0.034023,0.033468,0.033702,0.033528,0.033705,0.034380,0.034097,0.033897,0.033837,0.026649,0.026773,0.026856,0.026810,0.026704,0.026743,0.025563,0.025877,0.026097,0.025975,0.025834
mm_e736f89fb8d131,0.016938,0.069929,0.069617,0.070837,0.070358,0.096890,0.110137,0.040503,0.040100,0.040986,0.040259,0.040286,0.040131,0.030516,0.030457,0.030624,0.030522,0.030544,0.030501,0.030944,0.031128,0.031366,0.031361,0.031045
mm_9c5a6acc6cb89f,0.016938,0.076733,0.077426,0.078235,0.077908,0.117413,0.156795,0.070757,0.070775,0.071651,0.071176,0.071083,0.049211,0.036615,0.036726,0.037009,0.036468,0.036365,0.036319,0.030511,0.030648,0.030852,0.030807,0.030504
mm_68aceeec2497e6,0.016938,0.040740,0.040546,0.041758,0.041265,0.040762,0.041125,0.077193,0.076611,0.078121,0.077144,0.077027,0.077007,0.063401,0.062443,0.062338,0.062255,0.062107,0.062213,0.034258,0.034386,0.034487,0.034059,0.033883
mm_5fc1944830320e,0.016938,0.033773,0.033951,0.034622,0.034403,0.033990,0.034406,0.064903,0.068470,0.069321,0.068664,0.068456,0.068740,0.033950,0.034810,0.035145,0.034989,0.035055,0.035044,0.027782,0.027954,0.028153,0.028156,0.027914
mm_6ec1e7082374d8,0.016938,0.039839,0.039609,0.040577,0.040408,0.039871,0.040099,0.053463,0.053703,0.054547,0.054229,0.053925,0.040019,0.051547,0.051838,0.051944,0.051950,0.051830,0.038440,0.054794,0.054215,0.053893,0.052899,0.052584
mm_72e83f476fa629,0.016938,0.038444,0.038376,0.039018,0.038879,0.038379,0.038680,0.032400,0.032367,0.033234,0.032897,0.032788,0.032654,0.028728,0.028754,0.028999,0.028881,0.028866,0.028831,0.030658,0.030507,0.030390,0.030479,0.030069
mm_d6191bc86bb09f,0.016938,0.037756,0.037891,0.038412,0.038285,0.037992,0.038230,0.040823,0.040623,0.041279,0.040589,0.040755,0.040601,0.028011,0.028010,0.028197,0.028089,0.028051,0.028102,0.025166,0.025475,0.025649,0.025754,0.025415
mm_487d084283cb0c,0.016938,0.047898,0.048888,0.049739,0.049416,0.048743,0.050100,0.071891,0.076315,0.077222,0.076473,0.076506,0.076365,0.124545,0.124664,0.125747,0.130311,0.134885,0.135014,0.050250,0.050176,0.050414,0.049726,0.049451
mm_1a6ae18233060c,0.016938,0.071238,0.073600,0.074367,0.074094,0.093114,0.109272,0.070516,0.069990,0.070980,0.070290,0.070233,0.071595,0.117598,0.117471,0.118541,0.118488,0.118357,0.118322,0.041695,0.041720,0.041806,0.041641,0.041245
mm_9070b498c7f048,0.016938,0.063786,0.063668,0.064747,0.064345,0.063930,0.047303,0.057244,0.057379,0.058338,0.057691,0.057476,0.044782,0.072608,0.072085,0.072456,0.072347,0.072240,0.076492,0.052033,0.051185,0.051450,0.051251,0.050917
mm_7dcc786448628f,0.016938,0.033504,0.033679,0.034650,0.034072,0.033710,0.033914,0.031287,0.031549,0.032273,0.031739,0.031596,0.031739,0.026590,0.026686,0.026782,0.026772,0.026714,0.026674,0.025856,0.025930,0.026214,0.026270,0.026042
mm_08ecfc06e700a7,0.016938,0.046326,0.047947,0.048943,0.048265,0.047922,0.048180,0.083175,0.082926,0.083514,0.082987,0.082714,0.083011,0.053538,0.057363,0.057564,0.057457,0.057392,0.057410,0.052226,0.051557,0.051869,0.051078,0.050693
mm_624193b37492a4,0.016938,0.033295,0.033327,0.034229,0.033807,0.033624,0.033759,0.030454,0.030466,0.031399,0.030953,0.030804,0.030768,0.026040,0.026069,0.026341,0.026258,0.026121,0.026247,0.025337,0.025654,0.025942,0.025918,0.025676
mm_c6308f1566bfad,0.016938,0.032877,0.032956,0.033967,0.033637,0.033173,0.033655,0.030066,0.030165,0.030996,0.030843,0.030575,0.030727,0.025890,0.025940,0.026154,0.026113,0.026132,0.026033,0.025196,0.025385,0.025336,0.025608,0.025172
mm_3f385f84bc1972,0.016938,0.040702,0.040674,0.041468,0.041010,0.040749,0.040872,0.119095,0.118632,0.119161,0.118604,0.118313,0.118507,0.059935,0.059623,0.059780,0.059632,0.059539,0.060532,0.055077,0.054384,0.054728,0.054093,0.053761
mm_cf4c880ed7ac49,0.016938,0.076114,0.075494,0.076476,0.076081,0.075384,0.076135,0.077757,0.085103,0.086234,0.085694,0.085283,0.085508,0.066207,0.066137,0.066176,0.066096,0.065992,0.065945,0.053503,0.053418,0.053563,0.053264,0.052801
mm_cc0673a75db1ee,0.016938,0.034577,0.034527,0.035236,0.034998,0.034545,0.035108,0.031045,0.031397,0.032507,0.031823,0.031725,0.031553,0.032518,0.032463,0.032633,0.032537,0.032485,0.032510,0.026387,0.026706,0.026720,0.026714,0.026526
mm_99d2c77918e49a,0.016938,0.080622,0.080208,0.081003,0.080836,0.080380,0.080754,0.069961,0.069392,0.070522,0.069804,0.069584,0.070049,0.036977,0.037065,0.037351,0.037324,0.037137,0.037159,0.025935,0.025919,0.026389,0.026263,0.026093
mm_42d961a9405e0a,0.016938,0.033476,0.033710,0.034316,0.034032,0.033482,0.034023,0.030798,0.030950,0.031610,0.031114,0.031052,0.030885,0.026168,0.026244,0.026379,0.026320,0.026282,0.026225,0.025541,0.025686,0.025862,0.025846,0.025620
mm_1428b528a01eb0,0.016938,0.033591,0.033688,0.034311,0.034123,0.033531,0.034014,0.033531,0.033661,0.034359,0.033960,0.034128,0.033562,0.027548,0.027559,0.027833,0.027647,0.027533,0.027648,0.025337,0.025654,0.025942,0.025918,0.025676
mm_ad4c31c51a3a51,0.016938,0.034659,0.034662,0.035464,0.035078,0.034523,0.035002,0.031615,0.032156,0.032964,0.032248,0.032400,0.032148,0.064218,0.063829,0.063919,0.063780,0.063687,0.063761,0.052558,0.052655,0.052952,0.052550,0.052201
mm_dad4fcc6d1fa18,0.016938,0.038421,0.038777,0.039470,0.039504,0.039091,0.039572,0.034431,0.034487,0.035328,0.034944,0.034913,0.034805,0.043995,0.043889,0.044136,0.044120,0.044128,0.033495,0.050230,0.050579,0.050729,0.050864,0.050565
mm_f663bc9b3ba7c4,0.016938,0.059794,0.063236,0.064806,0.064579,0.072222,0.076147,0.112606,0.112212,0.111199,0.110743,0.110470,0.110790,0.056250,0.055834,0.055853,0.055839,0.055730,0.055784,0.051228,0.051247,0.051359,0.050557,0.050354
mm_641afac103d837,0.016938,0.038358,0.038240,0.039122,0.038784,0.038282,0.038465,0.038657,0.039085,0.039944,0.039140,0.039133,0.039161,0.062597,0.062346,0.062307,0.062276,0.062137,0.063539,0.049393,0.049378,0.049586,0.048938,0.048620
mm_21b4957ab9c398,0.016938,0.127164,0.126159,0.128375,0.127944,0.127361,0.128360,0.080321,0.079832,0.080816,0.080299,0.079959,0.080169,0.036562,0.038144,0.038578,0.038573,0.038374,0.038933,0.046685,0.046848,0.047250,0.047283,0.046913
mm_23f92c839f1c4a,0.016938,0.074662,0.074528,0.075578,0.075198,0.113030,0.130329,0.075525,0.076386,0.077511,0.076601,0.076568,0.051605,0.075735,0.075834,0.075934,0.075933,0.109781,0.125379,0.049969,0.050335,0.050322,0.050392,0.050180
mm_e02b9a8a1bcef1,0.016938,0.037972,0.037666,0.038853,0.038368,0.038296,0.038276,0.037628,0.037367,0.038274,0.037501,0.037167,0.037508,0.037861,0.039401,0.039676,0.039643,0.039516,0.034904,0.043258,0.043580,0.043744,0.043731,0.043447
mm_0dab572d8a201b,0.016938,0.049685,0.049727,0.050516,0.050182,0.050517,0.050433,0.057123,0.057197,0.057843,0.057396,0.057341,0.041741,0.063274,0.063376,0.063611,0.063502,0.063516,0.042522,0.051771,0.051848,0.051507,0.050574,0.050255
mm_bac784aaf22ae8,0.016938,0.062802,0.063354,0.064656,0.064270,0.071884,0.075836,0.055747,0.055633,0.057150,0.056534,0.064064,0.067321,0.035531,0.036564,0.036854,0.036821,0.036630,0.036661,0.042200,0.041721,0.042130,0.041461,0.041252
mm_b0dc1b4dccfb3f,0.016938,0.074437,0.077065,0.077869,0.077456,0.077052,0.077354,0.063849,0.068520,0.069263,0.068640,0.068553,0.068878,0.062422,0.062109,0.061139,0.061044,0.061055,0.061064,0.052562,0.052012,0.051981,0.051507,0.051248
mm_dc684c90b41fa2,0.016938,0.069693,0.074225,0.074978,0.074425,0.098065,0.103788,0.072589,0.072901,0.073484,0.073176,0.072894,0.049782,0.077960,0.077962,0.078323,0.078087,0.118728,0.140460,0.061476,0.058094,0.057512,0.057074,0.056628
mm_45eb7feab04bfa,0.016938,0.070999,0.074555,0.075277,0.074913,0.074335,0.074774,0.072405,0.072092,0.072631,0.072408,0.072300,0.072078,0.064844,0.064520,0.064505,0.064444,0.064423,0.064461,0.039925,0.040237,0.040533,0.040351,0.040022
mm_157261bdb218c2,0.016938,0.080503,0.080864,0.081907,0.081529,0.080813,0.083046,0.051917,0.051827,0.052281,0.051815,0.051558,0.051643,0.070895,0.072054,0.072257,0.072088,0.071994,0.071998,0.034352,0.034616,0.034779,0.034756,0.034564
mm_e84cab3fca253a,0.016938,0.062147,0.061710,0.062726,0.062353,0.062533,0.062740,0.051862,0.052284,0.053061,0.052543,0.052515,0.052502,0.044896,0.044883,0.045129,0.044952,0.045226,0.044859,0.049965,0.050216,0.050531,0.050427,0.050021
mm_9390b585320173,0.016938,0.039926,0.039714,0.040594,0.040454,0.039900,0.040252,0.120092,0.127270,0.129401,0.128955,0.128706,0.128839,0.073080,0.072539,0.072600,0.072551,0.072427,0.072426,0.049950,0.049893,0.050231,0.049518,0.049181
mm_d5dbc144595311,0.016938,0.030915,0.030918,0.031904,0.031901,0.031537,0.032196,0.031304,0.031340,0.032299,0.032283,0.032269,0.032198,0.026595,0.026694,0.026864,0.026929,0.026965,0.026940,0.024606,0.024756,0.025035,0.025381,0.025072
mm_db88fbf68a1a38,0.016938,0.136823,0.137876,0.139737,0.139494,0.139280,0.139415,0.042872,0.043053,0.043805,0.043214,0.043319,0.043430,0.063341,0.063043,0.063250,0.063172,0.063075,0.063117,0.042270,0.042451,0.042690,0.042409,0.042078
mm_37cbdfc141c431,0.016938,0.033027,0.033146,0.033948,0.033823,0.033249,0.033688,0.032892,0.033197,0.033661,0.033638,0.033727,0.033456,0.029643,0.029605,0.029712,0.029730,0.029684,0.029610,0.030372,0.030268,0.030702,0.030590,0.030388
mm_b26d5270f3fb11,0.016938,0.041929,0.041833,0.042689,0.042488,0.042079,0.042605,0.037233,0.038186,0.039252,0.038819,0.038519,0.039120,0.026601,0.026643,0.026935,0.026929,0.026803,0.026802,0.025629,0.025671,0.025988,0.026031,0.025753
mm_64b7893914341f,0.016938,0.062988,0.063504,0.065041,0.064368,0.072277,0.076090,0.139399,0.138566,0.140237,0.139917,0.139557,0.139879,0.081866,0.081288,0.082011,0.081930,0.081898,0.081914,0.050240,0.050191,0.050563,0.049826,0.049507
mm_8ea13a50c39148,0.016938,0.034991,0.035163,0.035992,0.035607,0.034874,0.035630,0.083428,0.083398,0.083807,0.083403,0.083208,0.083403,0.034701,0.034828,0.035056,0.034951,0.034889,0.034878,0.026001,0.026249,0.026486,0.026489,0.026256
mm_f06041be7625ae,0.016938,0.049842,0.050106,0.050750,0.050476,0.049755,0.050381,0.118812,0.117977,0.116793,0.116128,0.116037,0.116116,0.033736,0.034033,0.034219,0.034084,0.034030,0.033980,0.031403,0.031427,0.031546,0.031272,0.031134
mm_476c35037b4b84,0.016938,0.066798,0.071659,0.072942,0.072293,0.089168,0.096550,0.066906,0.065138,0.065035,0.064507,0.064157,0.064486,0.044800,0.047671,0.047894,0.047705,0.047716,0.035150,0.057368,0.057073,0.056477,0.055356,0.055006
mm_7e05691416e7d2,0.016938,0.032891,0.032912,0.033753,0.033535,0.033150,0.033414,0.031273,0.031656,0.032583,0.031963,0.031703,0.032155,0.027188,0.027308,0.027421,0.027486,0.027400,0.027475,0.026345,0.026533,0.026769,0.026777,0.026494
mm_81cf78fe67b076,0.016938,0.032814,0.032927,0.033656,0.033499,0.033116,0.033531,0.030424,0.030859,0.031536,0.031267,0.031162,0.031465,0.026016,0.026079,0.026260,0.026239,0.026123,0.026177,0.025088,0.025443,0.025780,0.025582,0.025546
mm_33f508366b9e3d,0.016938,0.034463,0.034594,0.035207,0.034978,0.034366,0.034883,0.031085,0.031243,0.031936,0.031497,0.031654,0.031109,0.068985,0.068557,0.068851,0.068719,0.068631,0.068704,0.049910,0.049994,0.050320,0.049975,0.049581
mm_f789e0e518a257,0.016938,0.116142,0.116938,0.117920,0.117501,0.116892,0.120367,0.066073,0.066406,0.066974,0.066481,0.066319,0.066561,0.053076,0.057654,0.057789,0.057819,0.057670,0.057799,0.051660,0.051569,0.051808,0.051129,0.050869
mm_2747a47785bae2,0.016938,0.063107,0.068424,0.069428,0.069161,0.073676,0.073375,0.067727,0.067695,0.068980,0.068230,0.107005,0.140049,0.065820,0.065872,0.065871,0.065816,0.065776,0.066843,0.052257,0.052422,0.052532,0.052679,0.052417
mm_db2b124a9a8bc9,0.016938,0.047108,0.046988,0.047836,0.047448,0.047206,0.047692,0.093658,0.093078,0.094009,0.093511,0.093412,0.093405,0.038087,0.040051,0.040241,0.040182,0.039971,0.040028,0.045181,0.045301,0.045499,0.045258,0.045014
mm_c43601d96ffe11,0.016938,0.031826,0.031899,0.033034,0.032908,0.032528,0.032663,0.029109,0.029467,0.030433,0.029968,0.029940,0.029980,0.025586,0.025676,0.025860,0.025866,0.025823,0.025868,0.025001,0.025118,0.025329,0.025492,0.025182
mm_186eb01ba8faed,0.016938,0.032960,0.033121,0.033686,0.033681,0.033184,0.033679,0.030685,0.031144,0.031626,0.031479,0.031242,0.031223,0.026026,0.026092,0.026309,0.026210,0.026224,0.026197,0.025297,0.025473,0.025722,0.025810,0.025542
mm_f660b6a8333753,0.016938,0.073032,0.072827,0.073692,0.073229,0.072701,0.073175,0.046766,0.046982,0.047523,0.047095,0.047599,0.048169,0.034115,0.034198,0.034367,0.034387,0.034287,0.034232,0.030956,0.031027,0.031312,0.031292,0.031050
mm_05b552a6b20a81,0.016938,0.057459,0.058358,0.059234,0.059021,0.063428,0.063923,0.042067,0.043603,0.044411,0.044093,0.043885,0.040626,0.052983,0.056096,0.056205,0.056172,0.056104,0.056129,0.043649,0.044115,0.044401,0.044183,0.044030
mm_63e9938b8320bb,0.016938,0.074305,0.073978,0.075251,0.074611,0.085338,0.084713,0.050679,0.054184,0.055009,0.054625,0.054285,0.041914,0.069802,0.069234,0.069593,0.069440,0.069435,0.069507,0.047985,0.048110,0.048567,0.048595,0.048143
mm_43f8d6043fefc2,0.016938,0.040546,0.040330,0.041389,0.040946,0.040375,0.040740,0.036241,0.036618,0.037577,0.036850,0.036570,0.036866,0.095871,0.095941,0.096135,0.096124,0.095957,0.095988,0.034709,0.034405,0.034675,0.034413,0.034051
mm_5b8f5ae1664b52,0.016938,0.048065,0.049840,0.050597,0.050262,0.049808,0.050016,0.081516,0.081033,0.082004,0.081143,0.081285,0.081103,0.038586,0.038599,0.039016,0.038889,0.038860,0.039211,0.051631,0.051243,0.051309,0.050557,0.050236
mm_0fc5f808627bf1,0.016938,0.069076,0.075248,0.076151,0.075994,0.104500,0.110825,0.070661,0.070235,0.071466,0.070799,0.070633,0.070920,0.072206,0.071679,0.070719,0.070590,0.070470,0.070499,0.050465,0.049839,0.050204,0.049368,0.049045
mm_4872540bca535c,0.016938,0.033483,0.033090,0.034333,0.033814,0.033265,0.033833,0.031118,0.031250,0.032315,0.031702,0.031499,0.031429,0.026090,0.026253,0.026449,0.026300,0.026316,0.026299,0.025332,0.025441,0.025704,0.025746,0.025403
mm_77df5bcb171ed3,0.016938,0.059824,0.059766,0.060583,0.060159,0.059930,0.045365,0.060278,0.060256,0.061297,0.060784,0.060588,0.043711,0.066405,0.066539,0.066818,0.066720,0.066639,0.044339,0.055366,0.055426,0.055703,0.055343,0.055107
mm_fa36a1250dc0ea,0.016938,0.082046,0.081476,0.082502,0.082106,0.081566,0.084240,0.036955,0.037204,0.038556,0.037647,0.037427,0.037710,0.045115,0.045204,0.045309,0.045198,0.045111,0.034095,0.031877,0.032102,0.032298,0.032215,0.031971
mm_1510ad63261998,0.016938,0.033187,0.033329,0.034095,0.033783,0.033317,0.033704,0.033292,0.033624,0.034244,0.033890,0.033691,0.033881,0.029437,0.029238,0.029482,0.029350,0.029274,0.029301,0.030167,0.030350,0.030662,0.030638,0.030369
mm_cc560415f3e44e,0.016938,0.057053,0.056840,0.057823,0.057427,0.056865,0.044623,0.068640,0.075611,0.076605,0.076210,0.075824,0.075955,0.067992,0.067390,0.067591,0.067435,0.067387,0.067378,0.051772,0.051756,0.051902,0.051442,0.051142
mm_1e27ad01e6a8ab,0.016938,0.038540,0.038724,0.039717,0.039104,0.038666,0.039058,0.071535,0.071276,0.071665,0.071351,0.071129,0.071317,0.040213,0.040388,0.040443,0.040418,0.040357,0.040314,0.031590,0.031261,0.031624,0.031559,0.031354
mm_0606354af38bf7,0.016938,0.064004,0.064463,0.065372,0.066746,0.068361,0.070278,0.058479,0.058132,0.058515,0.058082,0.057935,0.057960,0.074863,0.076859,0.077484,0.077412,0.077397,0.077308,0.046884,0.047228,0.047249,0.047301,0.047114
mm_6b34031a069ecb,0.016938,0.032334,0.032707,0.033306,0.033055,0.032596,0.033049,0.030206,0.030523,0.031402,0.030792,0.030758,0.030811,0.026065,0.026193,0.026265,0.026311,0.026259,0.026263,0.026434,0.026807,0.027127,0.027031,0.026813
mm_aa0db3f559b6ed,0.016938,0.072042,0.072171,0.072971,0.072780,0.105905,0.112288,0.053286,0.053124,0.054435,0.053718,0.053567,0.040443,0.058699,0.062248,0.062460,0.062385,0.082344,0.084436,0.049822,0.049480,0.049562,0.049196,0.048888
mm_be982ce055c00e,0.016938,0.076980,0.076264,0.077460,0.076840,0.076677,0.077005,0.074802,0.074244,0.075137,0.074498,0.074181,0.074503,0.044071,0.044572,0.044805,0.044786,0.044628,0.044735,0.030264,0.030561,0.030820,0.030728,0.030400
mm_a6809e21904143,0.016938,0.042353,0.042474,0.043241,0.043072,0.042617,0.042822,0.068995,0.068249,0.069076,0.068607,0.068392,0.068741,0.063287,0.062954,0.062992,0.062933,0.062843,0.062883,0.035767,0.035760,0.036224,0.035766,0.035533
mm_3553f771bfd77a,0.016938,0.065641,0.065752,0.066554,0.066257,0.065645,0.048238,0.066619,0.066705,0.067732,0.067003,0.066961,0.046887,0.039141,0.038737,0.038451,0.037948,0.037788,0.037919,0.030521,0.030605,0.030839,0.030850,0.030545
mm_e4785a9495e7d8,0.016938,0.035250,0.035005,0.036150,0.035638,0.035488,0.035483,0.054991,0.055027,0.056310,0.055746,0.063411,0.066229,0.076945,0.076403,0.076428,0.076383,0.076275,0.076615,0.042090,0.042261,0.042381,0.041903,0.041695
mm_32411f1976356e,0.016938,0.040584,0.040712,0.041327,0.041253,0.040626,0.041149,0.033261,0.032924,0.034126,0.033447,0.033444,0.033479,0.032521,0.032500,0.032787,0.032696,0.032727,0.032672,0.037095,0.037261,0.037232,0.037487,0.037029
mm_fdd4fdacc3b718,0.016938,0.034188,0.034152,0.035297,0.034953,0.034208,0.034693,0.031078,0.031095,0.032066,0.031564,0.031320,0.031177,0.062070,0.062523,0.062664,0.062624,0.062557,0.063259,0.055169,0.054586,0.054472,0.053768,0.053353
mm_b582a9fad0951c,0.016938,0.078739,0.078301,0.079035,0.078690,0.077890,0.078758,0.066970,0.071989,0.072694,0.072168,0.072024,0.071968,0.076534,0.076025,0.076206,0.075946,0.075912,0.075915,0.051167,0.050780,0.050794,0.050377,0.049949
mm_a85a0e59a59ea5,0.016938,0.035095,0.035399,0.035985,0.035776,0.035174,0.035702,0.031002,0.031467,0.032376,0.031562,0.031535,0.031669,0.048934,0.052656,0.052944,0.054456,0.056349,0.056314,0.040768,0.040850,0.041019,0.041120,0.040796
mm_0c36a31f756736,0.016938,0.033167,0.033087,0.033909,0.033527,0.033231,0.033368,0.030291,0.030547,0.031433,0.030857,0.030832,0.030743,0.026021,0.026119,0.026344,0.026239,0.026217,0.026183,0.025219,0.025381,0.025731,0.025715,0.025377
mm_1d7563db7eaf81,0.016938,0.040473,0.040050,0.041477,0.040823,0.040393,0.040662,0.078976,0.079810,0.080779,0.080184,0.079852,0.080039,0.070096,0.069594,0.069709,0.069585,0.069489,0.069875,0.047217,0.047347,0.047795,0.047822,0.047343
mm_f71d0ccfeeddd8,0.016938,0.033582,0.033332,0.034248,0.034067,0.033438,0.033833,0.049981,0.052359,0.052877,0.052632,0.052506,0.039642,0.035120,0.035071,0.035254,0.034790,0.034759,0.034714,0.025809,0.025998,0.026141,0.026217,0.025982
mm_0d14d72c3f7a4a,0.016938,0.058879,0.060043,0.060873,0.060596,0.060359,0.044864,0.057793,0.060873,0.061503,0.061220,0.061066,0.045305,0.033746,0.033798,0.034037,0.033963,0.033958,0.033972,0.031404,0.031694,0.031877,0.031997,0.031765
mm_45ba25728a8dce,0.016938,0.081936,0.081207,0.082166,0.081767,0.081109,0.081762,0.055353,0.055832,0.056623,0.056111,0.056005,0.055973,0.048214,0.049695,0.049775,0.049672,0.053555,0.053296,0.051052,0.050577,0.050800,0.050237,0.050047
mm_9270a9a302e7f8,0.016938,0.072424,0.077734,0.078887,0.078569,0.077882,0.078182,0.049536,0.049401,0.050430,0.049506,0.049301,0.049489,0.035109,0.035153,0.035404,0.035178,0.035001,0.035073,0.030431,0.030573,0.030607,0.030781,0.030413
mm_ec30f6f06d4886,0.016938,0.057847,0.058363,0.059126,0.058702,0.060236,0.051240,0.086980,0.086830,0.087809,0.087427,0.124013,0.157100,0.064771,0.064830,0.064858,0.064806,0.069567,0.069183,0.046564,0.046921,0.047089,0.047093,0.046814
mm_c5b546d85fb339,0.016938,0.057163,0.057480,0.058094,0.057966,0.057601,0.044495,0.049893,0.049868,0.051178,0.050450,0.050435,0.039051,0.052991,0.053260,0.053491,0.053431,0.053355,0.038235,0.036433,0.036749,0.037010,0.037257,0.036845
mm_a35a8bc0e407dd,0.016938,0.041181,0.041652,0.042729,0.042297,0.041802,0.042099,0.043921,0.044171,0.044910,0.044429,0.044142,0.044560,0.039111,0.039171,0.039350,0.039303,0.039270,0.039323,0.036052,0.036228,0.036431,0.035984,0.035669
mm_096f1f1de9d916,0.016938,0.072340,0.074470,0.075374,0.075125,0.074640,0.074894,0.037439,0.037700,0.038332,0.037625,0.037871,0.037655,0.031070,0.031126,0.031372,0.031261,0.031181,0.031354,0.030103,0.030560,0.030770,0.030722,0.030375
mm_3f460649e9e2c4,0.016938,0.037876,0.037845,0.038659,0.038241,0.037989,0.038129,0.073265,0.072962,0.073940,0.073370,0.073039,0.073383,0.041606,0.041814,0.042002,0.041931,0.041846,0.041859,0.031451,0.031342,0.031800,0.031429,0.031195
mm_f407e8f1880bc9,0.016938,0.057785,0.061874,0.062791,0.062343,0.062392,0.062583,0.054496,0.054499,0.055236,0.054777,0.055248,0.055138,0.063567,0.063158,0.063204,0.063135,0.063126,0.064351,0.050171,0.050233,0.050367,0.049585,0.049359
mm_2cfbdf996c746b,0.016938,0.035321,0.035281,0.036006,0.035844,0.035727,0.035618,0.032699,0.032608,0.033442,0.033053,0.033011,0.033021,0.027731,0.027808,0.028102,0.028052,0.027938,0.027956,0.025217,0.025375,0.025387,0.025687,0.025337
mm_9f316587fb88a3,0.016938,0.036073,0.036069,0.037027,0.036693,0.036350,0.036677,0.048422,0.048927,0.049621,0.049221,0.049361,0.038277,0.039344,0.038897,0.038753,0.038212,0.038155,0.038230,0.025959,0.026229,0.026509,0.026637,0.026283
mm_a918d3e4005b02,0.016938,0.071511,0.076744,0.077454,0.077257,0.076624,0.077274,0.073678,0.073663,0.074283,0.073841,0.073629,0.073613,0.032855,0.032622,0.032818,0.032452,0.032330,0.032401,0.030767,0.030785,0.031196,0.031166,0.030718
mm_6c92113d6421cf,0.016938,0.032170,0.032403,0.033352,0.032868,0.032657,0.032992,0.032181,0.032574,0.033201,0.032886,0.032841,0.033141,0.028096,0.028345,0.028471,0.028461,0.028444,0.028539,0.025642,0.025804,0.026102,0.026216,0.025963
mm_dd42b8bb8ca758,0.016938,0.054297,0.054463,0.055159,0.055160,0.055334,0.055622,0.038020,0.037932,0.038781,0.038313,0.038132,0.038070,0.026325,0.026407,0.026522,0.026529,0.026448,0.026516,0.025055,0.025365,0.025718,0.025798,0.025433
mm_e24b43eccfd8f9,0.016938,0.033936,0.034119,0.034917,0.034444,0.033725,0.034499,0.033588,0.034056,0.035187,0.034389,0.034212,0.034258,0.027610,0.027599,0.027901,0.027651,0.027700,0.027572,0.025389,0.025422,0.025832,0.025761,0.025383
mm_265fb499b4cf02,0.016938,0.059472,0.059259,0.060511,0.059998,0.059677,0.059794,0.041387,0.040835,0.042180,0.041178,0.040879,0.041036,0.100843,0.100758,0.100638,0.100565,0.100517,0.099192,0.041096,0.041284,0.041400,0.041514,0.041247
mm_3b2e922f551627,0.016938,0.083934,0.083224,0.084214,0.083873,0.083286,0.083801,0.074199,0.074416,0.075093,0.074563,0.074499,0.075438,0.042394,0.042415,0.042448,0.042431,0.042903,0.042692,0.050486,0.050604,0.050870,0.050151,0.049811
mm_9ebfc561a6a687,0.016938,0.033472,0.033290,0.033962,0.033895,0.033346,0.033868,0.030598,0.030637,0.031475,0.031004,0.030937,0.031204,0.026283,0.026371,0.026612,0.026483,0.026437,0.026574,0.025235,0.025522,0.025918,0.025922,0.025550
mm_848c3e82030631,0.016938,0.035281,0.035328,0.036358,0.035888,0.035449,0.035630,0.141249,0.140298,0.142323,0.141643,0.141452,0.141364,0.054126,0.054230,0.053527,0.053390,0.053373,0.053543,0.050893,0.050428,0.050450,0.049793,0.049438
mm_7c1283a94899ee,0.016938,0.033634,0.033654,0.034326,0.034086,0.033772,0.034137,0.033584,0.033867,0.034524,0.034080,0.034071,0.034113,0.028587,0.028631,0.028762,0.028698,0.028690,0.028755,0.025686,0.025802,0.025916,0.026007,0.025753
mm_b04066c49a3eed,0.016938,0.086576,0.085969,0.087523,0.087234,0.086627,0.087278,0.114089,0.119988,0.121930,0.121395,0.121126,0.121698,0.077226,0.078675,0.079513,0.079249,0.079275,0.079205,0.050539,0.050245,0.050105,0.049436,0.049135
mm_9d2c1113a05a5d,0.016938,0.052406,0.054302,0.055122,0.054898,0.054359,0.047492,0.069813,0.070403,0.071336,0.070769,0.108176,0.121011,0.049466,0.049471,0.049533,0.049504,0.049486,0.035733,0.052714,0.052250,0.051695,0.050931,0.050489
mm_384c0e14bd50f2,0.016938,0.058256,0.057894,0.059251,0.058674,0.058091,0.044962,0.041841,0.042007,0.043279,0.042671,0.042149,0.042361,0.031411,0.031528,0.031660,0.031658,0.031590,0.031561,0.036072,0.035833,0.035906,0.035488,0.035316
mm_79a08bbbbc9536,0.016938,0.060133,0.064324,0.065023,0.064698,0.064307,0.047696,0.084361,0.088142,0.088974,0.088417,0.114892,0.147689,0.062588,0.062614,0.062683,0.062568,0.062549,0.042512,0.051845,0.052145,0.052406,0.052326,0.051912
mm_1fa35a9c0502db,0.016938,0.032528,0.032560,0.033534,0.033209,0.032814,0.033142,0.030183,0.030431,0.031351,0.030941,0.030785,0.030912,0.029705,0.029853,0.030013,0.029975,0.029998,0.029984,0.029958,0.029921,0.029920,0.029823,0.029500
mm_70a9b5d5f9d678,0.016938,0.057652,0.057633,0.058401,0.058211,0.057816,0.044013,0.054436,0.055525,0.056427,0.056048,0.076852,0.089764,0.040819,0.040671,0.040692,0.040400,0.040409,0.040421,0.034556,0.034675,0.035035,0.034991,0.034652
mm_8e456cc159cc7b,0.016938,0.069052,0.071115,0.071859,0.071521,0.084893,0.094409,0.051959,0.051734,0.052361,0.051787,0.051812,0.044901,0.030898,0.031015,0.031195,0.031174,0.031058,0.031208,0.025607,0.025759,0.026074,0.026171,0.025854
mm_a0c6b853adf617,0.016938,0.033502,0.033621,0.034172,0.034094,0.033615,0.033946,0.031459,0.031386,0.032273,0.031838,0.031714,0.031534,0.026424,0.026516,0.026678,0.026578,0.026635,0.026560,0.025463,0.025515,0.025935,0.025808,0.025487
mm_dee8655b0fcb21,0.016938,0.032873,0.033181,0.033807,0.033624,0.033045,0.033633,0.030391,0.030393,0.031402,0.030828,0.030836,0.030900,0.026391,0.026455,0.026645,0.026570,0.026510,0.026493,0.025383,0.025866,0.026037,0.025891,0.025814
mm_bea3f5081ed66a,0.016938,0.032925,0.033047,0.033908,0.033675,0.033270,0.033624,0.033119,0.033017,0.034163,0.033738,0.033557,0.033524,0.027187,0.027228,0.027434,0.027398,0.027328,0.027275,0.025164,0.025331,0.025477,0.025561,0.025320
mm_65abcf4c5013e2,0.016938,0.033791,0.033473,0.034755,0.034097,0.033813,0.034169,0.031404,0.031451,0.032315,0.031857,0.031409,0.031829,0.026512,0.026608,0.026784,0.026706,0.026669,0.026672,0.025629,0.025665,0.026251,0.026024,0.025784
mm_497ef491d76706,0.016938,0.091342,0.090387,0.092563,0.091950,0.091495,0.091881,0.076065,0.075979,0.076765,0.076277,0.075966,0.075849,0.039669,0.040247,0.040356,0.040111,0.040068,0.039989,0.031752,0.031823,0.031987,0.031780,0.031538
mm_1e7b4082f4a43a,0.016938,0.065519,0.070197,0.070761,0.070538,0.070225,0.070478,0.048077,0.047560,0.048237,0.047263,0.047139,0.047212,0.056334,0.056041,0.056229,0.056106,0.056020,0.056048,0.043585,0.043053,0.043502,0.043025,0.042751
mm_156525962126c3,0.016938,0.032409,0.032643,0.033270,0.033097,0.032782,0.032989,0.030377,0.030695,0.031451,0.031014,0.030938,0.030887,0.026102,0.026195,0.026314,0.026298,0.026278,0.026222,0.026054,0.026240,0.026400,0.026449,0.026225
mm_00df85909a5e47,0.016938,0.033576,0.033447,0.034281,0.033850,0.033512,0.033799,0.031010,0.031257,0.031807,0.031353,0.031427,0.031345,0.026441,0.026414,0.026649,0.026512,0.026523,0.026565,0.025385,0.025678,0.025845,0.025920,0.025563
mm_d09a088684f078,0.016938,0.058366,0.058466,0.059250,0.058908,0.058264,0.044974,0.074088,0.074521,0.075359,0.074855,0.074571,0.075556,0.035424,0.035528,0.035613,0.035598,0.035509,0.035513,0.030959,0.031156,0.031439,0.031344,0.031059
mm_3ffa765d1358a6,0.016938,0.032790,0.032723,0.033551,0.033443,0.033008,0.033517,0.030431,0.030543,0.031580,0.031344,0.031044,0.031185,0.026022,0.026118,0.026333,0.026312,0.026267,0.026231,0.025562,0.025620,0.025885,0.026007,0.025630
mm_415239fa95c1f9,0.016938,0.065517,0.065525,0.066382,0.066075,0.065525,0.047946,0.075866,0.076094,0.077432,0.076529,0.076548,0.051225,0.037964,0.037656,0.037512,0.036955,0.036791,0.036930,0.030012,0.030258,0.030309,0.030388,0.030205
mm_a19b262f0364f0,0.016938,0.035783,0.035730,0.036784,0.036578,0.035868,0.036343,0.031071,0.031130,0.032051,0.031508,0.031504,0.031215,0.065393,0.064879,0.064874,0.064843,0.064713,0.065868,0.053550,0.053687,0.053732,0.052982,0.052713
mm_3dff26afa288ba,0.016938,0.032937,0.032839,0.033601,0.033639,0.033065,0.033454,0.032951,0.033027,0.033808,0.033647,0.033574,0.033317,0.028766,0.028950,0.028986,0.029089,0.029046,0.028981,0.029916,0.030103,0.030205,0.030340,0.030131
mm_83cb928eb41823,0.016938,0.048116,0.049414,0.050231,0.050224,0.049786,0.045731,0.032489,0.032968,0.033543,0.033182,0.033321,0.033028,0.044922,0.044823,0.045049,0.045076,0.045033,0.033999,0.050280,0.050476,0.050113,0.049307,0.049082
mm_20e0a37ff9f5e8,0.016938,0.032369,0.032002,0.032822,0.032929,0.032678,0.032609,0.030687,0.030976,0.031479,0.031481,0.031308,0.031298,0.026092,0.026005,0.026278,0.026337,0.026299,0.026095,0.024907,0.025176,0.025263,0.025490,0.025069
mm_a4bb715002ba31,0.016938,0.032524,0.032559,0.033387,0.033188,0.032605,0.032925,0.030274,0.030527,0.030973,0.030861,0.030658,0.030833,0.026262,0.026385,0.026623,0.026513,0.026523,0.026408,0.025067,0.025408,0.025344,0.025513,0.025062
mm_4260d46a31eba6,0.016938,0.034843,0.035087,0.035678,0.035399,0.034790,0.035329,0.032206,0.032364,0.033023,0.032519,0.032412,0.032250,0.026246,0.026302,0.026463,0.026351,0.026338,0.026310,0.025546,0.025760,0.025832,0.025905,0.025620
mm_3a4dda9a328798,0.016938,0.034442,0.034093,0.034980,0.034649,0.034255,0.034519,0.068676,0.074629,0.075336,0.074803,0.074755,0.074780,0.057451,0.061630,0.061735,0.061739,0.061736,0.061609,0.055454,0.054822,0.054842,0.054362,0.054140
mm_8eb904967f918d,0.016938,0.083281,0.082473,0.083996,0.083139,0.082802,0.083757,0.077632,0.077271,0.078020,0.077488,0.077100,0.077397,0.056237,0.056148,0.055414,0.055351,0.055256,0.055216,0.035758,0.035704,0.035866,0.035840,0.035402
mm_cd6e448ec99bbc,0.016938,0.059775,0.060030,0.060868,0.060644,0.060083,0.045577,0.050732,0.050582,0.051190,0.050148,0.049791,0.049873,0.062618,0.062193,0.062356,0.062182,0.062118,0.062400,0.054481,0.054483,0.054776,0.054463,0.054121
mm_f34256022e5101,0.016938,0.065821,0.065583,0.066844,0.066339,0.065924,0.048320,0.072377,0.072270,0.073820,0.072870,0.073771,0.059384,0.065178,0.065286,0.065482,0.065399,0.065372,0.043559,0.062463,0.058869,0.058253,0.057199,0.056931
mm_83cd7a29fc3f6f,0.016938,0.037464,0.037842,0.038855,0.038561,0.038103,0.038623,0.030826,0.030889,0.031779,0.031542,0.031295,0.031366,0.026107,0.026176,0.026353,0.026329,0.026367,0.026313,0.025170,0.025550,0.025603,0.025819,0.025511
mm_e707f9dc3b4445,0.016938,0.091998,0.091307,0.092338,0.091877,0.091209,0.094186,0.069379,0.069740,0.070276,0.069940,0.069694,0.069859,0.068074,0.067559,0.067753,0.067588,0.067558,0.067493,0.050011,0.050053,0.050414,0.049987,0.049632
mm_8729e502263f38,0.016938,0.062377,0.061962,0.062954,0.062700,0.062270,0.046029,0.040344,0.040553,0.041030,0.040165,0.040142,0.040214,0.032162,0.032492,0.032781,0.032659,0.032611,0.032637,0.032318,0.032589,0.032754,0.032724,0.032479
mm_c580e26ead2bc6,0.016938,0.030918,0.030923,0.031909,0.031906,0.031542,0.032200,0.028710,0.028841,0.029935,0.029876,0.029706,0.029822,0.027679,0.027698,0.027931,0.028017,0.028025,0.027959,0.028143,0.028480,0.028515,0.028755,0.028381
mm_4c72dc03bd8d16,0.016938,0.082054,0.081595,0.082406,0.082138,0.081714,0.082093,0.041353,0.041335,0.042447,0.041240,0.041120,0.041263,0.034948,0.035103,0.034895,0.034848,0.034725,0.034816,0.028107,0.028037,0.028505,0.028217,0.028040
mm_04fc90b186215e,0.016938,0.059060,0.062954,0.063698,0.063542,0.062996,0.047099,0.085270,0.085915,0.086780,0.086395,0.086274,0.091040,0.063431,0.063404,0.063454,0.063418,0.063333,0.042528,0.050456,0.050724,0.051027,0.050996,0.050611
mm_c616fa7ac7d59c,0.016938,0.091397,0.094393,0.095192,0.094894,0.094299,0.094592,0.104560,0.103830,0.104012,0.103219,0.103295,0.103248,0.058979,0.062141,0.062394,0.062261,0.062149,0.062203,0.038928,0.039150,0.039144,0.038885,0.038605
mm_73101087bf28b6,0.016938,0.035215,0.035581,0.036238,0.035918,0.035265,0.035711,0.086296,0.085939,0.086988,0.086055,0.086098,0.086054,0.069049,0.068552,0.068692,0.068559,0.068475,0.068467,0.053213,0.053176,0.053526,0.053068,0.052691
mm_54ee98390282da,0.016938,0.082629,0.081892,0.082869,0.082498,0.081996,0.084535,0.061305,0.065801,0.066770,0.066331,0.066274,0.046825,0.058242,0.058249,0.058569,0.058463,0.058371,0.040812,0.052754,0.052941,0.053132,0.052925,0.052632
mm_07cc9fcb46d632,0.016938,0.049881,0.050347,0.051067,0.050755,0.050199,0.049581,0.037898,0.038468,0.039234,0.038726,0.038286,0.038791,0.031267,0.031396,0.031745,0.031543,0.031477,0.031514,0.030593,0.030678,0.030952,0.030948,0.030609
mm_edb0a85d0979d0,0.016938,0.058341,0.058532,0.059176,0.058805,0.058477,0.044822,0.063810,0.063776,0.064697,0.064125,0.075731,0.077994,0.042824,0.042596,0.042845,0.042517,0.042374,0.042446,0.030292,0.030512,0.030579,0.030667,0.030343
mm_63c7fdd1a6b8cb,0.016938,0.040863,0.040271,0.041638,0.041104,0.040659,0.041017,0.077748,0.077428,0.078386,0.077850,0.077694,0.078958,0.060507,0.062126,0.062148,0.061998,0.062007,0.062213,0.052492,0.052019,0.051998,0.051218,0.050952
mm_a1f1def59ec173,0.016938,0.032972,0.032660,0.033838,0.033499,0.033028,0.033473,0.032588,0.032966,0.033813,0.033427,0.033256,0.033208,0.028651,0.028657,0.028958,0.028809,0.028781,0.028837,0.028769,0.028942,0.029369,0.029511,0.029038
mm_4517c2925c2c80,0.016938,0.075615,0.081256,0.081891,0.081779,0.081247,0.081841,0.089469,0.088908,0.089393,0.089043,0.089078,0.091320,0.035700,0.037247,0.037394,0.037335,0.037319,0.038047,0.051188,0.050616,0.050634,0.049928,0.049737
mm_08a004234ffcac,0.016938,0.065883,0.065348,0.066237,0.066034,0.065482,0.066114,0.044123,0.044197,0.045025,0.044312,0.043986,0.043932,0.029051,0.028875,0.029090,0.029017,0.028862,0.028980,0.025588,0.025703,0.026183,0.026162,0.025693
mm_cca3d51a697e69,0.016938,0.063749,0.063426,0.064228,0.064076,0.070803,0.070212,0.042207,0.042506,0.042945,0.042722,0.042451,0.042695,0.051824,0.053926,0.054164,0.054205,0.054053,0.054069,0.038255,0.038434,0.038893,0.038911,0.038497
mm_7bbd7af477e7db,0.016938,0.033543,0.033607,0.034609,0.034197,0.033745,0.033950,0.063396,0.063439,0.064438,0.063824,0.073230,0.073867,0.037201,0.037301,0.037651,0.037540,0.037378,0.037425,0.030998,0.031238,0.031494,0.031401,0.031118
mm_af20297fd3cd34,0.016938,0.085676,0.086408,0.087145,0.086723,0.086412,0.086621,0.094931,0.094281,0.095725,0.095398,0.095099,0.095250,0.032186,0.032281,0.032555,0.032485,0.032397,0.032439,0.030674,0.030832,0.031209,0.031234,0.030820
mm_bc2f3470239fc1,0.016938,0.074905,0.074031,0.075446,0.074851,0.074403,0.074656,0.076083,0.076272,0.077003,0.076440,0.076107,0.076540,0.061315,0.060863,0.061050,0.060920,0.060830,0.061083,0.053121,0.053177,0.053537,0.053045,0.052689
mm_a4b3be88559b84,0.016938,0.077809,0.077856,0.078887,0.078655,0.078047,0.078272,0.078984,0.078653,0.079053,0.078752,0.078481,0.079082,0.090390,0.097888,0.098098,0.097962,0.097909,0.097974,0.037516,0.037963,0.038162,0.038010,0.037912
mm_c1f0f4d524a232,0.016938,0.077959,0.077221,0.078604,0.077947,0.077396,0.077893,0.039997,0.040207,0.040986,0.040446,0.040242,0.040266,0.048216,0.049626,0.049672,0.049612,0.053519,0.053391,0.045384,0.045384,0.045296,0.044796,0.044597
mm_71e62c1160e746,0.016938,0.033154,0.033059,0.034030,0.033755,0.033392,0.033854,0.065153,0.065690,0.066686,0.066190,0.088691,0.094747,0.035647,0.035228,0.035491,0.035263,0.035168,0.035204,0.025777,0.025710,0.026314,0.026195,0.025891
mm_ea00fbb18ecd24,0.016938,0.034892,0.035050,0.035802,0.035332,0.035101,0.035328,0.058773,0.058792,0.059536,0.059093,0.058764,0.043052,0.067875,0.072906,0.073100,0.073033,0.105553,0.130730,0.055428,0.054868,0.055120,0.054491,0.054278
mm_05d6924df196ed,0.016938,0.033575,0.033879,0.034409,0.034201,0.033663,0.033960,0.033448,0.033722,0.034666,0.033973,0.033866,0.033998,0.027494,0.027617,0.027790,0.027781,0.027663,0.027711,0.025662,0.025993,0.026124,0.026061,0.025776
mm_9a04bd6f85f317,0.016938,0.055564,0.055985,0.057161,0.056678,0.056394,0.056633,0.081132,0.080417,0.079937,0.079530,0.079241,0.079452,0.061147,0.060760,0.060852,0.060780,0.060720,0.060771,0.052074,0.052067,0.052206,0.051657,0.051462
mm_03c91123bd02b1,0.016938,0.046290,0.046458,0.047037,0.047011,0.046519,0.046909,0.033350,0.033252,0.034323,0.033458,0.033604,0.033476,0.030012,0.030052,0.030230,0.030204,0.030043,0.030187,0.033510,0.033718,0.033901,0.033895,0.033735
mm_536d2ea0d30947,0.016938,0.061247,0.061213,0.062010,0.061666,0.061476,0.045376,0.072890,0.073271,0.074143,0.073675,0.073499,0.049862,0.059631,0.059724,0.060111,0.059901,0.061453,0.060672,0.046315,0.046159,0.046129,0.045820,0.045398
mm_ad4f7c849485b2,0.016938,0.058280,0.058450,0.059046,0.058819,0.058184,0.044825,0.048730,0.051301,0.051879,0.051449,0.051544,0.039338,0.052963,0.054188,0.054382,0.054291,0.054316,0.038722,0.051192,0.051366,0.051390,0.051567,0.051303
mm_8038ab901b4388,0.016938,0.061797,0.061697,0.063042,0.062603,0.070411,0.073928,0.077840,0.077517,0.078272,0.077636,0.077508,0.077683,0.034700,0.036392,0.036585,0.036559,0.036426,0.036546,0.049638,0.049526,0.049824,0.049172,0.048932
mm_407720a8093785,0.016938,0.095482,0.098480,0.099431,0.099125,0.101884,0.102199,0.036330,0.036436,0.037208,0.036504,0.036444,0.036686,0.027483,0.027476,0.027766,0.027675,0.027590,0.027652,0.025579,0.025866,0.026056,0.026067,0.025810
mm_7f47a353ea078d,0.016938,0.040769,0.040689,0.041522,0.041234,0.040621,0.041102,0.043622,0.043861,0.044599,0.044033,0.043878,0.044792,0.058319,0.057885,0.058043,0.057935,0.057795,0.057915,0.044534,0.044696,0.045038,0.044985,0.044676
mm_3564add003796f,0.016938,0.054953,0.055119,0.055786,0.055598,0.054960,0.055573,0.063916,0.064043,0.065145,0.064596,0.064375,0.064116,0.030476,0.030485,0.030534,0.030437,0.030428,0.030378,0.037377,0.037115,0.036922,0.036545,0.036292
mm_1dd36c68391e99,0.016938,0.032944,0.032851,0.033695,0.033602,0.033169,0.033348,0.030827,0.031171,0.031974,0.031521,0.031422,0.031304,0.026339,0.026442,0.026658,0.026555,0.026537,0.026459,0.025303,0.025661,0.025743,0.025877,0.025465
mm_18b0ddefd3c7fd,0.016938,0.052300,0.054180,0.054992,0.054746,0.054175,0.047773,0.070088,0.070673,0.071595,0.071035,0.110364,0.131020,0.046452,0.045524,0.045710,0.045692,0.045666,0.038857,0.043848,0.043544,0.043100,0.042459,0.042019
mm_1ea1f0de1f9c7f,0.016938,0.036745,0.036692,0.037479,0.037204,0.037062,0.037154,0.034339,0.034387,0.035185,0.034507,0.034260,0.034661,0.042608,0.044704,0.045046,0.044973,0.044868,0.034021,0.051196,0.050459,0.050651,0.050117,0.049853
mm_275f81b8d9f5ef,0.016938,0.086567,0.087037,0.087846,0.087480,0.087239,0.091784,0.067101,0.067181,0.067622,0.067147,0.067141,0.046736,0.059748,0.059831,0.060105,0.059993,0.059933,0.040824,0.052859,0.053145,0.053389,0.052733,0.052415
mm_618e7993aa9e3a,0.016938,0.047754,0.047478,0.048650,0.048121,0.047695,0.048491,0.100998,0.103635,0.105737,0.105220,0.104895,0.104928,0.036283,0.036140,0.036315,0.036286,0.036179,0.036137,0.041098,0.040689,0.040858,0.040292,0.039948
mm_234b42fabb0166,0.016938,0.067019,0.066967,0.067980,0.067572,0.067038,0.067366,0.032421,0.032772,0.033736,0.033074,0.032903,0.033029,0.026176,0.026321,0.026428,0.026437,0.026305,0.026391,0.025685,0.025755,0.025922,0.025917,0.025681
mm_4091670c375b9f,0.016938,0.038923,0.038730,0.039649,0.039363,0.038811,0.039252,0.032367,0.032685,0.033675,0.033148,0.032950,0.033121,0.036113,0.036713,0.036982,0.036938,0.036796,0.036866,0.036634,0.036804,0.037174,0.037157,0.036750
mm_e83034f80649b0,0.016938,0.032417,0.032399,0.033264,0.032934,0.032326,0.033079,0.029782,0.030201,0.031183,0.030708,0.030356,0.030725,0.025902,0.026049,0.026218,0.026217,0.026130,0.026081,0.025243,0.025398,0.025673,0.025664,0.025376
mm_91e78832da60d7,0.016938,0.035638,0.035779,0.036279,0.036114,0.036027,0.036069,0.031972,0.032698,0.033132,0.032702,0.032932,0.032711,0.028068,0.028129,0.028302,0.028287,0.028233,0.028202,0.028755,0.029137,0.029274,0.029428,0.029143
mm_edc2e43fa3badc,0.016938,0.079793,0.078996,0.080273,0.079770,0.079365,0.079757,0.066896,0.066801,0.067696,0.067210,0.066888,0.066913,0.052500,0.052134,0.052259,0.052276,0.052118,0.052137,0.034012,0.033763,0.034014,0.033763,0.033443
mm_bbbf80d12937a7,0.016938,0.065236,0.064837,0.065851,0.065559,0.065054,0.047669,0.076292,0.076568,0.077519,0.077124,0.079015,0.078264,0.035635,0.036373,0.036613,0.036512,0.036458,0.034410,0.034981,0.035295,0.035531,0.035581,0.035101
mm_b1945004b2403f,0.016938,0.038768,0.038707,0.039537,0.039132,0.038869,0.038982,0.066514,0.066651,0.067762,0.067162,0.107244,0.145864,0.057535,0.057679,0.057716,0.057643,0.057543,0.040754,0.052225,0.051689,0.051505,0.050565,0.050272
mm_535554c6e660c3,0.016938,0.048254,0.047803,0.048849,0.048480,0.047891,0.049184,0.085735,0.085398,0.086177,0.085627,0.085425,0.085668,0.048777,0.048776,0.049307,0.049218,0.056199,0.059077,0.049635,0.049592,0.049690,0.049431,0.049030
mm_77df3a9129e8ad,0.016938,0.091052,0.090194,0.091600,0.090951,0.090391,0.090865,0.042907,0.043018,0.043812,0.043297,0.043197,0.043977,0.048973,0.050963,0.051141,0.051093,0.050982,0.051043,0.050903,0.050902,0.051065,0.050821,0.050662
mm_caa11f85619c6d,0.016938,0.034604,0.034696,0.035331,0.035184,0.034719,0.034980,0.031329,0.031327,0.032276,0.031820,0.031704,0.031566,0.088396,0.089131,0.090230,0.090224,0.090063,0.090052,0.049349,0.049319,0.049408,0.048842,0.048442
mm_4a5321d67abf1c,0.016938,0.034419,0.034281,0.035223,0.034894,0.034374,0.034854,0.059595,0.060135,0.061156,0.060663,0.062986,0.064638,0.048011,0.048105,0.048105,0.048072,0.057304,0.058814,0.049964,0.050021,0.050223,0.049959,0.049559
mm_dba4aa4bbece0a,0.016938,0.036374,0.036485,0.037185,0.037213,0.036801,0.036927,0.035453,0.035375,0.036311,0.035872,0.035907,0.035766,0.028629,0.028472,0.028816,0.028726,0.028677,0.028661,0.028977,0.029075,0.029435,0.029571,0.029152
mm_919ae0eef2ec9b,0.016938,0.033758,0.033654,0.034601,0.034429,0.033753,0.033998,0.030776,0.030880,0.031397,0.031278,0.031014,0.031221,0.028561,0.028618,0.028864,0.028918,0.028829,0.028741,0.029593,0.029779,0.030135,0.030093,0.029886
mm_5738827147ac1c,0.016938,0.038473,0.038337,0.039218,0.038893,0.038346,0.038652,0.033630,0.033630,0.034457,0.033882,0.033595,0.033642,0.028677,0.028792,0.028963,0.028837,0.028764,0.028755,0.030631,0.030823,0.030930,0.030824,0.030482
mm_db5be267974063,0.016938,0.066660,0.072540,0.073237,0.072934,0.072558,0.072748,0.077264,0.079665,0.080411,0.079832,0.079684,0.079663,0.065944,0.065587,0.065612,0.065498,0.065450,0.066567,0.054529,0.054603,0.054859,0.054458,0.054227
mm_8e50e18479384e,0.016938,0.115981,0.119146,0.119941,0.119599,0.119258,0.119515,0.053139,0.056627,0.057324,0.056920,0.061003,0.060973,0.066442,0.066365,0.066367,0.066328,0.066317,0.066303,0.052916,0.053082,0.053331,0.053267,0.053027
mm_19e93bf90c928f,0.016938,0.067170,0.072328,0.072978,0.072914,0.072416,0.072914,0.042688,0.042428,0.043044,0.042852,0.042708,0.042549,0.028886,0.028972,0.029202,0.029174,0.029186,0.029042,0.029561,0.029870,0.030152,0.030105,0.029849
mm_4ffb81505bde1f,0.016938,0.063976,0.063777,0.064987,0.064478,0.064036,0.047249,0.076387,0.076161,0.077624,0.076851,0.076698,0.051323,0.064729,0.065314,0.065548,0.065472,0.065371,0.043610,0.061649,0.058043,0.057651,0.056587,0.056308
mm_28f025f21bdf7f,0.016938,0.066051,0.066110,0.066977,0.066563,0.065999,0.048444,0.074058,0.074856,0.075582,0.074927,0.075108,0.050772,0.072411,0.072490,0.072768,0.072650,0.078358,0.078041,0.045520,0.045960,0.045928,0.045618,0.045257
mm_464b0f0a310a03,0.016938,0.059610,0.059782,0.060759,0.060507,0.063416,0.067906,0.064087,0.064140,0.064621,0.064356,0.064451,0.064179,0.053840,0.053690,0.053848,0.053776,0.083534,0.097596,0.057646,0.056620,0.056206,0.055762,0.055458
mm_eb569e857b7245,0.016938,0.083903,0.083134,0.084601,0.083741,0.083444,0.083678,0.044664,0.044830,0.045318,0.044688,0.044328,0.044257,0.080539,0.080632,0.079201,0.079049,0.079046,0.079063,0.048081,0.048224,0.048304,0.048457,0.048092
mm_b2157fa1a032d1,0.016938,0.031883,0.031828,0.032626,0.032422,0.032263,0.032350,0.032127,0.032197,0.033095,0.032736,0.032723,0.032713,0.031189,0.031408,0.031534,0.031515,0.031516,0.031516,0.028908,0.029021,0.029091,0.029386,0.029090
mm_7192c55f8eab2a,0.016938,0.054017,0.053568,0.054866,0.054471,0.054855,0.055606,0.035089,0.035197,0.036335,0.035717,0.035351,0.035719,0.068001,0.073932,0.074229,0.074202,0.073944,0.074077,0.031122,0.031336,0.031563,0.031517,0.031327
mm_6fd047634aafbc,0.016938,0.130159,0.129111,0.130181,0.129772,0.129211,0.129549,0.116297,0.116531,0.117120,0.116556,0.116287,0.116543,0.031261,0.031132,0.031354,0.031130,0.030978,0.031056,0.025793,0.025934,0.026131,0.026323,0.025815
mm_97783e2b9c8604,0.016938,0.088937,0.088227,0.089189,0.088961,0.088358,0.089092,0.045306,0.045433,0.046330,0.045941,0.045368,0.045687,0.056007,0.058370,0.058591,0.058605,0.058398,0.058455,0.048962,0.048907,0.049194,0.048559,0.048262
mm_6cf11ee68f3f7f,0.016938,0.033267,0.033369,0.033878,0.033931,0.033511,0.033724,0.030664,0.030909,0.031572,0.031281,0.031230,0.030899,0.028654,0.028721,0.028841,0.028794,0.028830,0.028677,0.030606,0.030498,0.030652,0.030610,0.030401
mm_40f738dbe9451d,0.016938,0.033512,0.033522,0.034375,0.033910,0.033641,0.034063,0.031003,0.031318,0.032073,0.031562,0.031259,0.031706,0.028784,0.028692,0.029019,0.028861,0.028798,0.028876,0.030239,0.030422,0.030754,0.030679,0.030364
mm_3abc3c4436515a,0.016938,0.076294,0.075734,0.076727,0.076480,0.076057,0.080720,0.070494,0.070597,0.071393,0.070931,0.070665,0.071048,0.043947,0.043259,0.043361,0.042805,0.042702,0.042739,0.031010,0.031014,0.031419,0.031314,0.030917
mm_76a59fb78c9dcd,0.016938,0.040734,0.040342,0.041701,0.041150,0.040650,0.041063,0.135529,0.135068,0.137131,0.136643,0.136266,0.136218,0.057824,0.057517,0.057460,0.057452,0.057329,0.057454,0.040910,0.041188,0.041501,0.041330,0.040978
mm_31b77b928b2925,0.016938,0.048583,0.048344,0.049597,0.049074,0.048548,0.049042,0.140016,0.138642,0.138844,0.138156,0.137923,0.137952,0.061966,0.061454,0.061594,0.061512,0.061421,0.061701,0.050510,0.050507,0.050643,0.049854,0.049635
mm_8141895f88aaf0,0.016938,0.051050,0.050636,0.052039,0.051387,0.050905,0.051751,0.068277,0.068506,0.069581,0.068874,0.068467,0.068774,0.062171,0.062292,0.061301,0.061328,0.061202,0.061278,0.055276,0.054696,0.054897,0.054305,0.054139
mm_ad515f207a8106,0.016938,0.032056,0.031849,0.032898,0.032690,0.032313,0.032582,0.029301,0.029779,0.030587,0.030232,0.030165,0.030271,0.029245,0.029257,0.029506,0.029507,0.029444,0.029410,0.028742,0.029065,0.029212,0.029280,0.029012
mm_a75374cc355ee7,0.016938,0.038880,0.038456,0.039844,0.039293,0.038887,0.039056,0.105345,0.105299,0.107130,0.106540,0.106272,0.106286,0.038604,0.038660,0.038782,0.038752,0.038476,0.038410,0.031378,0.031578,0.031921,0.032005,0.031577
mm_fdb59174aaacff,0.016938,0.034809,0.034890,0.035433,0.035299,0.034987,0.035166,0.031121,0.030999,0.031902,0.031529,0.031450,0.031443,0.063833,0.068191,0.068415,0.068363,0.068275,0.068633,0.039844,0.040086,0.040343,0.040356,0.039905
mm_43d0b8a3504073,0.016938,0.035095,0.035337,0.036189,0.035728,0.035037,0.035578,0.031044,0.031431,0.032410,0.031682,0.031675,0.031755,0.053061,0.053493,0.053682,0.053668,0.053638,0.037951,0.051243,0.051283,0.051538,0.050718,0.050440
mm_6a87b93437f6b9,0.016938,0.065462,0.065034,0.066474,0.069076,0.070761,0.073774,0.078150,0.078824,0.079859,0.079358,0.079081,0.079177,0.059758,0.064261,0.064520,0.064445,0.064316,0.064422,0.042170,0.042241,0.042449,0.042386,0.042006
mm_6f176fae689f2c,0.016938,0.060506,0.064538,0.065694,0.065317,0.064517,0.048216,0.058966,0.061878,0.062858,0.062362,0.061994,0.050550,0.034372,0.034476,0.034672,0.034588,0.034568,0.034515,0.036265,0.036458,0.036779,0.036412,0.036106
mm_8d5c9f8c738f08,0.016938,0.072839,0.073464,0.074508,0.073812,0.073353,0.073833,0.038911,0.039003,0.039721,0.038816,0.038552,0.038871,0.058056,0.057824,0.057849,0.057671,0.057610,0.057882,0.050694,0.050375,0.050204,0.049495,0.049183
mm_effecc250cd06b,0.016938,0.067608,0.068202,0.068956,0.068523,0.073527,0.072982,0.053976,0.054039,0.054986,0.054580,0.054313,0.041109,0.063748,0.063805,0.064091,0.064048,0.063935,0.042832,0.055686,0.055635,0.055766,0.054927,0.054455
mm_de1e7cbfa4cd8c,0.016938,0.033792,0.033833,0.034422,0.034245,0.033770,0.034077,0.031164,0.031177,0.031970,0.031705,0.031632,0.031440,0.026437,0.026554,0.026851,0.026674,0.026581,0.026749,0.025570,0.025761,0.025952,0.026119,0.025703
mm_ab14c35e69f5c5,0.016938,0.034087,0.034141,0.034907,0.034676,0.034323,0.034624,0.070716,0.073103,0.073970,0.073417,0.073292,0.073377,0.057352,0.059154,0.058293,0.058231,0.058174,0.058145,0.050109,0.050110,0.050328,0.049692,0.049402
mm_8339c3dd77ff24,0.016938,0.061850,0.064749,0.065687,0.065742,0.065262,0.065694,0.038233,0.038347,0.039022,0.038413,0.038497,0.038413,0.028818,0.028864,0.029136,0.029036,0.029018,0.029025,0.029100,0.029415,0.029571,0.029621,0.029391
mm_be90c4a0418564,0.016938,0.068944,0.068922,0.069695,0.069292,0.084811,0.075338,0.066764,0.067029,0.067869,0.067265,0.067019,0.047053,0.078160,0.078909,0.079090,0.079070,0.101604,0.107497,0.048859,0.048944,0.049180,0.048861,0.048604
mm_56138b256f34a2,0.016938,0.032481,0.032705,0.033336,0.033102,0.032797,0.033277,0.030299,0.030596,0.031099,0.030853,0.030803,0.030994,0.028242,0.028381,0.028507,0.028468,0.028465,0.028448,0.027729,0.028030,0.028331,0.028180,0.028065
mm_d895ddeb6debd4,0.016938,0.032876,0.033042,0.033545,0.033508,0.033056,0.033492,0.030317,0.030417,0.031268,0.030799,0.030703,0.030762,0.026196,0.026311,0.026403,0.026388,0.026465,0.026371,0.025124,0.025272,0.025553,0.025569,0.025343
mm_b04d01a5b59432,0.016938,0.036291,0.036020,0.036816,0.036579,0.036269,0.036504,0.047348,0.050601,0.051180,0.050739,0.050872,0.039363,0.036030,0.035789,0.035676,0.035251,0.035158,0.035146,0.031175,0.031611,0.031799,0.031864,0.031613
mm_fcf63e97e8230b,0.016938,0.087892,0.088365,0.089194,0.088853,0.088514,0.087885,0.114769,0.113868,0.114387,0.113921,0.113572,0.114140,0.092840,0.092835,0.093711,0.093605,0.093458,0.093607,0.040695,0.040954,0.041129,0.041209,0.040916
mm_2d9915d8f13213,0.016938,0.035046,0.035079,0.035878,0.035653,0.035294,0.035607,0.046508,0.047699,0.048517,0.047970,0.048042,0.047926,0.064065,0.063603,0.063748,0.063609,0.063579,0.063579,0.046499,0.046504,0.046917,0.046567,0.046145
mm_71b6d9d6444cb3,0.016938,0.038764,0.038546,0.039740,0.039318,0.038845,0.039138,0.105031,0.104246,0.106538,0.105918,0.105770,0.105675,0.042219,0.042844,0.043034,0.042886,0.043541,0.043886,0.051388,0.051089,0.050901,0.050202,0.049951
mm_4afaeccfd5545e,0.016938,0.032984,0.033023,0.033939,0.033598,0.033232,0.033418,0.030123,0.030564,0.031383,0.030829,0.030744,0.030868,0.026268,0.026367,0.026597,0.026503,0.026452,0.026455,0.025181,0.025503,0.025607,0.025650,0.025353
mm_d699794ccab5e8,0.016938,0.036725,0.036780,0.037693,0.037269,0.036953,0.037337,0.032407,0.032650,0.033526,0.033075,0.032721,0.032925,0.028608,0.028725,0.028832,0.028805,0.028739,0.028791,0.030463,0.030542,0.030726,0.030686,0.030475
mm_3a7b0a283d9336,0.016938,0.038125,0.037696,0.038967,0.038472,0.037912,0.038450,0.034931,0.035150,0.036195,0.035591,0.035298,0.035397,0.028534,0.028673,0.028816,0.028798,0.028733,0.028821,0.029802,0.030166,0.030348,0.030321,0.030054
mm_70f4a4912ca822,0.016938,0.143067,0.141958,0.144331,0.143910,0.143367,0.143699,0.041144,0.041452,0.042292,0.041597,0.041329,0.041524,0.026776,0.026788,0.027093,0.027011,0.026904,0.026946,0.025660,0.025575,0.026194,0.026021,0.025725
mm_be870bc694fd12,0.016938,0.048468,0.048809,0.049470,0.049330,0.048760,0.050013,0.070492,0.070068,0.071018,0.070372,0.070373,0.070177,0.098441,0.101367,0.101248,0.101148,0.101121,0.101014,0.042739,0.042429,0.042483,0.041940,0.041711
mm_1888655ca7c1f4,0.016938,0.065948,0.066098,0.066921,0.066559,0.065895,0.048477,0.062197,0.062389,0.062986,0.062556,0.062786,0.050215,0.033635,0.033476,0.033484,0.033024,0.032948,0.033027,0.030357,0.030671,0.031087,0.031098,0.030679
mm_7ae718541ad9db,0.016938,0.034070,0.033858,0.035317,0.034948,0.034954,0.035066,0.028844,0.029089,0.030056,0.029782,0.029629,0.029865,0.025599,0.025614,0.025842,0.025907,0.025971,0.025891,0.024471,0.024819,0.025041,0.025218,0.025044
mm_8b5423c24927b4,0.016938,0.033342,0.033285,0.034048,0.033897,0.033313,0.033906,0.031328,0.031098,0.031944,0.031523,0.031544,0.031334,0.029691,0.029778,0.029854,0.029857,0.029734,0.029826,0.029956,0.030040,0.030342,0.030531,0.030162
mm_adb2aa1e2851c9,0.016938,0.077072,0.076345,0.077521,0.076906,0.076724,0.077672,0.061043,0.061084,0.061907,0.061278,0.079989,0.073312,0.111414,0.110692,0.110582,0.110495,0.110348,0.110485,0.040036,0.040393,0.040634,0.040644,0.040366
mm_1ca7d7dd2a538d,0.016938,0.091764,0.096088,0.097182,0.096667,0.096100,0.096655,0.033657,0.033507,0.034399,0.034063,0.033745,0.033871,0.029709,0.029815,0.030029,0.029965,0.029936,0.029911,0.026495,0.026442,0.027077,0.026741,0.026507
mm_53159bbd384807,0.016938,0.076116,0.075403,0.076671,0.076136,0.075624,0.076267,0.068891,0.068276,0.069470,0.068631,0.068560,0.069877,0.036380,0.036248,0.036432,0.036361,0.036313,0.036308,0.035928,0.035647,0.035791,0.035723,0.035495
mm_87de4fd7cc9841,0.016938,0.051253,0.051196,0.052029,0.051726,0.051402,0.052308,0.073953,0.081715,0.082450,0.081902,0.081635,0.081769,0.056273,0.058046,0.058135,0.057951,0.057903,0.057941,0.048878,0.049112,0.049281,0.049270,0.049086
mm_bad04470871528,0.016938,0.061864,0.065622,0.066196,0.065976,0.065668,0.066088,0.042922,0.042822,0.043662,0.043124,0.043018,0.043245,0.069522,0.073617,0.073912,0.073864,0.073679,0.073757,0.041684,0.041746,0.041966,0.041812,0.041580
mm_4350cc5a678990,0.016938,0.033471,0.033664,0.034350,0.034100,0.033537,0.034160,0.030966,0.031460,0.032304,0.031630,0.031396,0.031506,0.026167,0.026375,0.026638,0.026381,0.026382,0.026410,0.025525,0.025771,0.025867,0.025856,0.025547
mm_4f9be24f629b32,0.016938,0.058685,0.058551,0.059254,0.058926,0.058500,0.059046,0.038010,0.038083,0.038871,0.038409,0.038260,0.038287,0.049584,0.049616,0.049751,0.049578,0.053541,0.053008,0.049375,0.049188,0.048662,0.048429,0.048005
mm_a09072518fa28a,0.016938,0.033557,0.033502,0.034441,0.034411,0.034099,0.034433,0.031202,0.031385,0.032301,0.032206,0.032117,0.031992,0.025734,0.025815,0.026006,0.026042,0.025958,0.026084,0.024832,0.025049,0.025459,0.025664,0.025153
mm_a45656eea22ec8,0.016938,0.033313,0.033477,0.034164,0.033831,0.033641,0.033613,0.030436,0.030550,0.031529,0.030929,0.030709,0.031006,0.026093,0.026183,0.026456,0.026472,0.026315,0.026341,0.025620,0.025745,0.026175,0.026056,0.025838
mm_52f2e4e09888bf,0.016938,0.051560,0.051246,0.052176,0.052052,0.051287,0.051593,0.036445,0.036440,0.037108,0.036720,0.036587,0.036594,0.051306,0.054448,0.054550,0.054584,0.054435,0.054508,0.042187,0.042376,0.042500,0.042553,0.042249
mm_d348f73efafae4,0.016938,0.075287,0.075257,0.076293,0.076037,0.075389,0.075661,0.044233,0.044173,0.044752,0.044379,0.044243,0.044996,0.041663,0.044726,0.045212,0.045133,0.046112,0.046144,0.042045,0.041990,0.042156,0.041777,0.041490
mm_ce69b7a79124a7,0.016938,0.063359,0.065174,0.065900,0.065543,0.065310,0.047570,0.084531,0.084759,0.085524,0.085047,0.126454,0.171666,0.058774,0.058805,0.059008,0.058852,0.058805,0.040640,0.053865,0.054010,0.054312,0.053616,0.053245
mm_0f8f6a820b9b15,0.016938,0.040913,0.040845,0.041985,0.041350,0.040932,0.041293,0.056539,0.057001,0.057650,0.057049,0.060502,0.060223,0.041810,0.041914,0.042019,0.041989,0.041900,0.041952,0.036395,0.036046,0.036382,0.036028,0.035872
mm_92120ea6476323,0.016938,0.035501,0.035686,0.036457,0.036129,0.035625,0.035951,0.079411,0.078938,0.079929,0.079044,0.079180,0.079320,0.069402,0.068902,0.068985,0.068846,0.068711,0.068843,0.048872,0.049161,0.049554,0.049590,0.049159
mm_131d87a8b06650,0.016938,0.032614,0.032880,0.033704,0.033210,0.032775,0.033301,0.030077,0.030440,0.030980,0.030568,0.030449,0.030576,0.026001,0.026061,0.026187,0.026147,0.026120,0.026058,0.025289,0.025463,0.025625,0.025665,0.025440
mm_67e87ff87e0f81,0.016938,0.065397,0.065337,0.066464,0.065842,0.065459,0.047865,0.074167,0.074533,0.075352,0.074864,0.074511,0.050935,0.055522,0.058737,0.058883,0.058777,0.058862,0.060237,0.042375,0.042537,0.042706,0.042040,0.041770
mm_4e5d496760e09b,0.016938,0.037337,0.037526,0.038227,0.037950,0.037897,0.037861,0.050272,0.050365,0.051478,0.050890,0.050797,0.039129,0.042606,0.042502,0.042726,0.042635,0.042626,0.036968,0.029420,0.029728,0.029779,0.030052,0.029655
mm_a26f201c4d24f9,0.016938,0.033361,0.033291,0.034106,0.033842,0.033380,0.033554,0.030063,0.030413,0.031127,0.030637,0.030548,0.030690,0.026339,0.026375,0.026563,0.026599,0.026487,0.026492,0.025363,0.025611,0.025729,0.025823,0.025451
mm_f25d97c88c7dcf,0.016938,0.055121,0.058761,0.059460,0.059189,0.058802,0.045252,0.039452,0.039715,0.040541,0.039493,0.039574,0.039335,0.026105,0.026164,0.026343,0.026243,0.026275,0.026204,0.025063,0.025239,0.025607,0.025589,0.025249
mm_b1bde1556f8ff6,0.016938,0.057743,0.057639,0.058510,0.058166,0.066008,0.080437,0.062527,0.062692,0.063543,0.063080,0.062882,0.045190,0.047228,0.047476,0.047692,0.047639,0.053267,0.053570,0.049716,0.049239,0.049136,0.048901,0.048486
mm_2ebcf061e4042a,0.016938,0.038641,0.038707,0.039601,0.039467,0.038847,0.039139,0.050162,0.050696,0.051626,0.050554,0.050532,0.050467,0.053140,0.055878,0.055999,0.055943,0.055927,0.057011,0.052626,0.052639,0.052759,0.052865,0.052624
mm_41a514f513daa8,0.016938,0.059407,0.059653,0.060474,0.060227,0.060641,0.060338,0.036561,0.036244,0.037056,0.036548,0.036154,0.036582,0.026147,0.026221,0.026494,0.026448,0.026368,0.026367,0.025428,0.025798,0.025852,0.025939,0.025718
mm_0bfc128d0e62a7,0.016938,0.059693,0.061365,0.062034,0.061699,0.061555,0.061444,0.043345,0.043549,0.044591,0.043776,0.043694,0.044455,0.058257,0.058035,0.058050,0.057999,0.057860,0.058011,0.047049,0.047192,0.047472,0.047521,0.047206
mm_8aee809ad57f41,0.016938,0.036238,0.036505,0.037128,0.036947,0.036283,0.036875,0.034654,0.034347,0.035396,0.034703,0.034643,0.034735,0.028425,0.028495,0.028843,0.028731,0.028602,0.028591,0.025374,0.025643,0.025833,0.025855,0.025529
mm_fdac9837d4ead3,0.016938,0.037878,0.037647,0.038864,0.038448,0.037995,0.038311,0.041548,0.041273,0.042389,0.041661,0.041474,0.041395,0.029843,0.029930,0.030153,0.029985,0.029886,0.029914,0.030542,0.030690,0.030866,0.030955,0.030636
mm_207713ac036e2e,0.016938,0.047651,0.047789,0.048615,0.048423,0.047869,0.048848,0.077928,0.078540,0.079544,0.079070,0.078745,0.078838,0.037365,0.038900,0.039092,0.039092,0.038748,0.038822,0.041705,0.041584,0.041922,0.041288,0.041091
mm_c40563392bcdde,0.016938,0.078182,0.077643,0.078564,0.078156,0.077929,0.079220,0.041929,0.042106,0.042931,0.042342,0.042271,0.042676,0.026307,0.026355,0.026470,0.026425,0.026462,0.026440,0.025407,0.025410,0.025710,0.025683,0.025471
mm_d6c3161856bff5,0.016938,0.055473,0.057878,0.058566,0.058115,0.060690,0.062401,0.068820,0.068939,0.070057,0.069328,0.069373,0.048405,0.043918,0.047369,0.047610,0.047528,0.049556,0.056925,0.056021,0.055320,0.055594,0.054756,0.054366
mm_586e055a591c6a,0.016938,0.122935,0.128289,0.130245,0.129932,0.129403,0.129632,0.094846,0.094782,0.094608,0.094208,0.093988,0.093914,0.056446,0.056386,0.056432,0.056417,0.056263,0.056344,0.046996,0.047138,0.047322,0.047522,0.047020
mm_cb48704acb4ba5,0.016938,0.083451,0.082748,0.083811,0.083472,0.083047,0.083331,0.065848,0.065905,0.066837,0.066159,0.065955,0.066422,0.057713,0.057714,0.057735,0.057716,0.057555,0.057701,0.048096,0.048352,0.048527,0.048626,0.048370
mm_16211106fa0b86,0.016938,0.033468,0.033594,0.034404,0.034185,0.033794,0.034315,0.053839,0.057236,0.057950,0.057625,0.062861,0.062903,0.041245,0.042017,0.042229,0.042016,0.042086,0.042073,0.036155,0.036537,0.036725,0.036652,0.036497
mm_848a987a9911df,0.016938,0.082745,0.081853,0.083231,0.082638,0.082193,0.082892,0.070259,0.070174,0.070980,0.070374,0.070277,0.070019,0.056324,0.055921,0.055987,0.055903,0.055768,0.055817,0.036954,0.037302,0.037590,0.037308,0.036973
mm_52534cb2856fb0,0.016938,0.036808,0.037300,0.037881,0.037751,0.037333,0.037500,0.030647,0.031167,0.031928,0.031407,0.031464,0.031329,0.028964,0.028831,0.029034,0.029118,0.029030,0.028862,0.026189,0.026296,0.026412,0.026477,0.026207
mm_5158daabc69b4e,0.016938,0.063309,0.063212,0.064120,0.063638,0.063282,0.046782,0.067116,0.072947,0.073571,0.073212,0.072936,0.050494,0.066560,0.066574,0.066854,0.066731,0.066721,0.044326,0.060767,0.057134,0.056895,0.055651,0.055352
mm_c3b964ea6b6879,0.016938,0.077386,0.077186,0.078434,0.077938,0.129701,0.183224,0.076864,0.076799,0.077894,0.077231,0.105319,0.114373,0.036515,0.036069,0.036098,0.035752,0.035771,0.035685,0.025547,0.025610,0.026005,0.025986,0.025619
mm_9e1bc45d263d81,0.016938,0.034636,0.034507,0.035534,0.035133,0.034384,0.034812,0.031772,0.031770,0.032258,0.032001,0.031834,0.031876,0.030603,0.031177,0.031268,0.031197,0.031242,0.030783,0.034454,0.034414,0.034346,0.033961,0.033658
mm_2012c06dcdc24c,0.016938,0.033036,0.032975,0.033993,0.033906,0.033240,0.033438,0.032901,0.033227,0.033988,0.033591,0.033462,0.033431,0.027444,0.027487,0.027667,0.027679,0.027563,0.027583,0.025400,0.025513,0.025695,0.025776,0.025514
mm_22794d5e465b87,0.016938,0.055747,0.055278,0.056290,0.056171,0.055650,0.043255,0.054443,0.054419,0.055067,0.054820,0.070827,0.071356,0.031929,0.032052,0.032218,0.032165,0.032082,0.032217,0.025785,0.025942,0.026116,0.026280,0.026062
mm_1bea4669f98a3b,0.016938,0.050826,0.052767,0.053354,0.053249,0.053417,0.054109,0.040964,0.040436,0.041382,0.040336,0.040576,0.040304,0.065485,0.065455,0.065415,0.064849,0.064720,0.064837,0.029490,0.029787,0.030140,0.030221,0.029787
mm_a4dc46126e8a0f,0.016938,0.032449,0.032568,0.033382,0.033182,0.032777,0.033049,0.029978,0.030228,0.031088,0.030589,0.030640,0.030353,0.025899,0.025898,0.026052,0.026054,0.025894,0.026017,0.025039,0.025423,0.025658,0.025709,0.025441
mm_168aad8dda1fbb,0.016938,0.077404,0.077211,0.078417,0.077953,0.129706,0.183223,0.077211,0.077177,0.078423,0.077489,0.114447,0.151678,0.068971,0.068632,0.068583,0.068540,0.068423,0.069648,0.053454,0.053478,0.053630,0.053213,0.052985
mm_1004a32839814a,0.016938,0.037065,0.037090,0.037765,0.037378,0.036911,0.037210,0.062108,0.062705,0.063571,0.062763,0.062703,0.062752,0.058784,0.058728,0.058709,0.058726,0.058611,0.058645,0.041699,0.041936,0.042330,0.042331,0.041965
mm_7324418ace89c9,0.016938,0.062823,0.062374,0.063683,0.063074,0.063253,0.064444,0.038999,0.039114,0.040168,0.039546,0.039338,0.039410,0.030990,0.031067,0.031312,0.031196,0.031085,0.031092,0.025588,0.025509,0.025905,0.025846,0.025501
mm_4f937002da1897,0.016938,0.063822,0.063896,0.064763,0.064462,0.064040,0.047346,0.071675,0.071548,0.072949,0.072110,0.071934,0.049744,0.042975,0.045913,0.046255,0.046181,0.046023,0.035070,0.034245,0.034365,0.034610,0.034538,0.034208
mm_bfd960f3d2deb6,0.016938,0.040166,0.039906,0.041002,0.040606,0.040052,0.040399,0.083016,0.083997,0.085030,0.084406,0.084076,0.085149,0.067710,0.067731,0.067735,0.067671,0.067617,0.068708,0.058851,0.055743,0.055593,0.055212,0.054915
mm_af6a2878b910d7,0.016938,0.068338,0.067635,0.068590,0.068316,0.067913,0.068288,0.040333,0.040354,0.041155,0.040158,0.040313,0.040340,0.030400,0.030403,0.030701,0.030563,0.030475,0.030607,0.030075,0.030269,0.030569,0.030466,0.030108
mm_2cbcb03a52af21,0.016938,0.032297,0.032175,0.033106,0.032888,0.032589,0.033127,0.030071,0.030145,0.031371,0.030875,0.030673,0.030802,0.026112,0.026174,0.026459,0.026371,0.026281,0.026408,0.025276,0.025540,0.025865,0.025994,0.025542
mm_f696090f4bf9d1,0.016938,0.056484,0.056624,0.057297,0.057084,0.056799,0.043937,0.039306,0.039206,0.039828,0.039557,0.039436,0.039663,0.040550,0.042418,0.042613,0.042550,0.042653,0.033479,0.047132,0.047410,0.047583,0.047711,0.047418
mm_9d2641b4c6f9b8,0.016938,0.071810,0.077293,0.078005,0.077691,0.077300,0.078642,0.050845,0.052183,0.052890,0.052228,0.052308,0.039858,0.066724,0.066339,0.066535,0.066455,0.066377,0.066407,0.052708,0.052206,0.052508,0.051931,0.051673
mm_2e478af25673b6,0.016938,0.080190,0.079649,0.080456,0.080024,0.079772,0.079937,0.089857,0.089545,0.090125,0.089602,0.089405,0.089513,0.058472,0.060099,0.060101,0.059995,0.059989,0.059911,0.051031,0.050581,0.050555,0.050147,0.049877
mm_f05e8431f17646,0.016938,0.038898,0.038911,0.039773,0.039555,0.039027,0.039408,0.077022,0.076659,0.077843,0.077156,0.077313,0.077111,0.066519,0.066049,0.066180,0.066076,0.065972,0.066224,0.049506,0.049800,0.050054,0.049693,0.049375
mm_765156c7253908,0.016938,0.051167,0.051109,0.051923,0.051465,0.051977,0.052641,0.077077,0.076818,0.077753,0.077091,0.076964,0.077167,0.031303,0.031332,0.031467,0.031397,0.031335,0.031436,0.025995,0.026163,0.026227,0.026298,0.026055
mm_d7ec4a32d42ac8,0.016938,0.040975,0.041006,0.041862,0.041493,0.040888,0.041346,0.039366,0.039600,0.040470,0.039815,0.039757,0.039902,0.037490,0.037562,0.037602,0.037600,0.037605,0.037571,0.029111,0.029224,0.029545,0.029415,0.029174
