id,prediction
5917d666614e0c920427eadee9209e4f,0.039149305555555555
47d23597815194ada8aa8595b76dbe52,0.4115451388888889
459e7561d2e340071d34f4ffa4b121e2,0.30928819444444444
a6d88f1e37507772371d28c8c64cddfe,0.5983506944444444
b6d9b11ad231e6d691fed5f7945a21ab,0.07543402777777777
43c7a4e8c6eb054ecde54dd00b113e98,0.31631944444444443
84e7f436b5933b21d194b0c88f39c88e,0.11076388888888888
02b2841aea892931a47ceb0e0683a15b,0.2551215277777778
5e7b9890e6e018310ecc6bf22815a03e,0.35234375
bd41190d6f0c7bfa51525c3354a54616,0.26197916666666665
de4fc16106e29fdfd4408c3990932610,0.10425347222222223
b6385f2828b778cadd00f2ef618c0800,0.054600694444444445
357bb1621b1f01def6d48e40d2cdb842,0.6290798611111111
07e0e46dbe9250f1d60e3214574db543,0.5204861111111111
9fbd783bbe8f6667c2e0a669685d8ae6,0.5641493055555555
d8c767ac4c6f5794a4c18303c54f1668,0.5409722222222222
c0ecd0f42475a81e4a532c3aeae0e221,0.5265625
2a0b74074cc9ae3a92475ec146a23b68,0.5335069444444445
d373e8fcbee37eed367ead4d7ddaad92,0.3203125
eb711806c955b11a86cb49a41f6c0f3e,0.31710069444444444
86e7873a8945aa0521c35ca25533a7ae,0.5850694444444444
6a38685b588d6790b11210a3a15556e7,0.1076388888888889
9e56f3cdd6c83ec2d556fb962dd6432d,0.4017361111111111
dc38e255943145620f9e14455470e427,0.9428819444444444
04892b828bd83638bf578d521193eb62,0.4345486111111111
6c8e9ebbb13c2ee9a6bb268704371ddd,0.3324652777777778
3a5e95df7b8e2e75b01bc7c928e6de60,0.4622395833333333
346d47f722ae92bc537ab463ddc61212,0.030729166666666665
fbbedf47f3ff56485ad5b6578d9f75ad,0.4534722222222222
6b4b7fe61c3d86599f1f5ca3f4434c6f,0.14809027777777778
8a725032afc17e5f41e16cbcbd7913b2,0.8258680555555555
8e994af2d9c7bcb17fd1cd348a51f2ec,0.7858506944444444
2a76c846f0313323a2003e404cb5c58b,0.33046875
f74a4ddc80dbc35da13b7b4902b691bb,0.8678819444444444
f6eb55de28e9a4403724671ec21a2af2,0.8414930555555555
a60e3c89883983cd0283c3256a2dba52,0.33046875
85db3a9962abd5682715ccf1ff415857,0.5068576388888889
54c29d56b4bea47241178568a449ca57,0.16944444444444445
2898f99b9b48e6852b9d89d0ac9a5794,0.17395833333333333
d4de1a23850461715bbddbadfbf4ffd4,0.5243923611111111
4ca018b79187206eac04dd3698653259,0.5835069444444444
19ec85ecdc3fd8f83f898a27f13d5418,0.023350694444444445
f71d492562d342daaed3b1869a0e7180,0.6460069444444444
13ca4e5775eb74d046caaf3051ff9631,0.29288194444444443
3d7ccd9a05e5d81200908eed5ee83410,0.08628472222222222
0d8c2c1a11d6c9b3279e93ce53994440,0.17447916666666666
1f845a7f1aec29a7a12e3bedad8be060,0.3581597222222222
4cc223152fe678db3c7201444660158d,0.26024305555555555
ef2d5c373645a016226a84eec4b2f2f1,0.5315104166666667
bbf67e0567db5648f666aa003f031755,0.7528645833333333
09afcf6afa3345bfcd811d7649551e0f,0.8171875
163e8178dadc0ff63f7b909b1d7b0558,0.5717881944444444
cfa4da8c8a2c1b62dd4514e02ab5e0fb,0.20303819444444443
c797d942b28da81b52812a3445d88755,0.5052083333333334
16f36a0f47f4eae8e5a2d405a742671a,0.017013888888888887
72c89b67b91ca892d186b8fc566c353f,0.041666666666666664
531f7afbc90900e38f4a62220b139a3e,0.5611111111111111
d047653471b1c067635055ce3dc4b4ee,0.09114583333333333
d36e96029b78d58a81a17e2c4d099dbd,0.005208333333333333
d6ab81664399c23e970a361957ecae67,0.03784722222222222
8f67bbecacc936936d4806865e3c4e74,0.5478298611111111
2ef2e03872fa6be49f4ad32ff4a952e5,0.6432291666666666
fc0a72fa272db9ab9d160615ee608937,0.6278645833333333
0dd01b31e49f02ea14d7f7325c4541b8,0.2421875
f3b55d975df7d9327850947f3e54bd84,0.2462673611111111
64fddb86572df0b3705e8c49c83755da,0.13723958333333333
3a4d2c4fc51e746d2d1091ea732a8658,0.7575520833333333
dabd832826359d236b7695ac3d06cb3b,0.6713541666666667
9acb2246c563cdc822fdd4d2fd258364,0.7534722222222222
f932e856ac2324c84ff955971c1b658b,0.6097222222222223
f1687c592f51ff0eb74625fac56c10c2,0.8182291666666667
eaafaf25b885645e694c4819fd419941,0.6038194444444445
0ba1051ffbd352f784b53c2f638d9314,0.9942708333333333
9099078ee8bec917c06583659c037f01,0.9730902777777778
cbe5ccc67d63b431e350bd22a7a3c5d4,0.9914930555555556
d2d47c14b81cd10b9f669beb29c86d7b,0.8816840277777778
3ff786b0513b5653f8197d56dd7145d5,0.9913194444444444
9e677d29cbd2f8d5a30702c03b318071,0.7048611111111112
99c4e6804944d42182b7b9df61d28643,0.5860243055555555
4889ed35a579731d79e0ea07d44b48a9,0.4939236111111111
156aa4d4a6e69f3386e1a909fd7bc50c,0.8041666666666667
f9148e91bf3fa12ebe0e3b2bc4a524d2,0.47274305555555557
f4dc8a9aa71e66401de2deec79be38d6,0.7690972222222222
b305fea6ba2dc826ed07f7e2f22b9729,0.75234375
5d2a86712b4d3c7e24be695664dcdba9,0.8872395833333333
baa63ac55b1f49a942a5cb1a7594018f,0.7889756944444445
d7d4ddc1f521e06ccd648d34e949d405,0.6055555555555555
3990bf7aaed64b72587550c1313514dc,0.9128472222222223
42574bc531e47204d7aadc1888606eea,0.6609375
34c6cac6c4d094905e3bd64645b126be,0.7663194444444444
36b70d57fa97f886fc89840d6c667cff,0.26579861111111114
2ffd34543e21d118e753a0e7b18a53ba,0.6442708333333333
c0317237fb96f4439a1029d413d36335,0.4444444444444444
69d2c2b7b50296a8bb28151a19586caa,0.37222222222222223
c0e819bc2e6a4137c03c8de5286e69a4,0.5956597222222222
504aec7aee46edbfbbf4994af7d70f94,0.6758680555555555
77cd8ce398924a46dbff72f3b02ddfe7,0.5559027777777777
f1d26537d411031325faa2780abc2bd8,0.7322916666666667
1fd84ef4eb645c9f7a6fa24d6032d0a1,0.45
9b4e2507a8e103264d5c2251d6f26f3b,0.5697916666666667
be3739a6a759950db19d1b1bb2b70643,0.7051215277777778
f49368f30d56cf0da4c150c90dc66e4f,0.6456597222222222
87ce947fee24aa257114b2f137ea70f2,0.7585069444444444
f7e56b7874a9564d0593d68f041ec063,0.9322916666666666
12fb39e8ed4a2764949342ae41e3c631,0.9029513888888889
22f0f55cb353f6b404b32b1af1b2eb51,0.9328993055555556
883a736c1948d439971ad1f04acfa772,0.8610243055555555
05f59be31d63028900384ee7134b855e,0.8965277777777778
9a99445b6db7bebb45ecc8774932e877,0.5386284722222222
4ee73224436d39d68b2791e3b0647856,0.2557291666666667
e6c0d32c1e3558ec377a51a9fb0b90ad,0.5714409722222222
09ce1ed2b91398778f25addb9107c3e9,0.4423611111111111
48d3507920f675cb5f43dacb7e1313b9,0.3433159722222222
da39fe7e79fc69b7083f8ba84c03bee7,0.3433159722222222
834a9f2b4dc1858c6463977cd2c2ed46,0.9251736111111111
7dcf9a062638e45219b950a4129efa28,0.9163194444444445
31986515b45320a155cb8d61fa7eef5b,0.8697916666666666
1a9174b245f297e27192e563a58777a2,0.7027777777777777
f0d7fd6d2ca2b7eeb0fb81ec3b3b3982,0.9574652777777778
bd444b1b4e5159f1c99f7ecffad2ec98,0.9026909722222223
b3980e6261b27bae8f2fee9dc19375e3,0.37274305555555554
1c09294f70963d36ae9467522d2e225a,0.7996527777777778
db0286f1b5ee948a2646a0c1ebe4fff5,0.7345486111111111
8f0248d8aa739f35931a8d63b8a2e997,0.7118055555555556
bc4c8ec72c8455103669a19d27c370e3,0.9302083333333333
ba7c4993fe4fa6e059284c31d5902eff,0.2651909722222222
47bd110812a53f26ffef42b59a6badfa,0.6149305555555555
bdc0175940b9e867e1e122bfe9d760a8,0.5923611111111111
d0fb1003b07dacb90f3e355693ecd5b4,0.004166666666666667
e1cd8086e937646e3bf9170d07dbc680,0.02829861111111111
24cebe780a1e3efd6f63b618feb17cf9,0.23368055555555556
6fa40a0feeb096b8bdc88310d959dbe5,0.415625
2e075716445dfe8f1e35612e699adbfc,0.23177083333333334
da421eadcaa62b3773424e4b0fa7a3bf,0.5565972222222222
6102c1762c2b35408224b5ace3fec667,0.5595486111111111
d54518dd71f750b447ea41afd95f9e34,0.28177083333333336
32f8e013854110cc8e3eeae413755396,0.5170138888888889
177d3118e653e6e878c93952dfcd92bd,0.23272569444444444
ffb8937be9b76a4524b20d3e81d49e2f,0.91953125
2c7ac349130a2a6d1141f04c8af9eac1,0.9263888888888889
7b4865f1608fa2c2f619f90e8f145725,0.9994791666666667
c36c3372b3d82a7b1e1ab91164f3e086,0.9993055555555556
49c1d839628b111d64cbd7f76ef3c55c,0.7392361111111111
cd6936c9888b390eea56e5d84d339b1c,0.8189236111111111
3c32994262ccb8f39d923cf379ae445f,0.7698784722222223
7ba07a20a2af2932ef60fce82f7a863c,0.4696180555555556
339e927e5fe96a8e2f523aa9bb9c5564,0.5177083333333333
f5ba14bc7b88227b20ca716a4d7cebc6,0.42083333333333334
297dd87bcc55e97335dbe90f5e83ecc6,0.0890625
a480332ee250d579a7024f0c3b551dce,0.6449652777777778
6f11ea082e50f9b8637a153842ee4417,0.2682291666666667
67536fc25bb42dfc551340c1dd53daee,0.45364583333333336
785feb4a185956acc294aa44615f35c7,0.18836805555555555
eaa3a01793884dbe63bd86c6cb6e9a82,0.37335069444444446
72d37324eae097c5195f7276623b4e05,0.0640625
92abeb5c82590eb9a20a049459eda2da,0.17673611111111112
952f11259694e0ff74511268cebb948b,0.290625
ce8ffd36a2edc875e12e10f936664335,0.21710069444444444
ec45b7764264072e4a1956f4ac98778c,0.3184895833333333
495a5ad1d89103a94d8825a4abcb7f8b,0.20416666666666666
c1e9542d0c34cfc37249ffe63ad1ba85,0.08125
57b3ceaef5933e0f63bd2455ba0a6640,0.22942708333333334
c2cdda2465119260a7bb0c757f65e509,0.4828125
c5ec326cf7b2d85281649e0dcde5fce0,0.19427083333333334
3fc95ba8b86401d08cc2e919dee60eda,0.32265625
af90f713e35e72107bb548531f75307a,0.30859375
bd34fad86ee4f8fb52a21562e835dd38,0.19427083333333334
6b1b10c4ecc122e6853effa24e8a63ef,0.8215277777777777
4ab4a85c4fb4f6228e7f0efdb666c8e9,0.27934027777777776
2df55dcd14a6454100bc3734ee801451,0.4056423611111111
e7602014336b44582a5c76f46aa61f8d,0.20729166666666668
8fc9aaf252d9f706f60bf62343871985,0.028038194444444445
55837a3e05000b287aa1be6234f9a861,0.3971354166666667
0366b6f7e7d99b81a0dfa42ecc9eb418,0.36909722222222224
a1380cc88b4a81bfbc400ea40cc4a03e,0.43472222222222223
8dc974a95de57011685af73e25937156,0.07916666666666666
b0be9dbe036fe5d21de82b0049ade1ae,0.2400173611111111
0529b3583fb5d76f7db1e43b0c360713,0.44513888888888886
793f4c0ec37c6379e56d28cc814b7e53,0.11979166666666667
b1e56ee858a9a103bf44590119dc296c,0.1234375
959052560b29975fe601994eda1816ed,0.16215277777777778
d5f65294dbdbb60cc10cbcc04acaef6f,0.5779513888888889
41b18c844201872159713587d579f724,0.3818576388888889
72f0125f0036db41210c853b4a704af4,0.33958333333333335
ba479df2b2e67a7b0d342b91876321eb,0.6585069444444445
dc9ccef903ea94e3763614efb315d816,0.7967013888888889
16bfdfce51fa77fa8074add90472d557,0.10989583333333333
6be0c0e7bd2cea9f02bd5e3da3b4d006,0.11458333333333333
4bb9da5d5f69a2d5f27ea5e9ae02f40b,0.22395833333333334
4be15cb1b0e3099d9fd3da391bb4c30a,0.3098958333333333
65923e56bf510cd7c24720c56a479d40,0.2248263888888889
665e7af717e409efa99e6042ec610e0e,0.2664930555555556
2c7e830d587f5c9f0ba23d4bbb60d7de,0.5683159722222222
2e5c7dd573d0fa199e1307ecbc8410fb,0.7508680555555556
22d55c6194f5d5018a71abd88e468806,0.8692708333333333
afcc8782a88d34ff2989fccd16d7a8ee,0.57890625
d5e7e866f269a8ad7f55a399ecb71f48,0.6003472222222223
46253e669e7fd7e6455f65b525252c6e,0.2791666666666667
61eaae65e2e8236a1c962212497fd845,0.7005208333333334
c11f45839e2197e60cf1102d767c3f7f,0.44479166666666664
8a3471397ca04418161c34197c720c5b,0.6915798611111111
134d87e69000979deaadcc1729a66efc,0.7640625
5cd4fffd9c583a7e46733678967ff524,0.14730902777777777
5fa76d906be3d5622fdfba7d2aa1fce5,0.42473958333333334
41b6d122ef9b811f5200afdd1c424a55,0.6340277777777777
5a204b80bd69fd1aa913312d69cbe763,0.8239583333333333
c324cadc4fd01fd61918aa981f280624,0.8180555555555555
5c51bca8770fac9ff73fec22dff83f27,0.5138888888888888
cc2d000c68c5bd4e87dec9ee8f8082ad,0.5338541666666666
bc33026b4fc657b8c035360d9d6cd066,0.6090277777777777
70f891fd04965340daa7c1f96cf0a5d7,0.2078125
8ef35c06d0033b912eea5c68b651a51f,0.28741319444444446
8a626428bd830a1bb3a8cbf9f50e078a,0.11614583333333334
d7f40858eeed4ee77acc11a3f2bbb51f,0.16796875
f809e7ea70bc6f8699678eaa6004183e,0.06614583333333333
801eb85dd0329ba33266ebbfc16a4fa8,0.20303819444444443
1247eeee3d967b55c37ab348f910519f,0.8020833333333334
5a1ac0392f770c77a1ffb4e226bba96a,0.8782986111111111
3a23705cf228ee2372665d0d7ae39c86,0.9083333333333333
5d8ce024710845b8c73eb4cbb3f64a49,0.97421875
3832d4dd181e9ad48dcf3f1bce2a07f1,0.9055555555555556
26541c2ab50f66f129b47084ff6ab556,0.9415798611111111
969c3d279bc1380472113b260433ffa0,0.6322916666666667
0aca237b7ab783782361725401474617,0.4578993055555556
46e0aa3db4cc6752519d73767dd75baa,0.13680555555555557
cb95106b10e330cbd5f31410a9c7e1c6,0.7517361111111112
c005051cabb716ab04986e25aa477ea6,0.6079861111111111
9e7b7cef623cb914bd2c2d189c858e10,0.5460069444444444
2430e7cbb73e088b35eb93e37d284dcf,0.8375868055555555
1b284ba5cf719aeec04964840d2a8ee3,0.28229166666666666
d09140093c97040c1fe9b87a6b68368e,0.2725694444444444
31ae206a2ea21dabddeac83d31b21e24,0.7598958333333333
3fb3c68d4d2e6b4d02340340ce4825b8,0.5740451388888889
afff34e7acfc34e0f1ca790a88772508,0.43559027777777776
1c8f629dcb23d048a3992daa35925d85,0.2152777777777778
9460f3313c3adb94da5b66c46d643a08,0.5025173611111111
adf6af2ea1f8c5795c6971592c84f6ab,0.5025173611111111
92d45de09b85a6dac155ca1be0e0d9f6,0.1546875
b80c6ef1e67cc7bf053ce998d83851c4,0.32621527777777776
de73df342c9e26442b1a71f81524f632,0.49809027777777776
7a24ba8602cbc2c984dfae3f35fac02e,0.4546875
6675bc808c7741d6676f52486a7a5323,0.04357638888888889
91fbf5e762acc626fce05ce9ed7d9bbe,0.3485243055555556
8d838e87d5546d0c5f404b5d464fd4c0,0.08967013888888889
7418b39cc284ecba1f98038a0953df56,0.09869791666666666
23b9f5a7951514dd028a98f82fc4cd71,0.5545138888888889
66cd520829c6cfab0164b6c2368d08d8,0.8277777777777777
f1051f1c3105ce847234d26c2cdc04d7,0.6114583333333333
11339cb640a2c4e6cd92ed38e0964a93,0.9345486111111111
759ceba88b20c77c35498cf465161d08,0.44479166666666664
64026278ee34935f70d0735932f2cbc8,0.8610243055555555
5d8502b6b48ef0119ebe9dbe5b2219d0,0.7611111111111111
052a70eda19d134411d7055198c01320,0.9833333333333333
cdc859531a98aa851e1f19e38d12aacf,0.5241319444444444
9d073a5c7b566ea93cc9f826c744cdb8,0.246875
b8fb4c51c94ba8ffa25ec87d760c7480,0.8944444444444445
d25afb5a04ecd6da4bfbd3279f1d8f52,0.6270833333333333
f861a8df0e920e101d156b69c8727bb5,0.9673611111111111
39b31f3cd914240e60b90711c66bcba0,0.1931423611111111
d8d3eb55a9498a43dfb8a75a6b8886b5,0.5815104166666667
7ea928564d432e7f5baac1f1c999a9a2,0.6609375
90346ae4e39063db8017e1c4f73cf61b,0.6342881944444444
a1305505ab5700219704ec0cce48cda1,0.45199652777777777
c845d2c572e925041f739dea1246de8f,0.75234375
d60e350cfdb134d3fef3506d6134f129,0.375
1ab4e535d6d50d093fa5724f1a695456,0.1421875
33d6ac3554e96a6d88edf86437edddf2,0.34375
58e5647c58d450397b50be0658faf0da,0.4708333333333333
be827e8c1262957ffecfd4e140f11fa9,0.2746527777777778
5f3fce216993ff48ed017614652a6b97,0.165625
74abb591c25630e2f691b4b522a476ee,0.9798611111111111
90570727f35997c4a27f951f118ab445,0.9069444444444444
ffb3addbef78a2b69bfe6add5764acb0,0.7567708333333333
40cf2fb7b361bd7ec07331856896e980,0.9850694444444444
4c3424bc5b6416bd8253b1b700ec1bb0,0.9369791666666667
ac3674734881eb1176e9e57bcb6c5909,0.9628472222222222
98b1d0c35b7e9b32c51c798d6e270b82,0.9221354166666667
835539d66460c2f8d66942b00c0a76fe,0.415625
94d39ed7db062156d2ab765116f1e5ed,0.5912326388888889
1a936921437dddcb34456a00d073c9f6,0.3758680555555556
b79b85a82c6929987bae10d37e854f7f,0.32734375
71a9dfdde82a83a765e02daeffd000d9,0.57890625
34f8eb5cedf42e44b16bb83f38b73d0d,0.8038194444444444
a7d94276808560d07897df4d4c58c12d,0.6451388888888889
3e37c37e5c57b81467a9e95f0b100b2a,0.7074652777777778
56f5a7fe3566abb5e66b46a31c6a381c,0.8763888888888889
627a0fde3cf72ae074668b3b870b2f02,0.9732638888888889
88ec36758e0ecc752cb63854779b535d,0.7034722222222223
ea7cfd86f6c2a6c0d2b8bef3dc775c0c,0.5180555555555556
97c356866a13f4f5e00bda5c59c911cf,0.1597222222222222
c173a84ac90400af7fa4b13634c6a547,0.6381944444444444
1aedfd7def9e32b11c66688b312edcd7,0.8015625
f512cf46c8e54c6c75bd287d040e88c6,0.2142361111111111
59e8acd64cb5b529b73c50362df3ec21,0.315625
f02e75c3e661dbd5dafe99b06e1dd302,0.44539930555555557
b5a5475a285dfc93002b9b31f1a7f1ba,0.25008680555555557
eb750ba5aded2ba9718682ddbd11291e,0.32569444444444445
8207a71e948caaa3d9a02db8ea3bea5f,0.22083333333333333
1b4310bacbd5a2b5dddfbb97f61d81c6,0.7131944444444445
d407556cd6cd03fab8dc9f17b5997725,0.1579861111111111
4059dfe4f80311124979115f4d748f61,0.05008680555555556
3675c6a68573adbe79b231ff50d06246,0.18220486111111112
b6329a93f51dc7b5b084345ceb5dae3b,0.2855034722222222
8d144ca62fe7e7d6fd84fcd6502f7496,0.15911458333333334
a51ed8d9bf3cec8a14ba823ec4e35e87,0.1701388888888889
834201db5e392c699a2b808de933373f,0.09869791666666666
bd89eb33b57d1b0fbee5e586edd7c61a,0.37395833333333334
3eb22c1a5a9a58067d0386b66c42be77,0.34444444444444444
f49e571e5b2223d96c68c6f297a793c3,0.3628472222222222
1a24a8309907d7f5a4de332c493b34b2,0.2691840277777778
2c48e50fa767224f0d0f30146836d9d6,0.5696180555555556
1f0904783b1a36b0fe34562d9f9a60bf,0.5546875
884b535fcb0b8e6dd1699f201e206e2e,0.5835069444444444
7e8c5c5847746f5bf010328f1d67c821,0.4470486111111111
cae9637bb50db07ff726bd8b65080dfb,0.5368923611111112
bf5b6c962e1e506e879573f509da1ea2,0.6184895833333334
a0bc308a4fc6a7f6de71fa0166ad0eb7,0.5907118055555556
73dcdb232ccf9f7c8386768fff2fa11e,0.5368923611111112
d843dad21146a1f0efd3993ed7e356d4,0.8135416666666667
06893bb234902e77bf999203f0666ab0,0.9114583333333334
1cccbecea6afbfe2f58210f6ab4e04cf,0.7515625
70cceeb0da25586166f2c2bb1dee4097,0.6696180555555555
48061f5fd54ab28979bf45f3176dc1fa,0.9494791666666667
bafd959bb9de35bd2b484f33e16c5604,0.8407986111111111
4380392aec9d889db15cc94334337f50,0.5215277777777778
dce7dd2fc92b1a900adf9a5112f49fa9,0.4127604166666667
4eff880362e5ca8bf1108c96c8e54ef9,0.14965277777777777
57101fb68a0da670bf4bf8e72f39a49b,0.6661458333333333
4a4fe463ca31b9ff0dca067192d3ccff,0.9090277777777778
8deb433a8b4d0cc3f5142a164d9565c1,0.9493055555555555
4b08ac3ea192a27324bb35fba033cd4f,0.4927951388888889
1de7eb31f2b96b51c771057e6930ffe1,0.5591145833333333
d282aa3f83167337d7695340166aecbc,0.10737847222222222
b93de1dfe89d39dde285e43f12eaa9a2,0.18220486111111112
9fa69f4fbaa067fdfef3268b83ec946a,0.18697916666666667
d315d2f0fdba19e913aaf3290c09b2cd,0.5591145833333333
86d8ccd5b0a51629964ab1b619b37f7a,0.36006944444444444
1724f3c92049e4ec96165f48d1a7c1d8,0.05243055555555556
0f012ab2fabf3383e9b76019c9dc23e8,0.13541666666666666
bfcadb256d6ee9ecc8f2ed44b7d6d729,0.14131944444444444
12753452005ac943458367cd2e0a2f54,0.38836805555555554
a26972d7977f0dfc05e439881e558ecf,0.1501736111111111
01c40d0eaf3ce49afc946f564bfdf822,0.27291666666666664
8d6aa86731539e975e108a14a7ba6808,0.11267361111111111
20b4c75a69562b5b87e4e7aaefa709db,0.2230902777777778
62d152d7ce848b80b3554fae65ced6ec,0.23524305555555555
9f4fd6d10dfce6114839f74975e47c21,0.471875
58d862e757de50584eaff99dea33d55c,0.5192708333333333
49ff50f8af9d3a61e89ab4b5c02220c3,0.11631944444444445
93dbcf8a2966f1eae0907f48b5ec875f,0.17057291666666666
bd75fa74a18cfa86e9b93adef58d9c1e,0.3793402777777778
3bbbb946424f9c730bfe87230aa3862a,0.08585069444444444
a70c6b2e3cdc777c4e9171ed1df3b1a6,0.24852430555555555
666434678f0c0451c4ae844d1cc12887,0.33706597222222223
fc139fcad69e4d175aac4cce1430dfe0,0.6689236111111111
0a275b1e383069756b584a7cb74feb7a,0.9328993055555556
90a7d72fc07c00ae4a0c19c836056377,0.4818576388888889
1043df1bddc9ee73fffa3b958d0875a7,0.67265625
d8d756f00beb03c148699765b0d0afbe,0.8171875
8f005220f511362d79c6576624966d50,0.6689236111111111
1cc3c74fdd087fbd3a13d5a47027e538,0.2388888888888889
bbab382976ca16a0cd302a99edb2a55c,0.2388888888888889
b2efe17ee22a48c915644f05284fb367,0.22942708333333334
935b7e0fa81581092592c448e7f35aff,0.21232638888888888
915656230f385559a8c82a7f15c93608,0.13463541666666667
6014e9bddc9dfafd4375ec29d35daaad,0.11770833333333333
d1915b90b0bec401e8a34edb251f8bd0,0.8996527777777777
50beb1780ef273271542f3d72389db0a,0.8857638888888889
71e1ba3605dff90cf68b8581e23ea08a,0.9536458333333333
f6cc2a9b95cdc5cb17005ce1580864ea,0.9472222222222222
8075a185ff926820ceef07e0a9a06040,0.9909722222222223
12d55a70a52cd50b3f30b98dc137337d,0.9347222222222222
c81eef248a69cf43542ca5f5f66b508c,0.9453125
6098efd8c9a91e271df53d76c695c781,0.9946180555555556
fd6208a86aae27be77c50a19bbe0f188,0.9973090277777777
67416bd14c9550586bd20d99270df443,0.7965277777777777
45944727988d80baa9b1c9fb08401452,0.8961805555555555
7e684923eaf575ef94ded2214cd972e2,0.8387152777777778
3568a0f6688cb5f9ae0ec8f9fc68f58e,0.7862847222222222
c28cb464f8c8e8e37eeec19cd2e84a30,0.14756944444444445
8dc00bc22b14d9f551d7d25572996491,0.32890625
d8ca9c29942b806e90f558e14fb5a4ef,0.3329861111111111
305e483fe5665c46d9996cd04326e76f,0.20963541666666666
8fced314e995dace6469ac98317449af,0.29618055555555556
504f99c42a41bc59043bc85ef6d9d0b7,0.3184895833333333
f6c01158504a891e5900efe7738bb45d,0.21710069444444444
d12dffc5e2e814dd4f62a1de322dae00,0.08125
2ae58f6b2c26299d727a2175e52c5137,0.22942708333333334
9fea47f9cf1df713feb8b83096a6750b,0.21710069444444444
3aee6bc63491ece9f3359a784c32be41,0.029861111111111113
127964d4f0165ad13e27dcab5792e00e,0.7348958333333333
35544e59bb22053bb321a68618f5ed51,0.6314236111111111
54acc39c87874f32799d05712f480e18,0.4600694444444444
60403469c76d23a9fd26c83192c53115,0.6314236111111111
861fe0d2f81abb89470d53ce0fdfae13,0.4600694444444444
ce7314a34e35e654b0ab77d77e5ed1cb,0.8526041666666667
06ad4687b77810afe9ad063f2157aac2,0.6556423611111111
01921106259eaf063284914af68dce02,0.7077256944444444
4ca9c0de133797e9c9b10e043286d39a,0.4267361111111111
a5e0ac610c4be6c541a0f1cf0b8788db,0.5289930555555555
c297e5517dea06fcc28f3f41ea87a824,0.71015625
5562355fb6452e89c7454909edc09aaa,0.7338541666666667
2bf3179f404733276f9993fd7a1ec382,0.14149305555555555
61a63b12531886a051bc4e473349e96f,0.4410590277777778
3768ea860b5c18c74c7e8e12dac20d88,0.7722222222222223
8ec33ebe2f6688d0726e3af1f9c7a7f1,0.6196180555555556
f94bdc1a51a10909e07c5ef28678016d,0.6043402777777778
c5a8adb5b133bfef022024b57b7e0fe2,0.4410590277777778
2ff1dad606a92edfac3f9743c426feac,0.5782986111111111
91411df35bcf816e0e077624139e964d,0.15416666666666667
cb4c37104a2a1df536f51a0e7781298e,0.49322916666666666
c5d5ecc95ae35c24816654586cc532b1,0.5085069444444444
4e56b666eeb55e4990b85c3fcf32d3c2,0.3314236111111111
8b93ec77b0ea0013ab7841f98efa0480,0.5894097222222222
429b5c3586c06a7f1e396813e80e2482,0.8161458333333333
bfd74663867ef79c6d67bd27ffb170de,0.3753472222222222
348fc4d78ec1b9a604ba239353b6a372,0.6885416666666667
d7a3980842c2df3350709f8fe85a074a,0.759375
bc9aff757478e2a66e1493bc5ecc36d2,0.4857638888888889
6182ec61d37b9a0f6a172ec0b5c0ab8b,0.5954861111111112
0c98d6b25bf2d96752742d4d45b8f7e2,0.9488715277777777
1f27c2afefa8dc1e8114391c2d0caeaf,0.8383680555555556
0fd287695445af567fca82b1b876bfc8,0.9206597222222223
273b397a6a92efecb36a9c39bb025dda,0.9550347222222222
f6c25c97aa865f295ad0b0b3ed5fd233,0.8888020833333333
f98f0e7320189e80a6accb70c59b9949,0.8888020833333333
1c98f9a01f717c1301687eee90fe3604,0.6767361111111111
8505d50223e08797dbb0c2bd0bab92e0,0.5855902777777777
10fe9e24aede5b28fd7401ef50057881,0.9873263888888889
7f6fce554db632a8952be56e0b3554e9,0.05763888888888889
d21e32386a0f32911d34c886e9cbcd25,0.8934027777777778
e26f60ca6a13dfed9a0e943d376f6040,0.5800347222222222
25a14d3b09543daa06040a0f0299a65f,0.5815104166666667
fbe40cc3b95247a0ab918b3cb8c0c6a9,0.21336805555555555
bf1a40895aba7109a97efa4d14b65ac1,0.4110243055555556
96e28baef88fa587ad4fd0ae23e857c7,0.38602430555555556
7ae1fec3498c02290e64fb96d9eb091b,0.4110243055555556
88963f29df3978cc2b5e59c1a147068a,0.30086805555555557
10bc39ef91852ca5a5c9c28ef0575cca,0.39288194444444446
3df7a4ee99d1f81916cb9420bbdc670d,0.5154513888888889
4a6e3317c8bee1a9cfb7dfa7dcc98587,0.6013888888888889
bd77b6889a85da924877d9c71082adeb,0.7419270833333333
5e098931e7e4b0520f1b120f4ac4200e,0.7746527777777777
614c5f8e9a69903f70183a0388ecca04,0.8767361111111112
f8cabea150f4d8666d97e6f9ccfc6800,0.24704861111111112
e2eb686cb71448de2443e66698dfd411,0.4690972222222222
a835c61e364ecdd07c31392363336d4f,0.17100694444444445
7b3eab8f12d1eedf983b141aa8c926d7,0.5683159722222222
66aa4330405eef065d0f9a4119c528d4,0.05381944444444445
9b03d63d68be4e57daf682c40db5f11f,0.5852430555555556
16c1b065e5332774c14f94bfcc431a0c,0.30277777777777776
ba17883a8d466b4e9bd69e3916947005,0.3646701388888889
009c7b10e248983a897834092ce1cd32,0.2103298611111111
56a18d2901c760c579fb4ed77196afdb,0.08350694444444444
022aefc668ac93d0b60ff853beb48813,0.5194444444444445
a49233d52fddc44cc1a8081943e8721d,0.21979166666666666
2339d288c7d6356681866233eb3bb504,0.5815104166666667
f07799a13c0ce1c00ac11a3054b85ffc,0.45199652777777777
d505f597d47b19babf2b20e137396358,0.7194444444444444
2f2f3f75cbfba81d3727f330fdfb7de1,0.75234375
4ae7c492ac072c2ed8f429d5d2817e6e,0.6342881944444444
e165c5f3a1d227365607dfc7d188a204,0.1931423611111111
5a1df9fdfeb3d691cadec99d90cf6e1d,0.7879340277777778
48c3ba5c557ace8493e558e3836ab804,0.7135416666666666
de53a3e9b380920d1748a6912b37f449,0.775
ff453595069ea6e6ea51791e2506501f,0.7539930555555555
10c91f4a178b5310eb9cda9960911c4f,0.7858506944444444
f0c681f2c3f99a4bd15096c7776ec0bb,0.775
197bd358b6a27aaeebf0767217e89e27,0.9177083333333333
4dc76e1ef8ea3283b00f7bbb35d5815f,0.5196180555555555
23b265566f38b919b2ab86ffffc41b0b,0.778125
844856e7533d599ac9eb5bf394b16568,0.8939236111111111
4ee347524714d4253a1b3bba6a0aac61,0.8345486111111111
6af55e81563808d3b8df811b3ac3ded8,0.8795138888888889
a090b61b771437ad27eabab1ead96bbd,0.6067708333333334
6baa7b73af9fe2b376d8d35340fb6fa4,0.7892361111111111
fdac29f8956ea455b52d678e0399c21b,0.38333333333333336
ceddef87c628c2aa63bc0d026f087b2a,0.9704861111111112
b9410f54e76e0380c015332eb99d123c,0.4574652777777778
0c5f37f1e133768905451ffb32765759,0.47152777777777777
37c479dc7cd1597f39eae605f31f0a61,0.16649305555555555
b1924b14a0678e48ffd41babe7502beb,0.47256944444444443
247538f79e64f4261f6d70cb6d020095,0.7130208333333333
441b7c45fa45de3eeafab65108c9f65d,0.08923611111111111
2e99a2461ec9914ec939f584c0b7fd55,0.06770833333333333
67d39f7dcf7835bffd15a0599cbd466a,0.03732638888888889
7e34ff532f04f33c07f2f8eeb9ec26c8,0.03315972222222222
fa903169675860c89d209062b0c5ceba,0.44305555555555554
d9e3ab0b3104b38ccaea077bfc924075,0.3109375
f8ab562b129974e7b088f05922f9aab3,0.15269097222222222
44b951a6f796560790b7fccda7cb07bf,0.15269097222222222
85327a2b56561540c9c7cf0c4a65c721,0.022048611111111113
a49b9576bc81820416b5474310e4161b,0.7375868055555556
b303226da7c2b866b57cde06f3a801d2,0.8607638888888889
f7030adcb583d39d308eb8ee6b45e3e1,0.38472222222222224
620233914fd7b80379993151ce8bc844,0.37994791666666666
68088de4449658bd6fea873536ac8515,0.475
54160a1579fa50f7e1ae985ee54d9835,0.37994791666666666
69b9e5ae19465381bf7308b53dc0fc7c,0.2454861111111111
aec0b070935a16a7151dc541697e98de,0.5077256944444445
082c2da9b605ff1891cc30c7e646895f,0.6527777777777778
f69983f61c19e497a95a6f0239ef5bf0,0.34652777777777777
3f8bda4483cdaa2f01b9c448381042bc,0.19175347222222222
e2d7ce52eb537130e6e49e721616e756,0.5204861111111111
57448a185c6d004194cb74d8271eb2db,0.6512152777777778
0e4c801bc5ea9d7cad34c8056a916324,0.3328125
a01fe010a27f27efb911c9b6ae5c6d05,0.8197916666666667
4c60d2c555ef3e57cb2c1aca287d4d67,0.8104166666666667
8f0bb44a277b60e9f3923814f5a43bf2,0.5720486111111112
a73d31048b1e0d3160e0f316bd92adf7,0.7616319444444445
953a6462d334af9c2b2614be1e0c0c8d,0.8582465277777778
cf22f78f911adce6393b9cb7d3455560,0.9824652777777778
f6fa844c10b619b795275ae3dec83caa,0.5760416666666667
118c0434362ef6eb64a8120b880a897d,0.5633680555555556
84407cc2f72f7142bc2ac4a6b4d162e8,0.8666666666666667
fc1bdbb99ce3c5f17a4c41b268b7f5b4,0.8522569444444444
432c9e1384e7fb23d19158b91831840b,0.9079861111111112
ffc055e630e59586e487d174bd574744,0.6869791666666667
0cb91f917c5698e2ca1cbfdb8d0928c5,0.9355902777777778
0d753c4ccf2a85e786df01d0caaaca3a,0.5251736111111112
73ce11dbfa176ab92ab287862558f222,0.8816840277777778
f678b3cdeaf83283efe6d7177c00aff1,0.8644097222222222
42a253df6d6f80c92ea756bb009eccee,0.07699652777777778
fb71d1f20dfb72ff2f5cc2bec4280744,0.5791666666666667
356267855e3c20a09a94aa051778f5dd,0.2824652777777778
db539436978ede9333baefdcee32fc73,0.5010416666666667
9fd5df98af96213b6294a7737c7cc249,0.5489583333333333
9d1b90f294674dfbc8b28082f6db3c24,0.11597222222222223
b493f594ea11b37de659f2a1dab4b1f9,0.03246527777777778
9b3607500c8d20232a59fc33d37f1178,0.3184895833333333
a4b5393383a8cd48d22c9fbb8567a505,0.121875
3f02f7477543e942d66a31f2b9d5e48a,0.21232638888888888
0b9b024a4cad5fc7144a0f1f1eda63de,0.3780381944444444
61d258251ce2c2e0853189b63cd2f0e0,0.13463541666666667
4edf2c7c05e781e6b78d5e1d4ebc8718,0.7866319444444444
c6c4a6b7bf538e0f13502fe6d4b23760,0.8130208333333333
734288768df6d2cc982236e96e667100,0.9085069444444445
e20775a980a743e03ba8799df7cb8bc4,0.8147569444444445
ba04066dcac6a83408dc745c2d3a3926,0.9652777777777778
8aa3d745ceda213dc59bccdd1a1e81ff,0.6965277777777777
4f446c47b8a6b3c415518a52c42f12e4,0.5253472222222222
a0ad97c346fabad33cd65d07f611b6aa,0.8067708333333333
2b9afaaa383d8f313fe3cf86142d94ad,0.7828125
8d0928bc0be4ee81ea3fc3013cebf84c,0.3542534722222222
4d97f1099ae4e09ba5db69b42b720f77,0.9108506944444444
9603d65718282a1905d65dfc7ff65c17,0.9513888888888888
08143ce97d537c1f9acc502a1c748774,0.32838541666666665
1312b95577b1d617b8acfee7d7c8f6d7,0.9988715277777778
2dd38cfc83966359d9daa9d4559e8c67,0.4421875
1b7d18804c752ce9e65380f0ac95cef5,0.19496527777777778
b5524291bda4652d79f77c4f2b114570,0.25980902777777776
d3cf53a9e894829a987489e00d31b12a,0.3548611111111111
b275ec85521e7eef147b5e39e5e27cdb,0.5439236111111111
d4f9105b75a38196a65b39ecd1582611,0.7564236111111111
f620794cefcd5f67ed11ec0a704d7636,0.09513888888888888
cc5da0f2bd43a80b13c1f14903fc3248,0.43897569444444445
8aaa6dc08ce43ca660a8b8cb6cfd4adc,0.3217013888888889
d781f09cf8dc862750430b2f5d858752,0.8002604166666667
c80b6c75258b371532627001dea84788,0.4973958333333333
bf24996de0ff31a1378ee651f0b1d68a,0.7324652777777778
bab3bf30c696e6c72486cd8102996fab,0.33576388888888886
6fe8a5ee0bbfc123e7a3f959a2f2383c,0.24331597222222223
767ede5dd19f14c6783293243141266b,0.3640625
4c0c56066490301375b453eb93708394,0.18055555555555555
3a32ee2e5e2f2f0204112f07dfb8b812,0.0685763888888889
d85e3b143c0ac396d0d6a4967c151576,0.39557291666666666
5345e342bd4b119e69b44589baea537d,0.18697916666666667
1c77e0d075fdfec607c742e3adc90dee,0.26805555555555555
59388276a5abbe8fe07a1cf41f047fb3,0.3159722222222222
22790e6d146726d7f38d260dfffc2768,0.3
bf74f1dfe68679b9909bcdc0a008ade2,0.5737847222222222
f3e44f6e63f6554688ca369e2efa22d7,0.3668402777777778
33784ae4f0267b4e687d9917944d802c,0.78828125
6834a5af9c996e180ea9eaf4b8a32e5e,0.7143229166666667
722dd655cff4740bbd43eff555d63931,0.3923611111111111
37ee3af30cebcd04031be067d8b20f42,0.5948784722222222
45428a0bb660eee0de6eb50fe2ee4125,0.32135416666666666
61e2b20f6ab0f55e19fa1cf66b212eb6,0.24774305555555556
ac01a8bf91301b9c238fc6e3d5f4ecca,0.23350694444444445
56f635b8cd48666e6efddadc2e746e98,0.08611111111111111
522137df7ecbf7d6c369fd17aae9e9ae,0.44366319444444446
1647ffaa67114f4c8a9c31fac2bdeaf3,0.08263888888888889
8b6ea38a8bb2f87fae629cccf7901223,0.5960069444444445
9f1ae164cdd9994d857e745df0f74be9,0.7922743055555556
4670f2e675205ac73f1b8d00cd57a7a4,0.6836805555555555
75759dccacba5be97dcdd3b3307ece60,0.5860243055555555
436f998a21851bc024e814448aee2206,0.6631944444444444
afe2cf4c758a5826bc52198ee0b14974,0.7998263888888889
b1db4c3329d0e51283343f3f0a7259e2,0.27847222222222223
db61624cb0ed5033ad5553a7644aee6f,0.39557291666666666
949f4181c72469c680c2e00092b754ff,0.3703125
141cfb1895e8d7cc25f224431714b6f8,0.1859375
3c241a02fcce573e37f9c3f5eddd4561,0.30069444444444443
a3ec4cd25b4025ee882cb7b3e6e095c5,0.6868055555555556
1ebd3e0f75bea69213fdbaea2ec06822,0.4110243055555556
f606f96a52a1ba99c0446a6f6870f511,0.20711805555555557
fb4107c3cacba2659bd65855f10a4f04,0.8041666666666667
0c8e58ec668662062e4cff805b611cc4,0.7690972222222222
4552da2110438f6ad6c72b0e5450dfe8,0.47647569444444443
b04661b56943df4e2f78ff5af252f2c5,0.48680555555555555
0ae7339e1715a97e50f4271ec6bbda9d,0.5549479166666667
9445f1fcb7f6f7ac8cfbef5b4ace0f49,0.465625
28df99cca7f78a6ace0d9d8f72a358be,0.26154513888888886
34bcf38d25cfbcf78a83f44c26bb065d,0.10642361111111111
0e0fb25645fdab33047b58af2953dddc,0.23550347222222223
eac5ed6ae7487e0da8b12dc0073636f7,0.19756944444444444
b3b838df91e3ed1fa9e70a726c385962,0.5006944444444444
0d1227cf949d6688d215138156db3f9b,0.6944444444444444
0add62e6d4082391443e13e3a9ff968f,0.9307291666666667
00c060991cfefba4038f9438c65390df,0.2310763888888889
8c891af21bd01116d173766dffd37585,0.3342013888888889
fa57af7427d979946229f5565b93fb3c,0.3498263888888889
e10f93c7647c65bb94a6895c56f15731,0.49461805555555555
d31ede711967eee55b27fe1b0bb8ea27,0.2131076388888889
733d01942d7482d4d11fcba35043ad17,0.5190972222222222
b75d9fd97fe8c726901a0ba072441c70,0.2131076388888889
86cea5d924f1f892b1bea670c22bdcac,0.7230902777777778
e88dad79b15759fab58221275c8a077a,0.3090277777777778
35cdbd5a7271eb2d54a0d7aaf560b13a,0.6491319444444444
52c90224c11ced5b343bc1f84baa547e,0.0734375
5f44ea7f6367d6bf5c85514443eff232,0.11336805555555556
639f426f8675627eac3fb28010712544,0.5184027777777778
029c78ade2530a912c751ffd4f5120d4,0.3407986111111111
a3716874ec247612472af86a115a0c05,0.32803819444444443
a27b7ec9880d72a0b5a580e0e411686d,0.8552951388888889
abb5787173eebd9569369ddcf3184c14,0.9521701388888889
9dd635ea7537833b721f0ab95966a3c9,0.8849826388888888
37c0c0cf0ba10aecfca69ad2e375ff4a,0.7203993055555555
70612c470dd65cb7f6e9673ab69238e7,0.6355902777777778
3e8acde61b45e79a340e1fbe0acd2908,0.8552951388888889
09202700eb57baab6da7b8a859613033,0.2534722222222222
35e04cf5c5d4ff3abd0573ff8bf71a9a,0.1251736111111111
2c9e706408cdaf00bec2b445bffe2f7d,0.14574652777777777
8b3032cb02d1e98b7ab1485075de39b6,0.1293402777777778
25bd976a8433700d02ac1d55ee0ef516,0.3251736111111111
d7424fa8e573a7d202458b7b7b2e7bdf,0.2568576388888889
76f6f525e15fe15b18ff04e38b1e57b1,0.3390625
dd1af3ed5376e9728ad1a6f25986419e,0.24409722222222222
c9ce617261c0103ea01b3d8337925117,0.2512152777777778
cb2dd2c58a61a5289425b3a62429e340,0.6262152777777777
b0b50cf153dedb2f31e64897bcc2d891,0.49756944444444445
728a586a1a11e4683fca274dc6f278db,0.7347222222222223
64a9f766c68110972a818e878065cfa7,0.6268229166666667
6b5f6056b3a7b841e1f36eb43629d543,0.2526041666666667
4f18e3538446272d9642ab597765544e,0.2065972222222222
0010301c262a9263f1f7e546f0313f85,0.17604166666666668
a520692fcefaeef9a5b71528f963c0fb,0.019791666666666666
800d77d2940dceab0d7432eab79c8c99,0.4166666666666667
f99f501007c1b62d5b454217b4322e22,0.10425347222222223
b1a81e1ed5999c48b818ca0508449ca2,0.4927951388888889
51e185ef40b8f6348972dd47976d02ce,0.7138020833333333
07f3720a3fb8d300de2700e454e4555a,0.4874131944444444
a621b16a3a8ebb637bbfea9b0deedfc9,0.12465277777777778
c9eefe3d1acff4978df8f53ba889dc7b,0.023697916666666666
05c7d72300f4b3a91eb1595ef8b2f06a,0.6106770833333334
485b70969732dd9a610bab1065f266d9,0.20008680555555555
63488e7a5b6f4695b8d2c613c8270ac8,0.46727430555555555
ab430e926569ace3eb7fb50bf41a8309,0.3150173611111111
207a92718f59474c48d76746dd924ad5,0.20911458333333333
248712db3a9b3912d5168c54e1d10655,0.38671875
ee1697684542a8bc6e5d3525b2ff314e,0.3310763888888889
513e76aca3205addeed59a52d067ab17,0.23680555555555555
4ae2b5610b2d62969cfccee707b175d4,0.6572048611111111
e384cdfb42dd62a270452d16a51e5c7e,0.6564236111111111
22ba4c5c305defbb79c50cf0d17d817f,0.1284722222222222
7a8f5a161fd683efbccf7f710ab903c6,0.7315104166666667
0590dc5cec26d03f7419c4c18ee3c8f1,0.11944444444444445
d4ddde5dded385c0ed120938ae684e4f,0.28324652777777776
1dd149b6631bcf083ab487c983774df0,0.06197916666666667
f82ccb6a82e0fdf89aa1b0848f5270f6,0.10520833333333333
a393be4030e0b614a124aa735bf1be8d,0.21232638888888888
1412d57c5eaa230033bb5b1bda68838b,0.1993923611111111
ea3f0e18bee421962ca04603aee53a98,0.23602430555555556
cdb826de8b4b7ff0b6522075440fbf7c,0.23142361111111112
0b8abdf2b2e3ab096eaa104da3153afa,0.08645833333333333
c168e01d12e708dd00041609ef9f3a83,0.05677083333333333
d7ea2bb84004cff936f335b5f907f9e5,0.3295138888888889
a7947f56fe240ccd609a17d68387dde0,0.23602430555555556
a70dc237a5c4edebf10bbc645de95316,0.4292534722222222
88434a852392451b6a5c472d863faf09,0.7248263888888888
3a441c5dcbb1e0604b4e0e57cadd207d,0.5029513888888889
7dc5cb7232d2502f874f89e07abd98ff,0.7277777777777777
b9139053659ea0d0a83aa5793f39c6c3,0.3245659722222222
f9c50aec8ebedb84a9b6de23d3b24d5f,0.5785590277777778
c88c40ff60329687de01f1caca4075fd,0.8800347222222222
d190f3c54047c5217f65ed440ae6ee08,0.7673611111111112
1dd8a83b5a9afe90ef03a5de5e30b3b9,0.9465277777777777
1c2e59a71fd69ae65df46bb6c2b58a5d,0.9401909722222223
3e6eb7df99f3d7e746208e5bb9b37daa,0.9072916666666667
ee0072d68de2c50297aec4c67c7725be,0.9152777777777777
9f43d34a80687a6a27223f5f66cc19c5,0.8845486111111112
7c67aacfcf3b3cbd22c1b733635a2df3,0.12569444444444444
f418758509a9cd9b32fc013cb84c2813,0.20225694444444445
00b7f3303632aadef795ac2cafcd195d,0.42569444444444443
40f6b283ef9c61dbdddceb56ee2a74a7,0.4317708333333333
2bca72a73d6d61ced47cd01b7d9f1160,0.06822916666666666
e17f44c494cf159fe31e765f77598851,0.27586805555555555
89b989b580da15aacdbbea98fc9f466a,0.3128472222222222
1cc19bdb667904bf2ada233783400c5d,0.08012152777777778
8d494d31576122714d4dcf0daad0953b,0.5175347222222222
4dcb43162a6d819409094796d9d7fc13,0.7807291666666667
cd8c8db0247ac2b8a06348e8e599ec31,0.7528645833333333
e667e4ddc27f774fd53d1338868195bd,0.6085069444444444
7b3588a122daeccd8af62695eba0f7bd,0.5151041666666667
dec4b3315c5c8c57bc49990c106fb4da,0.7038194444444444
d7d5beb9dad858b8e0750df455df957e,0.4712673611111111
44dd3466f1495cbc013889ae667a53ad,0.6204861111111111
6d885420338882092dc2b1c33ec28953,0.4288194444444444
e3ec044f89127fd8b6e4fb5211c633d3,0.2640625
74197763c421ac4e1cee28f54561a669,0.37873263888888886
1be7b6807236f06bb6329376e748c39b,0.16458333333333333
50b59a2dda1e35c87b82465abe8fcc7e,0.14809027777777778
ab0e3abd0c1e331bc3ebb1c89dc9d2d5,0.13958333333333334
2d5ced7851b15a08166ce93f6bdc18c5,0.28142361111111114
b22688ae21feb434189b7d3677d46e03,0.36770833333333336
d3a01c6e9eb4744af3b640ab6a0d0299,0.04652777777777778
d7f622dae13db1e425b536a0d37a26c7,0.17135416666666667
96f4aeaf77f9a07f98baa7a6feaa23dd,0.35772569444444446
16069fb4ad6b41a2703312e036f65d2f,0.5733506944444444
d6eb61bd349b473c1d15ffac4a9affb2,0.37100694444444443
d72dfdf91d4b5b0822455c7c41dfed1c,0.6314236111111111
013958831fb3fba94efe7b4d1882d4f7,0.7709201388888889
1e50e7b0755e657f68ed2b1f02e88244,0.6749131944444444
a265447e544c64c97cd0ed2d2fcfcc81,0.5102430555555556
561fe973017d794e031975b3e715476d,0.6145833333333334
25ff5466ebbcb8b68ae325c0a1b3b4bb,0.6962673611111111
53a82e6d6994778e51a62a7bd0236eca,0.5668402777777778
7f17ed27032b5aa05be5687f2e985671,0.14930555555555555
d2aa920986450e538882dedbb620dad4,0.11579861111111112
4b6ce2e5761e1b876fa3ee612f95f3d9,0.23020833333333332
040794cdff7f88ab3709064b487e2ef1,0.5072916666666667
69fb057be37a8a5f7b9c23779c8b3508,0.11232638888888889
1ec7263e2b90f3f9a3c03fbee61efba9,0.6190972222222222
5f1844c9a1117e318dec4eee7e12052f,0.6224826388888889
c5a756010b0eff4cb581a1e23dbbdd2e,0.31979166666666664
000876f738ddf4efe25f78d55196cae1,0.13836805555555556
b4756d39e493b8fd7f2ec0c8323fc54d,0.28368055555555555
350e9aa813fd9c45d5c8b133b4d9b005,0.6444444444444445
cfaebbf17bb9baa7b6c3fd97956fd7db,0.6327256944444445
e3dffd2f53e979883a212684aa445ea2,0.9775173611111111
1602734d47fa4d1876eb75242a17be3b,0.9256944444444445
cf9c4d8738bb03e3f9e6ff3588bec556,0.8
c8c5b598ab8a8caf29ce7559a9db50e3,0.35954861111111114
69164c896b5b372ccaf260aceed1f56f,0.5694444444444444
7e0354854448fbade907d622bf92e945,0.3503472222222222
95a060677e7822581ec8d656f58049a2,0.0763888888888889
5a4f7ddb1d05c68e7d86bd5d7c0e1470,0.140625
d5c325d85e87bcdf7fde2fe562d14cc9,0.2513888888888889
d278639a0b94b521bb6303e02f4ffaa8,0.37725694444444446
6889545db3dfdc5ec2bfaa8814e79075,0.159375
1a43a4b42f55e144322fa74202c9838a,0.20260416666666667
258c6694b6783703ec1f9e690fb072ed,0.6779513888888888
06cbdfa9a946c5b96b654626ea51ab5f,0.4232638888888889
d29fc1182c5ccf768ce71621f13b9129,0.4876736111111111
9a56cde84fcd81e667c8b51b7afc5c24,0.45928819444444446
06c1410d9733dfccff1876e56cd13c7e,0.8494791666666667
3a4b5b9de046988cc5dbcb39f61bc9e9,0.24756944444444445
65c53a919db47e04fd4a1f91bc58172a,0.08489583333333334
cf2ec8ba86ba8c2c3c342b5d6dc4d3fa,0.042881944444444445
4af47593f286a4ef57e6af2e2b768bc2,0.5008680555555556
3c5ac72d687a2ab4c02970c42641fa26,0.228125
9908cd41e10f41eafd0ba534fa5c039c,0.31267361111111114
f70567cc7c15fb735ae3719a6d46176c,0.8552951388888889
4ceb50ddcd241dd2e86a62af35240188,0.7938368055555556
1b86581cbffb992334b10bb8ce548c0d,0.6556423611111111
8f31228b3451cb635cd4da241320d037,0.43854166666666666
d9cd2df34cbdbef624bcfd0e897078ea,0.9484375
b39a9a40f9031b698f6e72a475e656c7,0.8789930555555555
d7ed8e234e20f4e2ce3096bf0fcc8b86,0.07847222222222222
f275c8206c504b00e35c0520eafea74e,0.21371527777777777
60b0916835c716b01cab3fe57744b2b7,0.4227430555555556
739cf1b7bddd288c9cfbcf989a7fb314,0.10277777777777777
0bcaed620abc3635a431aa802c47c717,0.4092013888888889
abc21acc714767a240bbadc26d5b8087,0.27065972222222223
5fa2224f14d492219641c977fcea6f95,0.8670138888888889
b552d626b48d364e8415fbf6f1553cfe,0.75625
475c2e9c685a77c6198f1d599b74f2b8,0.9246527777777778
b45a81ed60cf29543b0eb5437bfec0bc,0.9862847222222222
85cca2fbd6fffa8793ee21e4483e50e0,0.9255208333333333
6414ce97594b1aaa6f37ca1bcd79a83f,0.9168402777777778
e713b034f6281187212e84185f062d09,0.2443576388888889
b8fc335453f357704742ba6659b23623,0.23975694444444445
0b50cff9b2911c3295a0942d15a24f57,0.043055555555555555
882a4ef43efe4efc8cbc2f9b4c34a21a,0.22274305555555557
d005a9e84668222f4b93f17a1f8b0294,0.2443576388888889
ed3780068b98a0f33c401ab39c643a0c,0.15746527777777777
f6be3eee7e0646c261c517fcb0cade26,0.13793402777777777
50648fb44dfb406fd214aa606c26e249,0.13793402777777777
7b4df8249378d7f2af6ff59f56b7a40f,0.3550347222222222
a43cd4a05fd5667d37b97131c30f807d,0.06987847222222222
8a19a8987c453f6c2b7529037fdb99ad,0.1603298611111111
d788d9ed9faf8690f628570ddcbf085a,0.34010416666666665
9aeceac09891e22fd613b6603185704a,0.7457465277777777
dd4ead84c73193e5c3755210ad4d1bfb,0.5745659722222223
e2ceadaabe1e0b012b044e926af0cf09,0.5605902777777778
6787455b396af431fadd58e22d371141,0.8047743055555555
006f8b7dc2e07cea5299e2e82d4d8f5d,0.6064236111111111
e43203707a5b4914793b044173cdc053,0.94765625
49f1f8916975135bbfb192097a7c7956,0.8942708333333333
566f05d8fba675dc10c4c0092dd71047,0.7960069444444444
15625ba1a1137652aade4936f58b8d22,0.9237847222222222
ee4b5ae20c730d8b4dda56e8916f0937,0.9611111111111111
72af958afff7c6fb2ed2271cac0ad3a7,0.6951388888888889
3e4621f48bcd270329f59a584a88f6f1,0.6224826388888889
78748d15e2b2d5797acf454194726f40,0.32100694444444444
98ecca786f1d01484147561c7c7edcca,0.03958333333333333
cbe66ddaabac5be948dd70a1f3bbac49,0.04131944444444444
1b73971c2d397647b41e8696558db37a,0.25164930555555554
0a8a9ea5001788fe4d47acf3c69c41e8,0.03871527777777778
8afc3f046491bcebf11ea2d197cb0c72,0.21840277777777778
b0763195d1f37546bd0f7ad5ca54d66a,0.5434895833333333
94e55e5287d3d200c4eae76115537176,0.8296875
8e1377e36f12deaaed4a00efe320fc80,0.7425347222222223
edd55b5608d9f44991bbddb7825959e4,0.5605902777777778
0ca69fc44ce705678c587e8a4450d3d1,0.7551215277777777
f819a10228c7e8a8752d04b12abca3e2,0.5129340277777777
da3580dd90d017bfbd3424e1a2013f17,0.2503472222222222
c8f7724ce7daaf1b21c60699cf237b35,0.7541666666666667
07ef320ed320c5943df26f23981f3667,0.2534722222222222
7d3f52ce5c2c73b8c9195be3ce9bdce9,0.2568576388888889
09ba92c5f523603b5a71e98bd1b1931e,0.14574652777777777
0c66d2a3788c9a3bbecf7dc315dcb3cd,0.5730034722222223
825042711574a06051ae98227ef9ec4c,0.9397569444444445
71141f48a6ab8b1357b83048681188d9,0.9203993055555556
271f4cee9b3c2c1810265921c2f774b2,0.8618923611111111
54597892f1770a08babfe9f9dd6bbf87,0.8930555555555556
3744c21b8eb8f1b641aa0dce80647416,0.9201388888888888
14c26016997c25991963f72873b0dbc6,0.6102430555555556
c858f1300d2a2e7dc5cf8acbbf6c689a,0.7994791666666666
f48c27e22e6390a9790256e888ee1fcc,0.5829861111111111
06dfd3db6cee116d85b49e31b3e8d870,0.5210069444444444
471dfab82ccb258cdfd098673ee75b77,0.7381944444444445
116f57b2b8fe3cf4f7d06d0b456e169e,0.8050347222222223
182247f0a1dfb3910425003bcf674df6,0.8006944444444445
49fefa890658ff803f6a8de05c6156a3,0.4852430555555556
fc8780332a76d0f5f7a9f35ec21ba352,0.3876736111111111
ed9e2bc2c3f7376d66dbb2bd79fc35b3,0.6368055555555555
5818d9f0b5b01acc3d15634c5a3ada24,0.9012152777777778
59d8b52d146f993e092bd7ed867377a3,0.20190972222222223
549050457443745590056f175a10c3dc,0.3268229166666667
90fb1b1f9e6eaaf0de7aaaa404556ddf,0.6167534722222222
06c8d0ef3a4eafa6b6debc41d67827fc,0.8206597222222223
cccc04d37013003f9be12783e1147950,0.7717881944444445
23677ce372f105f7a089da33fb285f5c,0.4984375
6c3176a14d482b350ed04fb03fcd03f5,0.3815104166666667
d88609449b7b84a575eaa4e0c6147a1a,0.38602430555555556
611f1299a597bfdb40a4e6160ba89226,0.07508680555555555
af864ffdbb0838d979fb807dedbaf54f,0.2951388888888889
b8c74c9d07719c27dc9615608404f410,0.5
070688814dc8ec0467473f14fa859e4f,0.20399305555555555
fdd895292367a397d997b6586bdc0aa2,0.18506944444444445
c437ca1204a72dd1fa9e63399188bbe7,0.3894097222222222
2f58833bc9894790c4c5ae1decbbfbc5,0.6385416666666667
f1c8184a7b4a64904ba6786262c9db93,0.5574652777777778
d314a9b6ae32feccc582ce926ae46fc7,0.7565972222222223
43d9793346ce113b0a6bfab4a671084c,0.9063368055555555
1710c07bf1388f9bd8ec3758118570f5,0.7072916666666667
305cc0d12bfe73969f4d905bc32b8ca0,0.7430555555555556
fc2fceea501654139bb4b2e27f31e582,0.9290798611111111
f80a64a7ce3f48615d5ef3b1e48880b9,0.8388888888888889
3cf5aad68deda474834ccf8ffa633aa1,0.8256076388888889
83c361c6d3c4acba603e979336bfba5a,0.7984375
ad216e306f0e916f98f08801f93c7280,0.7175347222222223
b75837f3acbf7c226b4d2b34d3a68ff8,0.6736111111111112
92412d160cdcceff0a3f5a44a81a7eaa,0.8518229166666667
be9369a7415df36c71fdaed454089921,0.8518229166666667
342dcf85f39222136655472b4039f6ca,0.6252604166666667
b6a1298f21d7dabf6ad7adcbe22f7a3a,0.6302083333333334
4a8e501e2c6ae3f75217ef0f9f147272,0.7155381944444444
6dd75cb8bcf8e77795ad8078dd63f7b1,0.6410590277777778
61062c81508d5538579c6cd1007a0add,0.8986111111111111
0ae56a993d91a940e0a6ffb7a0e72eb4,0.9397569444444445
ac7b2c94d09c6a95b97f9da3871d8ea0,0.8826388888888889
96699868be01fbc702d1c6a343d221ea,0.465625
7925c00a23c5e6bb0f13717c9d25bb38,0.7848958333333333
d3e0235e947a12c804d887c9f9cd458c,0.4986111111111111
7ad5056fb5b3a1a5c61556686f079016,0.4223090277777778
ce2fd5ce08b50daa9fa3e63c18d3cb12,0.09097222222222222
0a95b0d137f7c998970087c1b45a234b,0.32803819444444443
9bdbe648c485fd754c074bd8dcfcdfb8,0.6310763888888888
ffac4b696f3191b4b92e5177d935fc95,0.6008680555555556
2214f86127592bfd37360aff8bffcf9d,0.6671875
8de94e412bc31ad71777e9e9546d757c,0.8149305555555556
16af12bb2cfd489fba5f9e1f3d80e07d,0.3559027777777778
9e017272c5893193a1375dd885acef28,0.6647569444444444
f3db7c7fa2e164dc253aaeca28226e2f,0.28506944444444443
33ac00f0a745020ee296091f5a677a42,0.7942708333333334
bc4118d67ab2e518bb7db71d208574ac,0.17152777777777778
e593e91b626a4f0dbcf6842ea4f47054,0.5628472222222223
c4aa337e55e2609b1c4e8a5f377c254b,0.71015625
44a3d17e68b3458fac3bd87c2c1f7d38,0.2717013888888889
b271b50c4e861dde76631714ca18ce9c,0.6746527777777778
915fd5da127b12ee3fae323b015055e4,0.5628472222222223
c1b4175300f587acbc72f5dfa15050f3,0.8572916666666667
d8e5767811e49c80f398ecd9fd1281b3,0.15850694444444444
a1dfec2e34695da18b365b1db94ab4e0,0.09444444444444444
47060d3c3b7cce833fc9d913576a86d0,0.32057291666666665
5dc829cf064ecaa07afb6d1423adfcd9,0.4470486111111111
bb9510ead72c0e489244a6eb7eb3fceb,0.08159722222222222
4794224f0ce0c06fb867d28ff445f8ec,0.11918402777777778
22703ac43c230459eba6338b7bc3873b,0.7736111111111111
031b5f1bd113437259e525bd51591d97,0.853125
9346408ed032ae89569a974ba3f070ef,0.7119791666666667
4007ce1d17801326773bfb8154dffcd3,0.5478298611111111
685b6b6b83c7edd4fda8b5a679bdf2a2,0.41475694444444444
e5b28719dd6c7b72af495b0a519746e4,0.7352430555555556
135f293ac9111a5924803e2df1597cb5,0.521875
7f859ed46291d07eb75ce77531a38991,0.9182291666666667
c8d7ed3298a03a4958e244c1b5961e74,0.7439236111111112
630240114f0eec0b59db515a0a5378c5,0.8963541666666667
58e064e43f5747f45d4cf400d23ce06e,0.8145833333333333
371c95104a801e98de9833f44a0f0a7b,0.8434027777777777
b928c10e62b2eaa90e3abd421d9303c3,0.15763888888888888
1d66837271b6f2dce2a7764dbf50522d,0.2899305555555556
3b9d2ca088f60de3537f328677e1f239,0.05694444444444444
91007e98dd50cdf77bed9bb3765dc846,0.36875
4668463e7e02bca446d4c7ff6316786c,0.08012152777777778
72db5921683b49bfbfb8a63705fa4ce5,0.14895833333333333
bc8b94b07f1033a8fccde49896004704,0.5880208333333333
cae61abb80029e7ee73f3777314a1ee8,0.6829861111111111
865412358a5b4b00f62db44cc419a5bd,0.6862847222222223
80fdfe968b8e4ff43fba962f2c5ac9f7,0.8787326388888889
8bd6c74f68832f0620b906ecbd8513bd,0.9505208333333334
e7ad1f9f241ebcdc67479953a036815f,0.68046875
a0209e2c7e15e6d31041b4791fc6f127,0.8116319444444444
bd7d2510fa2d0a59c4d463519c5104d6,0.7631944444444444
cf77e623c3bdf9a227bacddee0221c47,0.7557291666666667
22ccb18c0391d410d99c5f2b38d841a9,0.6618923611111112
94d0313da6f9e0fa9fef49d19093b82c,0.9053819444444444
5f9e79653574c191cae9d87857270955,0.8013020833333333
8d0dece0a53553441521ad13852ffb68,0.7017361111111111
40943a5ff95e5ccb0f51b907dd6d5d3b,0.5151041666666667
fcafd8f210b540343d6294260080f609,0.5188368055555556
ca3a4a0e25bc46f261ba8ff95eb843ca,0.7633680555555555
df47e6e3fc8e3f848954520497aa79d2,0.6947048611111111
5973eb3acb6b11e63cf0a023eb705003,0.8926215277777778
ee7ea0cb16cb699ae17e27b9d07eb206,0.7723958333333333
5922387b15bd79ff03ce46819df0e577,0.7952256944444445
93c99ad447f1e138d549b64348dc888f,0.871875
85289a2be153b673c890320c3e279220,0.8703125
38d3a9741d25806e3f8c4b889810f60f,0.8265625
395bb24f9ba8c94977c64c157c975314,0.740625
23d4ac5ec679cfb0fc30d909f2a819ca,0.7756944444444445
fcee2cfcb794cc77b3f162ab4cbdc1e1,0.8171875
071a161c15ab5ce99a4025d5578d5004,0.6551215277777778
5e5202190191ff93ea3a050b19d34551,0.7370659722222223
25eafcef0e3d578b7f3f628c4bf518df,0.9328993055555556
3af481e8c6c063b2c3a4fa9b4daa7269,0.8171875
f72add931c706064f87ed4160a870459,0.7427951388888889
14de1d75e60e98fc134d2ecc61f2a146,0.6859375
fafc58c467eef03dd6422f9aec825f66,0.9015625
2d4d863e746122e701b67a3dd02c302b,0.8064236111111112
dd60574efbecb7f2601f2cc47ead4b2e,0.9383680555555556
d4aa248c963dad10c26c58501079c661,0.9086805555555556
165e884f8618322983f823bc3a172bbb,0.45850694444444445
0699a49e81b9372246288759c489f909,0.6462673611111112
8e4c3a96719438f216d57bc717ffe08c,0.4522569444444444
371c185b8bbab587c3b503731a03e24b,0.5065972222222223
bc15023dd7656de053ecc90f45a60a73,0.7453125
cd474a51344320597eb90121683ccf64,0.46597222222222223
15d9ed6542848a05c4a01305527416c8,0.6841145833333333
4a62ecaebb5cae5960ee8d2e1cd2fca8,0.628125
439bda585dd94502790996e93973fe04,0.15989583333333332
776f911dab3465d8d45d616ed5f291b9,0.33350694444444445
e0e163a83debbc6fecfb3a1d1937cf64,0.42734375
234e20d03aada26c793987a3817d9bb3,0.12057291666666667
59dfa99c81d8a4d1ddbab3d581161f73,0.409375
997224b4416710ae272080e872408303,0.3876736111111111
0f4a19b1a2ef7eda84a0aa3491843167,0.4618923611111111
066e1ae032d8f75469f46b74be36fbfe,0.7436631944444444
f3d7ca87adbf38e03666426663b6dff7,0.6821180555555556
2ebc091a5e607222aede7d28083a855c,0.04887152777777778
af02791e94928b27e1e8c5d86ee40a6e,0.9746527777777778
5c7620c7e109734f8b9f0ef7e5664229,0.9827256944444445
99a0ce9978c3adf823c9fe9d4dd34757,0.9954861111111111
f580cc9560c06141e6ff85b59799ffe2,0.9947916666666666
4c14c68a99a5ac54dbe67b56db228e85,0.9901041666666667
b23520147098b8e60f3968ddf43408c3,0.9827256944444445
30a476314c44c5d5c0fa331e8111f25a,0.24496527777777777
8822a26b15866d99bfcb5c338d1bd260,0.2595486111111111
a9160104d9ebcd66d86fce59b91b40ac,0.03767361111111111
d022ce15082c7ac588e5c0b764f4f056,0.2342013888888889
5e7048cd3eb52aa8f10baaecc43e0454,0.09027777777777778
c1712cb222097fa1da4889d80be44969,0.3142361111111111
106ee6cd954c0418963db5babf35d740,0.9159722222222222
fef73ff950a63f65059d1612f8f7278f,0.9409722222222222
fe50fbb82b05e35808cbd515f5aab381,0.9444444444444444
df2fa945ef183ec9966511bc6c5afbab,0.9557291666666666
3ea741b5ad9aeaa82dbba88f4c425d4c,0.9666666666666667
8d7a5f1cf173f739da36557efb4d3d97,0.9940972222222222
5de63580f60dd5d7959fde9f5b426218,0.0998263888888889
ee571ac3493978a87b5c439595835a62,0.1189236111111111
8bbb2b739422836716521eb989b12759,0.05555555555555555
45df401ff542a6383f1e517c46fd697c,0.10607638888888889
10eaf9bb363e2861ba72ed71953e0e9d,0.3659722222222222
81940c2cfb34435492a525d00b0e4015,0.4996527777777778
e1d00b7b33a3c0fa7c91e5f70b272e70,0.45711805555555557
c1aa80f635a3b021ffa975844493c834,0.37743055555555555
fab739c5b6cf561cf76d717b63176b80,0.7126736111111112
f896345d9dde62690addea131b3f2b62,0.6259548611111111
6e12101f0f1f6103e66d0aea32b3fa5d,0.6259548611111111
1bd3d1e1040f1bfa3847adeb879cc791,0.6520833333333333
97f6973c1f78d85739acc4e0c6ace6f6,0.26458333333333334
e44b3e2e8eb4eedbf97c1dbb88e65ef2,0.09461805555555555
2d1875f6edd40943074be81bc2b8a36b,0.022916666666666665
ae3447489fcf56af9125d007289254d2,0.20052083333333334
084710df29c3df051df2a07b2429e03b,0.044097222222222225
420c6f547d68855682a1856fe2607143,0.8307291666666666
973baee8dcb73472ab31587d54b05169,0.32057291666666665
d8be033e7a151ec546dd12b5ba0de585,0.05399305555555556
d01765d1f3845e444ed7a19996de7657,0.21510416666666668
c4a0042ab9692ce054811210f0c3ebb8,0.24166666666666667
873d422154e329265843f174d0e888d4,0.31059027777777776
297a547bcf3b6fe5c13177f80c901ee0,0.13333333333333333
0d29e430f1e42660037ca518915888d7,0.7354166666666667
bd5894789f403b4feed8acd6a0ed1485,0.8246527777777778
75c434efea7a53fd58d9cd9ecd73f961,0.5512152777777778
1808e2a1beca378ee67a3e54ade45b34,0.7501736111111111
52f648f3442dea5e519f0ea56833da5e,0.6637152777777777
3f11e47cf006f2893a0294030b2fc5c7,0.1907986111111111
38b2bb4dcfe95bea5bb25448f397890f,0.13402777777777777
c686b61365ec66d793c86af1ce9d14e1,0.29496527777777776
2556bf48d016068b550d2518472ccccf,0.6071180555555555
4cdbbd20a2dfabd936fd3eadac167a42,0.88203125
3a6b6cda7327597d4cb140d09085a9e7,0.4150173611111111
9c8ee18a4b026a8f1354162c10bbc7ad,0.10954861111111111
df8d3ebccba8be92d17142fbc848904e,0.0006944444444444445
262392bf9e3fc635311e3ecb3d27f5e4,0.00703125
22be39e2876cf5187849fa9875887de6,0.47899305555555555
d750ad5cc166a7ec7de8683aa401038d,0.28793402777777777
e73f4fa73ec432b2f62be133e7bae938,0.07543402777777777
e2a8a91baf142a779b46caa13fb2e824,0.03298611111111111
e18cb243a5a7bace242c7db2d79bbaa6,0.23142361111111112
077424e9e87778dd5ad1c3f3c1dd6f0b,0.5711805555555556
efc7e07953db47e0a30c3000246814f6,0.3451388888888889
03bcf4c234f71d89ae85d4d6f83c182b,0.5452256944444445
60a06a3310575efb910e2cd9817fcce9,0.78125
faae06c7594b9f38a512da7e037d58d9,0.65234375
e9a460fbe8d99a08d862fba6a5b28757,0.7836805555555556
473fadb4e894b23daacfe856e07f6749,0.5847222222222223
9f3aabf4a816d445b194fb6a977b9526,0.5012152777777777
5e8585fcbe4b73b6a55e15c0f0e4c4ba,0.17934027777777778
4ae396811f5dba3a9841ebaa8f92790b,0.3350694444444444
405fe05ce22f7ab5d8aed3baa44c527a,0.4748263888888889
8b2eae369caf36da85ef47b88d43f7a8,0.33541666666666664
5ec55e2004d70a6e862b994c79dcd48a,0.5461805555555556
f830bb25a67b8a6a98959cf353196a99,0.1909722222222222
abbfe2594be4e651db533b7d00e73442,0.2234375
7bdf0bacfe66d2ef8f2bab28cdb15f88,0.20434027777777777
2022787260b274d99852279b04965c0c,0.04045138888888889
fa56454245b3e6878d6f63d0039cebe8,0.20911458333333333
237109677431a8c1e58e2d643c8d1b33,0.6106770833333334
c26afa931c0ddf168acf4bdef8d30b7c,0.38671875
53bf9652789bfe47733150243162e370,0.3150173611111111
1507c9959831241a5a3ebfa682d88ad6,0.46727430555555555
a1141a25759a0982cebba411a5b00af7,0.20008680555555555
924bf84c72b2ea7244f45aeaa7b23e54,0.5411458333333333
0d11081b53b94ea4c411cada6c9b0191,0.9108506944444444
094d43e41005d811a4d4bdf5cc510d99,0.9381944444444444
ee6a4d3d1aada3d0d3cfc28572dfed4e,0.5953125
0f50d87595999dfe0475a0d7e31934c3,0.7600694444444445
f35a6cac5f2ebd05581ae487b1b848e5,0.9654513888888889
a89de31bcc6daf9bca09116334977637,0.5557291666666667
c9e50d8424e01483981538d2e4ab7f8f,0.3482638888888889
17073e1e409af5a4ff845c19b05b24e8,0.33194444444444443
6c00bbc5f07490e6e7e608b491939193,0.39166666666666666
cffb9dc07916f93f6e754c19a2ff6f2e,0.478125
124154eeb217aac3575ebd78d3b29f5a,0.6972222222222222
e585dd81f899926e90044051c65131a2,0.018489583333333334
9e3b222be66b5bb358b99309f5d38b17,0.16614583333333333
409376745e419a0727faba270e7804a4,0.0875
6922f1f7762afcd77edfff83086741d2,0.12057291666666667
d831cb41f8c4c9cbd551ad0ee402ad04,0.11215277777777778
6c3ddb6b794cdfa0c1a2fd19ab3ec229,0.06128472222222222
516f8862438ffe9b34bb710e8dc8a2a1,0.2884548611111111
6506687c0599c6a3835878661a62e60a,0.5247395833333334
6556f57b71b22df29459d78c78196a6c,0.3809895833333333
c3d03b2839ee716b6171e468c9f7c316,0.20607638888888888
3c8051df01a3ab397fc2198fce09025d,0.2884548611111111
2945a1c86aa0b0602e308e00bc3e2b35,0.013194444444444444
c30b44aa69f4346affab5bb2ad0b49a8,0.16284722222222223
e12cc8e7b0fad1c7c9fb8dd705749d69,0.6319444444444444
9c065b854279e0e25f9af4891e074a12,0.4578993055555556
97a55d32bf17f74f96ae1d725ae7074b,0.3920138888888889
84dbabd39dcab5259279dbfedde72b17,0.2896701388888889
1085b92097483cd8108881341ec47590,0.6881944444444444
b4433f8d7fa295393767e70c71f8e74c,0.5769097222222223
c61435d43300e41c6e1cbd3f09af9c31,0.8030381944444445
4139f51a64a47f8f407aa7ce901ed7f8,0.6597222222222222
9d4f77e6c045167e1cf86f7843115faa,0.56640625
06aa4ff35e40e77b9495229cac35ac99,0.8500868055555556
9ce885520d01823da2626f41bf966515,0.2941840277777778
d5beb050804023f8e843ad0f42549f13,0.34739583333333335
ad97126b9547d3068cb4952c0e73845c,0.42604166666666665
b6ebd0a500ede9499e8e9b73a9084254,0.42960069444444443
ebe239c4c963d945b1055b7e4c8c2703,0.4618923611111111
824848d4e3aa931d6d22bb59d96277bd,0.4197916666666667
56cc0f66e180bfed0d997633ef68a1dc,0.48454861111111114
bf9e5f8c55e0cd62199b565e0d99d8f5,0.7155381944444444
348509ad48e389dbb21292dad83ae793,0.43211805555555555
eb1546764d9da9f1589c9e8b23e047e3,0.20798611111111112
e1cfd3a6f17b075f26ab715a8b6e6b65,0.7986111111111112
f329a03e93b6753b5e2350db9bcf5617,0.7010416666666667
678ca35b4feade7ffea10abe149285ac,0.5239583333333333
f7bf8fe81de26f87d0a2852ece68bcc3,0.3150173611111111
1f0f6f4fc81dce8ab032768a9c15d761,0.20008680555555555
69ad6f661076ca6d5bd12295b5c187ec,0.27960069444444446
9dd0c2d89ebe7470222aebad730330c4,0.2037326388888889
50779dcee4d82e2825163022d314d04d,0.3221354166666667
e0f1bead6a7ff42fb287db2f0cf4bed5,0.3142361111111111
6631bbb8724297f543e6e740e2e31184,0.5452256944444445
3b5d8dc5d2d24d0946b074d56f2d0e9a,0.4965277777777778
aeecc5151783602a741fd0c720bda788,0.17395833333333333
2c19a0a96340ff2698f4659a4fa89fd6,0.17395833333333333
ede7a025697fafbff66d94b4f177ae6f,0.36736111111111114
6932382009ff93c6249161fd2d317d18,0.5401041666666667
a1ce8d32d980c6e69ad5b4450abb1d0e,0.89375
9b690b63cc6a16db3a5d59fb73f9c827,0.8401041666666667
23a506c6c35e654417bf3edeef6963a9,0.8466145833333333
27c221296aaed6bf4d8fda4c7aa4744e,0.8401041666666667
03cebe58eb99188fa78566d86694be69,0.8401041666666667
fe41dcb751c9077cf75419edd8ec375f,0.7307291666666667
38051f34a84c0d91b0406923c70bfb7b,0.15486111111111112
0fc43aef785a40ad4cca79adb9d1d7a0,0.1310763888888889
a5aeb57af0ea79751d9e982b7ddf8def,0.22170138888888888
19591042309eab70b49bb877db4d5a72,0.12621527777777777
4391539b65f02c0010984a15bcc4ba49,0.004340277777777778
612db3d241b0e8cd9050811076809ad0,0.07456597222222222
ffa0509341d085b6b1b0e299bb1ee831,0.8373263888888889
c61db89c63a026f64dbb32e47f032236,0.8630208333333333
c2f01a0b300c0144ec22e1296bc829de,0.8446180555555556
cd835b803e825f00c14d3af895a5e91a,0.8680555555555556
fdc8ab7891fa6eb3b3310513173e4849,0.9885416666666667
8207566cf6708bf7d612d0828e66124d,0.4473958333333333
1f8147e5818782329368c9e887597340,0.14027777777777778
f594f515d7c505547afa9bac7144ab48,0.45902777777777776
20eb032c8276741b167025878b681689,0.41996527777777776
20c5c921f04c54b4919534c3081c474d,0.32413194444444443
ef1b1d9bebe0661327cc454c0bb71d22,0.40347222222222223
241703368e125e0402011fc15ea1aee9,0.27274305555555556
ce441edab57dca1151a1f37b82810558,0.7513020833333334
5c667bfa4f5b0bd1778740ae351dedbb,0.7513020833333334
1c39c4f17b2becd003d1a1cd74b699c9,0.8926215277777778
eebe6485072c928c62ba18f91e9f96cf,0.9035590277777777
2eaa7b0798b7330d18f91c949523dcc8,0.9635416666666666
d6b47787a99c3d485f7511b51a52ccfa,0.8095486111111111
98d4e75ad2a028bcb18576a765540cd0,0.6285590277777777
e43f6653077aef3a26d632d50c36601d,0.8872395833333333
4dadd63f08b395d1f5995fdfc5ea1158,0.6238715277777778
b033689c9fc661cbb903a39deaeb74f1,0.82421875
3de33d4a9a816ec6789099f270cd61f5,0.8092013888888889
8908b2d194c835a70e3a2b9f1965a812,0.5315104166666667
43ccbd80231a7b77ceb5e6ff0cd0c273,0.9865451388888888
842472d14e2ea86ae3c3cda91fd357fb,0.9353298611111112
72c2e153d6302dbf408ef3cd62ad24a2,0.9342013888888889
570d593c5c4cd346c86c36e0c2a322b4,0.9585069444444444
7cd9f38a3f6729853412385137823000,0.95546875
cc04cdf5117a5350cbd7828e0c25befb,0.8027777777777778
75a4a87379808eb5d1651397e5757198,0.5211805555555555
56dde80ef1fa680475558d99681c4d72,0.26875
270f8a3d5ab28c530c5c623114e324e9,0.5576388888888889
9ef4fd66303ddae36aa30e4a70e76caf,0.09288194444444445
bcca68c3f907b63757d846baecef54c7,0.18003472222222222
399f8c6d839045f0910e3702d5633e84,0.6949652777777777
cea64dabab7988b9b594d35a8415d0b8,0.14166666666666666
7aad1702b9ceb1716a5f5045c4a28add,0.08993055555555556
e921248bc5cd099e51f178bcdd87c03b,0.1623263888888889
bba05a954646188fc4700c6dbfde92a9,0.1
72627ce2dd79afe7280817674a0f9048,0.018229166666666668
7829b7e47a5c66bc064802d3220d28af,0.04453125
00b688b5ecef779bd529686afec5329a,0.3065104166666667
d0bc9ddc7d54265a5fc1761dd84661b0,0.7246527777777778
32c551efe53737e8666b991e83de5cd4,0.25234375
f65ed7635666287e235210caf13e37e6,0.39470486111111114
07a9033fcbf067ab316852fa549f8b1e,0.3765625
be6b2241f657c06277d9cad99fd71d00,0.5878472222222222
0e59ca62209f5fafcaa2a880be111b89,0.6749131944444444
2e2e40a665394266aec16daa37bd63d1,0.8152777777777778
7c66907ed48603d1edc8ce3a3fffb6fe,0.5092013888888889
68f763bcfef83afda20a4b02018afce8,0.7112847222222223
804450ce58268d70984084c4cb7381a4,0.4840277777777778
05da7504165a5238b0a4a56dae14c6d9,0.6145833333333334
d5a88e6fd26dcc470cc885558b4313e8,0.465625
23f9514799dcbff380bca98ccbc35045,0.303125
0f4ce6d5d42837e6fc489d75bcf71614,0.22170138888888888
6ca117ec415d10ffa26873c53a7ceb2d,0.07829861111111111
93a2d72ee5f77c65b4548e25c1f14352,0.07256944444444445
a59db818938f6c4d9de682332c6ac2db,0.06336805555555555
13c2ff73e6d93e4f0a0ae7fc18d43031,0.9559027777777778
0081e2df8e24e5ba54c584663cfdff00,0.96484375
bf51008061641448a1ba213dceea4a2d,0.9923611111111111
ba1447369c53ee08710e3637297d7817,0.9998263888888889
a8720a0a895dbc593bca750212102a5e,0.9671875
0a47cd103d6e6bae799c9e2c7ab9d0ac,0.9865451388888888
af67ac4a82a0eab7068d838e287de6e8,0.6048611111111111
7fb9853fb7cc63b5a4063e9a4fbee645,0.027604166666666666
11942e1d8f48d756655f72b056fd2978,0.4171875
9dea7ba82ee90aec4aa29362edc08b4c,0.5485243055555555
62a386cb8a196b17640eaedf0681adf0,0.21909722222222222
108c12c45b04a70b25e8e1046d6fb9d7,0.13350694444444444
a830e13c98648429bb911060dcee7374,0.13793402777777777
3cbe71749af85ce3a1f407287d29f40e,0.025347222222222222
792076ecd35878d6a5b7a46a33ebfd0d,0.08723958333333333
f596cea5dd9a95108ffd332b8ae034d2,0.14487847222222222
bd0a95ccf187b81f09a3c25454ea6876,0.07890625
f88133345da7b94b7695edb98c824797,0.21779513888888888
4d72fbf1653fba68da588bcecfb4291b,0.009375
83c52fdc86d7c6c24260bc3219706c33,0.023350694444444445
28e0c07c69faa81c0c064b1407c2c9b1,0.05651041666666667
4d13a2a36219448bf4d6ea4733e2efd1,0.5019097222222222
a69c3faa4a7d0441969d5a4c1044fa54,0.3706597222222222
78a267b416c7905dcb6afad25207c665,0.3841145833333333
740174e86fac5f79807986932cc0f533,0.6177083333333333
cc7e78e21381d22743ad72fe3f433d5c,0.7277777777777777
d5c495ce00951d59a982768e7fe8f1ae,0.6127604166666667
83635b8897637e91cee1c2604ead51fb,0.5397569444444444
33eb51e57679b9f3d1da98aa22efef9e,0.5135416666666667
30820e2bdd0b09183c749604aa737831,0.4284722222222222
a8589878fd0e9c595b639b4c74107505,0.23932291666666666
7c0be2f673ee0d62f40cb5bcd6e9a960,0.2689236111111111
e0c3b44dc8cd6237b2982a23a7dcb149,0.23932291666666666
da0292066b13a49d99e44ee2b5d94de3,0.044270833333333336
718f588fa7f851d5d8915961325152c9,0.18776041666666668
f9af699ed4ce57d09c315294ad85484b,0.1545138888888889
4ba1cddab28d690423b49edcee45c3aa,0.6425347222222222
c360ac8d5a1d96601f73bccf5623715d,0.4753472222222222
e63048868756d5683793fe501b71e9de,0.2691840277777778
0deeb5a5af13e0e7365faf5e745792f7,0.6121527777777778
6155231aa5348eaa2f2d1e16ed6eae45,0.43680555555555556
0a4b923138e5dc17aceb141ee9185a30,0.31614583333333335
2cb66c7cab198b0424c3bf4a656fe984,0.5532118055555556
b2eb8fa64c969b33653ed4a9c983034a,0.5122395833333333
8b1c9a81869c6e22e31ce291f9470db0,0.5052083333333334
5f7ba5d33a10f3ee7cee7cc82eb13d01,0.5532118055555556
b3bb21e7b4687d3b3934cf5dc3929bfd,0.6052951388888889
4ac21d6f2028e618df1b4f19a5ed9b31,0.30494791666666665
8479c2e4aedbf7352646db30430921d2,0.04609375
61b717b29efe7187b64e4760402cdaad,0.3714409722222222
19a9d92568921fe2ebc1e3ed67769f96,0.27005208333333336
2844d58ddd48dd4c14fec95f7f4c6b72,0.18220486111111112
036c95efa63afb4451bcbcfb11b9b238,0.3697048611111111
91cf16b86f677aab4dbc9cb32784e6c7,0.2671875
e05cf8df35ca9bd7386ea3f3f48e5668,0.9024305555555555
c609eff4ec52f1758051cc56ce869496,0.8600694444444444
c9470723bb1571a1ddbd160b69c8151f,0.7546875
a59910174cb13e5847a540aedb4911d0,0.6268229166666667
230193a730ccc98f0c9eddf119f31cff,0.9232638888888889
28c1de710eb7a0d11618e0973cccd53b,0.9696180555555556
3c8ae1c5a9db62228c67b472a18377b0,0.5636284722222222
200ca69b4f3c844ec9463cb7457f40c2,0.18307291666666667
9f5b2f81e10ff09c246a3299fc0701d3,0.45555555555555555
442df5c11b61a506b978b8ba9840e21e,0.36328125
529203af9295c25ea57913ea8c46d6e2,0.3025173611111111
1f3fd00eabf1a3b55392995108e70c82,0.01032986111111111
9fffcfae2b24f27bd3d207e38032dac6,0.6809027777777777
c74bd39ebdd1ea64820ca6737353646d,0.7618055555555555
50d9a550b9d46143eedf7926e9cc91eb,0.8621527777777778
83e4b8eb68615cb92ef9f3058da3a9f0,0.9608506944444445
3cf1fd288ace082b4d2d7fad47e9b3f8,0.9076388888888889
4eb6ce6f39cf5a0dbc1577745826de85,0.37899305555555557
e30a8ee5ba2b2a3a295f31f31f92e32b,0.32430555555555557
3b9e9ad6afe8003c6165e2653eca66cc,0.5628472222222223
3ad59f4e89a4c2a154f663c484920a69,0.5360243055555556
68c2f2f09a1fbf4bc376d96aba69c794,0.5221354166666666
ce19300e713c4cae451ae1686d71ac83,0.6192708333333333
370f458946eaa9ba0c52630151f19d7d,0.6307291666666667
e873ab66adc114375727f9bf5df2b911,0.5019097222222222
711f94b46b2659d00ed9b78b36b25320,0.6184895833333334
44ac3fc10d82612bc686e07feda76eca,0.4470486111111111
aa482ea47c10e9e0d4390dd4f0d587e8,0.7185763888888889
4d604bd4280efed1a510d727a3adb04c,0.2144097222222222
e60f1bad2ffd83e7268cfcb57777ebb0,0.5907118055555556
6fd077c1953466e58c931e63fd10d9d2,0.5302083333333333
26b2889aef6e42ae5b79056f18e33eef,0.44644097222222223
3d5fc5f6a9f29f0a4d99b508de632b33,0.6272569444444445
e0bac8cfe8316c61d8dc91f3fe9df7e6,0.278125
0e9fc44bf1390f62c85d7d31f25640fe,0.3824652777777778
f555b19790ef8d0bbb13095e32251dcc,0.39739583333333334
d6d8f48aa5316fcac6e91150f2f0f11f,0.10078125
db009900fac3b1a30f45e9e6b9460629,0.13723958333333333
50e79080ecc4bd21d19f74e08bcec986,0.2421875
4ddb72f95c9be7d56b21cd0fc0936881,0.17291666666666666
a0cdb02ed268959fd7830a244d39e529,0.6432291666666666
ae49e06b6bb49871b9a5f037f478e53c,0.22369791666666666
44cbdd21c6d7ede8258f5e8a9c433cd1,0.8696180555555556
7636d08047520445666eee039449b729,0.5890625
a59fad2b1f1becb6fb9275a6912adc4c,0.9538194444444444
3c9512a1ffbc5a5d7d70b6b5963f0156,0.6133680555555555
f1cdc58ed4d3613675d05c546df09d29,0.9847222222222223
0146b3885ec7c1d7d5bcf5e548bd40c6,0.9875
b64839d8d9eaba3b33c5cf400850849d,0.4892361111111111
50122d52112a17e4cf093820cd63edf6,0.6969618055555555
7a39a0571e81599dfb1d7852e5eb87ed,0.3935763888888889
1d49c4bc3d016f9bf7d577c669bc2f5c,0.45416666666666666
3910e690b4716cd5ef13a0cbc0f9e7d6,0.2989583333333333
299911b320ec2965d06035000345b97e,0.49947916666666664
be9c0a1bf54b3382bd8f5398e7b47c97,0.16692708333333334
244a4351fbed37eaf126ed55269fbaa1,0.31171875
99c333069a42dd92d5a110293ce14574,0.7915798611111111
10a23a83341ec8486c0c23a9010f6502,0.17057291666666666
be9764c20ad47c78dcd68f3d06308e30,0.5688368055555556
98f966d97ce45169268f1df6332ecf09,0.24852430555555555
b998cae5fc91a050fe0a90236b72a9a9,0.9684027777777777
e98548f87467f9a462fc3481c9cd773d,0.7928819444444445
ac9f57222a7de056da6b7ecd7c82f154,0.9638888888888889
fd2bb68b8eade0b28d219c3acc04524b,0.9303819444444444
87da4ca6e8698b0d4ce7686eb23eec75,0.8950520833333333
d9e5c493ce8174d4cfab4e0d83a72500,0.9907986111111111
359a811fcffaaf842bad88f35092aa1a,0.59453125
23c5093105cd8b53bdde1a9a7996f36b,0.4032986111111111
7654d4b4b033368b91a4be50a9d0e67e,0.4704861111111111
ef18154420fe07ea8c5649bc05ad3699,0.5041666666666667
6e4ae83107e8fbdf643164cd3d23c392,0.8491319444444444
ed9afa8ef8ce1b1c4087cb529f94a8cd,0.8730902777777778
3c9fe06fd10ae4ade78b3f447f54b9b0,0.6684027777777778
5ad556df242038080dff6e272da78ae1,0.9511284722222222
43cc313acbab28d1ab8a0e4685d8dd6b,0.5129340277777777
fa113d07d2b59058d7703f4e03096e68,0.6953125
19ce14fede2f5ae21d42e1ed4cfad6f5,0.7730902777777777
4e6bdc19800262e14f38ecbd59dfc831,0.9122395833333333
78a5cc761b2c9f522a5ae811075a324e,0.12361111111111112
85362ab077af8b0af0f439096410da88,0.9623263888888889
b1863a8db8db84056963c3bdbd6845c5,0.6989583333333333
618827ca0807fc4fa74da8af2bfb7ccb,0.6104166666666667
2b4be76c19c4fffc02ebcab21ce37c31,0.5883680555555556
2bcb26eaacd983966e25c702555e0bf1,0.1987847222222222
b168e497e570bdf307e197f3a7dc02a4,0.5457465277777778
9ed61ae1545e0c98a922fd9fb33b1aae,0.8206597222222223
762eee9b80bac39e9ab0e6f37033d5a1,0.6644097222222223
2bedb39db2dd184f043a901421e5d261,0.5815104166666667
9ac227de5c5e8e67508aed10036a9728,0.6609375
690524560a01554a3efc8c5ffff56700,0.41779513888888886
e03402cad1989b31b3405570c8e56f5f,0.6498263888888889
04af2f7d2a536efbdf41b256661d1324,0.6564236111111111
da820f54bd8a17d4df78ecc30f572422,0.2647569444444444
f17a6f668991dc1b932e2a576befc01d,0.3546006944444444
9a938d48e883a85d4a5b0aa58176634b,0.21180555555555555
03852fc41c2ae8eff9fc313c1c1f732e,0.31710069444444444
4f9b94de0d8c177161946f535b55ed6f,0.003993055555555555
6e945fc7bb79670e57294b88c8e82f5b,0.11024305555555555
b61cd0ad24ffd7853f23e2ffd9263bab,0.12222222222222222
6faf01f4000a31323aa21b41056bf5d8,0.1295138888888889
fa37b3084047c1f9be3029391d69631f,0.24791666666666667
6b3e99dfc030875c420b5c817df8e7c0,0.15208333333333332
47d167115e1e796e782e23681c9c9bde,0.9911458333333333
d25f8a6c842ba8eaa3ed3c67c08c7d07,0.9274305555555555
f3baa910844992c8df75ff2021cfe89c,0.9951388888888889
7e493263059307d5724dff78a3523d3c,0.7887152777777777
e3103bddf7aed89c32c1ad2116b74c65,0.9814236111111111
e5d9e1fbc8892b5c85ca49d5a62e6825,0.97890625
1191f54089bed5fad89756404efb2058,0.6275173611111111
20c08939bfb2cee1e6683ca1755d219c,0.20173611111111112
dae00e4368f3207790c5b9e1831554ab,0.29348958333333336
3d60661980930f1cd18081e44d19da53,0.43255208333333334
5c4799dd09485055fb985821d90c6f27,0.28897569444444443
67a9eda3959b6756beb3672c4830864e,0.13159722222222223
a3456d173ee753fc4786c966eddc0ca0,0.2722222222222222
d8d67c683317c321035acb0e7ddea80b,0.2671875
015f6236798b29f16465b23a05eb984a,0.3763888888888889
08d125b33c2931001d637b2fac7e4a7c,0.15911458333333334
28c4c4050b4ad221ce0c7a4cab3565cd,0.27005208333333336
789d06b3e9a3292397e3b779e6cd9256,0.09869791666666666
eb21eb08e199755b9f82f987ff437984,0.8277777777777777
815017e85691fb6c2e34a62f0b419423,0.9744791666666667
6d9935582d06b7e036acde24de362738,0.8260416666666667
682def861ecdfe02f3f6bf9f87538647,0.8311631944444444
fe9503465ab5cd0d224a340dd351dc7d,0.9128472222222223
b2498225e3936e97a22f957a8693e59c,0.8724826388888889
e001015d177014c61f5e2e078af48f49,0.4576388888888889
2957315f9800113e2dc568c6fd715160,0.3646701388888889
d184d1cd588627188e07d11e1d6845ff,0.46510416666666665
08b824bad1b345b0f89bc1002e91c4c0,0.3802083333333333
2fa023f32a84b0e2241df9b12aeebb60,0.5831597222222222
a4fe430298fa7f93541497e1f2b33436,0.5918402777777778
73f1dd4c136fdf3e2f62d35edc967007,0.14982638888888888
f68c5d873acfacc73dd97b816af8c52d,0.08125
7ea5ba7009035dbef54a29048e76c287,0.31171875
3c7bdc60cb598e5c4fed13c71f945b91,0.21710069444444444
e7b35814ca995fb0d502d1833ead60d8,0.1310763888888889
365301f644b36f8b0b86b520dd7e23bc,0.3268229166666667
ce1b4c58329bb3f00476892713e05213,0.05164930555555555
976b0d9973d28e4f6a0c9f63ad5c38f6,0.15112847222222223
6a84e85d82d7d40bfa71fe044579d888,0.30460069444444443
5cceab8d38c4d2394ccd0db2d7a8f9ee,0.5325520833333334
fce04f15e9f8f8a1ce963ad9530cc11f,0.34010416666666665
2b0e48cae4d92f278d7513c5a6fd0c06,0.14487847222222222
6854135671b57903301b45b4182c227a,0.8560763888888889
ab7d693742aa45ad496a4eedf8d03f71,0.38038194444444445
9b13ad76692545afb793717ebd4c0ba6,0.7262152777777777
4bbf1440084c0b71e9550eb735c06ba4,0.8967013888888888
06f3f987bf7259a9e33684308a654146,0.8953125
fd3478ac631bafdf0926b97dc59fc435,0.5129340277777777
338e986dd34f4890646d0ebc1108fcfc,0.7946180555555555
8a8c1e93b03efd2c03689fd022fd2ab9,0.959375
9d9a723908550757dc3459a5f78012b2,0.8909722222222223
d26e2a304d6113434cb2f5bffc59d248,0.9692708333333333
46e3c1488026886a8c9cac01b26fc74c,0.9894965277777777
81f5a0ad8d2fa60a98c7be81075e5a74,0.9366319444444444
961acc1d814c9d04745d637895b6e161,0.3795138888888889
0396202d88f1abcf56c03b3cdbe2e0bc,0.2557291666666667
423b4eeacf1514c8652aae2a102632f7,0.43776041666666665
f79de7da3fdeddd619631b5a4dee719c,0.5714409722222222
7323b8a918872db99fcda552bbfc2960,0.5386284722222222
5a4da7be6c158d84560653f07b58463c,0.4720486111111111
32734e0bae36d1876234e02035111aad,0.17222222222222222
a0d349df909e6117ff4e96f43a5622e6,0.17222222222222222
7c124e5cacb8fb945cdf689758a0ac60,0.15503472222222223
d419f3abbc825f6008371732d8840286,0.36180555555555555
6d3fe2df16ce4e2a955d1a88bafd5a6f,0.09600694444444445
1381646e0c8b82605e294b9f88e9498b,0.25277777777777777
146d2c0cbf45982180541379969df93b,0.7201388888888889
84c351bb874c5e2ad1d51f6b7cdc8157,0.7805555555555556
0115f7ca25592da285b192b5d1cfc370,0.5653645833333333
fc4543e17aa522324970a0121b0ca981,0.5478298611111111
d681ce1bc11f3de84063af19ab40e91a,0.6069444444444444
eb370c4d5084c0f1b9420f4d3eb91282,0.8659722222222223
460c37d34a6ddc2501403b6f218ce1b0,0.4595486111111111
5e6ce769dcde87bd3961f877d8d1cb5b,0.5541666666666667
def7e5d29c509031e9f44a18e78bc848,0.5286458333333334
47d22496e08f0507735f279c95c4e286,0.7853298611111111
eb7fbacd5648b123c7e06714b73c1c4f,0.6329861111111111
c59e78938bb3155616e6d41a8c10fa90,0.71875
69e055d4d7e1e5c87151f3dc1cd50b06,0.5749131944444444
81c4cf9788c9d4b70f6b0618b5da8611,0.38958333333333334
31ceaf31a57adc6d722a101c0db464c1,0.25416666666666665
f65b5bed64fa4be8b54b29cdb22f6837,0.3326388888888889
1eb292839af933bdbc858fbada281c85,0.4762152777777778
49ee3471a85e1582da481986a57668c6,0.44157986111111114
15c90fcf384310b56d72d90449106a3c,0.8991319444444444
9ef9c6d8a3531b98fbb6284a19c085f1,0.8248263888888889
84408d24a9c857e1e103d8180531df95,0.6470486111111111
17ae4df3e7888b29fcf10709dca0a76e,0.7338541666666667
cb5212ee8046020ee217406e9146adac,0.36258680555555556
4ff8bc3cb2fa5eb18fa67f8dd95c5882,0.6355902777777778
be3641ddd690941770ad62fd2409a4a7,0.4013888888888889
d8ccc4ade69c3387fa7e24ec6494c180,0.95625
480a6075cd66dd17765bb8b7ac03517b,0.7678819444444445
0072b1be15ee80e8ef99cfb4e18508b5,0.8755208333333333
57f33c5958f01a440a0d0788de63ada5,0.9703125
84ab2cdc48121fa9e22391594f261940,0.7581597222222223
4047d189c527f1cba9c4ed7a3d3e7fc4,0.4076388888888889
b1901c2fa48d4368f823e0cff7a7cf04,0.30364583333333334
2b51e34603a589acbaabfa07d8a598d0,0.07951388888888888
4c2771426ebb184649752de4cbc83a6a,0.14652777777777778
b0c317072b7a4a67d04bd1554dec642b,0.6777777777777778
e3190318de352ee48d8ace367322b483,0.7123263888888889
48da7ce6f40d8dc9b8acee2fa9a1499a,0.06024305555555556
0882d1d1adc8a0c439418a55fd8d752e,0.33402777777777776
35ebec853408f7abc503112650c03f98,0.3675347222222222
6659ab086331a8c8ac4ce805f7ad7c77,0.10364583333333334
1f57656dd4c8babd2ecb6cbdc92877d0,0.1595486111111111
3226cc74155e57b62f81fbe90c627d66,0.026909722222222224
83ceb1ddb8765536f457a656e73a4755,0.59296875
984b55b14cde9faf66e4d17f312108cc,0.9154513888888889
8fcab3e099e014a83ec2ec0f626d451d,0.6986111111111111
58d8561ca7c9bcb24b80e2f6a6b1228c,0.9388888888888889
add14e37524993baa02811ae3c5a1627,0.6510416666666666
80c8f9bc6b1f5d952b293a191e63553a,0.8151041666666666
bb8bbed631de67aed64069617b5c866c,0.5282986111111111
c5a53a016cc5c2dd33112f32873506a5,0.8105902777777778
4a0eb8a06f9dc6dec55482bcebe18cf4,0.43993055555555555
538b29ce0660f8332b63946bdf10a2a3,0.86640625
4d01ab22dd91e1a0e61ea484a9f468f6,0.7359375
5ec11076e5d1b4842f325b41924dff15,0.4342013888888889
71a4370c952ee2676e0d61df7aaec983,0.7272569444444444
209bfcb3559e4e43b84cd8223a11993f,0.95
bbb8dd66c5bf861861a75acf8fb66640,0.8999131944444444
9706e345e0109f88c307a32181770003,0.8854166666666666
d6e373e8ce5e0cda6736477e6e0054e0,0.6651909722222222
b576ca484cd174b29d40a76651f91813,0.8401041666666667
440d128904f5f9899d5127facdd283dd,0.6479166666666667
6271e7c411cd33c28afe0de4c811f690,0.26666666666666666
ca63b0eecda9a6b4c8b60af4eedb5d45,0.8999131944444444
f57a1ba30d3944183632b5bf55da6e4d,0.7901041666666667
dc89388c66a98a968858ea1407023a5c,0.7237847222222222
46249f5feae30812a1a8e44829341015,0.95
e5bf24c09dfc3e8a28b19574d321c2ee,0.5280381944444444
b021e79958e95dd076cc10abb44eedc2,0.03333333333333333
cdfdd008666418006a5d9f83a32e486f,0.5420138888888889
f940be295f5aa80997b8d656da529407,0.29878472222222224
95a9465d7b0c68acacc2487675f7b8ee,0.5979166666666667
6208b2c6cefb3f57bef63f2a0ab66704,0.4050347222222222
175f729d2be49c37fd81876b8bd09092,0.7024305555555556
d891b6eee8756cb6e8bbaefc95e010a5,0.7496527777777777
b7fd1ccbe7fceb80d337871d2f53e31b,0.9290798611111111
caf7b20ce94d129aa73e5b0d5b3e260b,0.9269097222222222
f24f88521790af23f797bedc0ffe4fa5,0.8056423611111111
a75619400c83169d449ab88f3c7574b2,0.8947048611111111
2cde657522c25be82cefd2e1c5fa018a,0.6751736111111111
9ac7e678d15f642a0597045707bb1b81,0.39791666666666664
6a19c1836346e41b92574d029982aa8b,0.9045138888888888
cfab90b4ddcd1b7d41e667747d8feb6d,0.7911458333333333
02535c67e225ca44f5ef527a4ed5a40d,0.4189236111111111
f17d3666e185a0444f37db4751f3c412,0.7480902777777778
1373153713b4327b5889a4ef9ddce244,0.7493923611111111
22542b64ed721ff94116810cf3eef5cb,0.565625
960f6fa770fd64e2badfe5e65f14c08e,0.7493923611111111
e063d36d25b18bde9f3c208b5ac94667,0.8109375
5a14fdff4cc1f9f68b2ba84b46b17167,0.7243055555555555
2b09e8402d464e3844ed0dc4f0ab7938,0.46371527777777777
44d9e18d2e85a09ce2e566c7760873a7,0.07413194444444444
59256a88aafd15a7f38068b20979cffc,0.6875868055555555
49aca0fcad1647896658d94a92136daf,0.21354166666666666
e429ee64169117685e5631da444e9486,0.6005208333333333
1cd3828d296cfd0029816319a3b6f308,0.30052083333333335
7dd163b17cc98657ce0aa6cfcd2c30b6,0.4029513888888889
707a4077d41c8a03c451bb09e2e93c7d,0.975
77ec9536c6a98dd99522150eac934785,0.6622395833333333
a8a30b80050e1915dd8b9f89da6568d5,0.9848958333333333
d8c996c289c6d383b9d92528baf5bc81,0.9928819444444444
fd9ad3e0e0c9722129481f66ec8f88d6,0.9836805555555556
fdd78262bb26219aa1064ef26ffbaab5,0.8447916666666667
6643580ad0a0f8f1a9745f7c9722faf3,0.9737847222222222
54ba4c5271c19c52d32ddf069ee0f925,0.340625
a37907afdb1944dd83619f5522c7e238,0.8342013888888888
e44521b6076eeaf4236571f4e93412d6,0.7838541666666666
30ab09f827f9ee3360eac3ae99c66b44,0.5413194444444445
410757a762fee55c5c61b74b580af2a2,0.6513888888888889
deda8bbf11344b902f83da2920c687d5,0.1556423611111111
0b45b999b6e7dde81816423d1b3bc339,0.8477430555555555
9bfbfbb8ace365059d1d6597078fc4ba,0.7090277777777778
b40d7d906190f35ee73c3b49d2bfc185,0.23463541666666668
07b4094e3f41551ab05ac9a305946f89,0.6538194444444444
bbb480c3b645070aeba752bafb4a877f,0.6209201388888889
f9f775ce9fa36979ad809b39c1d2523d,0.28072916666666664
4c78bd800e3a21ce0336de77425f83aa,0.40616319444444443
b7803917e2eccb5bd774076d52ceb47c,0.14027777777777778
47d5f0f4357aebb4ef88a38ccfb80b9d,0.014496527777777778
89b8491f79d8621719da930000c5cdfc,0.07118055555555555
d4a73e8c89ba0658d2d9ea345865baa9,0.290625
d8da2a62e259b4833bd362bc7d7ddb5b,0.11875
bc1147728a6c184dae71bf78b08ce697,0.028819444444444446
7e246e03fd4d321fa7221eb8334094ed,0.009722222222222222
efa6e1e08743709715dbf0d7e29d0580,0.10868055555555556
7a1790210a563e1a64d27335417bc48d,0.02673611111111111
b6d35d7c2430910eebd1a7b3f3a68fc1,0.0375
a97d6500017cf29c3acd9fc57f3b3bca,0.0026041666666666665
d47367b4c5d0cbade5ec6d5f10790588,0.08784722222222222
5329acf343608044d8d5a15610394de5,0.2339409722222222
1caa10c3390a22114660a89b11a9f3aa,0.3012152777777778
9010fb3f3cc1cc7806cb40280972d91d,0.04244791666666667
2d1950a1eb295300a47a1b394ee8994f,0.04887152777777778
3b558656a574f0f94d694055994989fd,0.0453125
6cefa2429be43f4a9a01f63c814bcf70,0.08506944444444445
2cb09022bbfe4f490466b2a4ac5d316e,0.3173611111111111
53c80b027aef0c66b3f620defdf7afa3,0.03263888888888889
9e215a5c6767a2fa25830cdcca2b7bb6,0.14913194444444444
1c35acfc10e1f3d7a92afe7e31c59a3b,0.1578125
7c775410fe2ea4ce466814d48099c86a,0.4479166666666667
74ab2c751775bf13264245f31fe8b57d,0.2864583333333333
2edf7450793685b15b99d6d1254c0feb,0.3362847222222222
bdf0405f4c90967b55248488be60af5b,0.4855902777777778
203a2a0a5ca79d1d10d9c0419f1d19f7,0.16180555555555556
352a45b9e005b2ba7c0406b298acc490,0.165625
14b07a2350a36cf60bbb2e819326809c,0.83671875
efdd13de23dbb0e7959bae55141bdd91,0.6153645833333333
837ddfd9c8efdd9ce1f320b490262d83,0.8518229166666667
3285904bd146b67a4439facd201be245,0.6153645833333333
b041f75d9e298702bbdf3ca88619886d,0.4991319444444444
d79e847d5560b13cfc260c12f1043dc0,0.8849826388888888
fe028de9e427804132d11cbfe1411919,0.3494791666666667
0aa45c797171db34f5634daa697a5e83,0.5983506944444444
f63d23372269474edd6be1654e76f72c,0.5328125
0f36182e1f5cc68b02b19ee99af1da36,0.4115451388888889
91f88c10661327f6b55f7efe5c1b85b8,0.30928819444444444
a72af218243b817c26b4209ac63730e7,0.3013888888888889
6416a8abd23b4c851979e8a7108bef6b,0.6222222222222222
36caa1bf271f8a6bfce7280ef67c00bf,0.8158854166666667
e1273be49e74ab248fe38dcdbd0756eb,0.8158854166666667
a1a194e2cf972176e398884258fd3c59,0.4708333333333333
5ad5d459fa16ef970e512bda2aa6f985,0.43741319444444443
0fb0e55b60c275a966faaef75ce19e13,0.5350694444444445
fd76d320b1b45ec871fc1e3f5dd39bbc,0.9890625
1d204018606aec6542aab4d0ebadf3ea,0.8896701388888889
23fe0a236aef313a51fce30b086a9d62,0.8267361111111111
827bd02742ff8529741a9dfcce26c6c2,0.9539930555555556
6a217879c72eceacc2e76d036860da0f,0.7087673611111112
77ccddaacab1fb0d3fe6ef9ae8efcd34,0.8411458333333334
19fef34b5024788cd991024e33fde1a8,0.8315972222222222
3de35168fa1905880978356180e1fb2a,0.7686631944444444
438134d236947ba17969f24e1894990e,0.6967013888888889
19827d9c96611c2d78402ac3468edddc,0.8081597222222222
70db50a5bdae6d3f77f65c135c6c24f6,0.83515625
ef8c2841e1aa243b030c9dcd405ede78,0.3914930555555556
7f6b37f7605b33ea0fbf2389a2d653eb,0.22942708333333334
19d7b46b840c52ec91e821428f3ab935,0.3515625
5e03c9384fbcc15b46614c94fef509e2,0.17057291666666666
76c397a372ad93e741fbd116416f092f,0.03463541666666667
38cf2eb345d4842eaefc1e2fe0938631,0.04088541666666667
6a480ce4281c4ff643340f1339c52976,0.16692708333333334
f202a83ad1b6d636152c1aaa9022d242,0.5052083333333334
6ceda3d5270c5be5278756b385e3a340,0.7798611111111111
72faf68792fe2b353fc9942798935d06,0.4053819444444444
7c9198d96ba84b3bcaaf0de60f78a990,0.43359375
f039f30da960e8c23bd871ebc6e8d958,0.5315104166666667
0d910d26f9efb6f83ea5e9e7739540ce,0.5315104166666667
00cdba26ac5556bff602a12169606e41,0.35
145c2ff94128fb2f458f315ad9968f81,0.7559027777777778
34aca4e97b5073009d701ad12c8de5f4,0.19010416666666666
419ff13bb2e9a5afd38e7d3dd109b260,0.46805555555555556
b25300b90f9cf1c9948bc44efa095dd5,0.4262152777777778
2519725f8d6fb29c232f915f1eeb0cfa,0.2737847222222222
0b2532cf082f941a27a5e30aec5c8ddc,0.14340277777777777
dd460a5634336dcba85b9b9a65958a78,0.6378472222222222
db2d62cf3e32f2936e180f6af2c05b7a,0.6857638888888888
ac5112760dced14d29c85c9473fc3ddc,0.8284722222222223
457edffad112914af9d70ff3a1ce4b8d,0.6668402777777778
64fe9b3bb0b5df0c9432dd0e266c12b7,0.9019097222222222
ffb89b32b2d7d5831a9ed61d2c14c1fd,0.21710069444444444
d8dd18a07a0f646e63c269ea473b67e2,0.16692708333333334
e2b2abe293dd5d8ae2f59e636633ba92,0.3184895833333333
5765f377ab7e32e90bdf25239e0409e4,0.290625
2b40f981cc8699def2b8ec7421dac460,0.28072916666666664
5ca5bd60505c1df4e6fe5f84a6f32b68,0.22170138888888888
f627e1c4be8130a623569cda462c12c6,0.33524305555555556
8ac6cc56375e0a2531626fe55d0503cd,0.12465277777777778
9afb7ec8a57a77a5efcd931761aca73a,0.023697916666666666
c6a1e55e378c1d48fd9d7fda2bd2fa2d,0.4927951388888889
c7d14147439d1ac961d4b3d8be8f0feb,0.5001736111111111
c04f0599e670ab94f4e1d6827192f671,0.10425347222222223
51481df0cf44ac994ee525393b6f8e1f,0.16197916666666667
20fe040aa4fab4820c114328b94c6e21,0.08940972222222222
a75c99b7977e3d96dea9294bc52a2937,0.1486111111111111
e65d2383dc3fa1fd9d8b2b8249550255,0.4366319444444444
2b14072e8be9d6919adaf4d33ce07560,0.44756944444444446
fb711bfde0703e0ee77f5e3c6be2a409,0.1484375
bbf3d9014a3153521ee54a174be04805,0.12100694444444444
028feb71f62c15c54d61d5b78b8f7c9c,0.3421875
559c77da6d41c4541eacd228720d48b7,0.4970486111111111
ce96ed5b3d27605a3ea7de0533505c30,0.41423611111111114
f5f1ce4d0d50b02711e5428dd761e401,0.5164930555555556
36a39a4f4aa6c2a8b9c5ed9fe0db037b,0.6170138888888889
72eafaff9ef5ca17623e7ba8a2f79056,0.5135416666666667
54d06643aa76ce46158142828c824392,0.33975694444444443
f76431f72f2331b47668e12ec0ea88f1,0.41605902777777776
8d286e02949ebbbd9a4b5ecc390de811,0.5397569444444444
d03f7fb3e90825b859f337c0b42f05a0,0.48836805555555557
e6b128f4f1729fd29bddbbc85387ce0e,0.41605902777777776
c285daa7b7d711d831ca6f0cc0e20598,0.31927083333333334
4d85a9ede9eea90151348190e715db75,0.8138888888888889
aca287c19ca63103ebe1076476aa3e96,0.8862847222222222
eb425368350a7b58274a297a1b5d1829,0.4127604166666667
6d2abdad495f5eb9cd9b0d67bd5355a7,0.6230902777777778
dcbbf6dc6a707f7fd29aa614b4a22f76,0.9662326388888889
7efe18d1f2f796c9102da36c611ea71a,0.5567708333333333
f17bd1d48765a73d85fb520443e102e4,0.5109375
081415c17a6578d33daf871678b668a3,0.4699652777777778
2be9ba01f0c219e39f0111933a951010,0.5704861111111111
5b49c162d65df650b92954d66a1545a7,0.2154513888888889
9fe0ebb7715935faf50fa321488e36a3,0.49982638888888886
a9f54a15323144f07af8f1034584e6f1,0.7155381944444444
57f815cb4356f3d40d4287c2a983d540,0.43125
418d7a02cc9f5b718555003fa788d286,0.41953125
d7f534231088664ebe8279c57153f07e,0.1790798611111111
6c42c8de4fba352011596cd4c9100075,0.7972222222222223
5cac45c60d4872d400ee647edb762449,0.7155381944444444
42235ce12de96d541cc184703a607c95,0.5766493055555556
14846ddd92ed9e0d1e2ab9b9a77b69a9,0.8206597222222223
98f6fcd59aabb9223af80ed255a2fe54,0.7161458333333334
be4a5e9ba34e5864e627898fbd5ed95a,0.6915798611111111
b2f568efed8e62c1824819fa8db8079f,0.8206597222222223
18faa7b1ed35bf259bc6e239c2e86580,0.67265625
1826853f4bb32ef97311e3ef8024b709,0.0765625
dbf6822b6642be29ea7a7265abd9d679,0.4730034722222222
8e0c1f5670ade47b3a047081c32db09f,0.3756076388888889
b010fa69c2efe21f6d51b965498e6faf,0.35989583333333336
604d30303dc52c1841274a19d7d0eeb7,0.11145833333333334
9528e40569e788b07168428469e8c38c,0.14305555555555555
540463c66251dcdd9035edd92ebcaef4,0.05928819444444444
bb8e704a6104a2941c43ff7c2a51102b,0.021875
c1534345d357cbb8c3429ee8d0bf75c5,0.09869791666666666
64590ed2a2ba5d621c9428ca32d46edb,0.48428819444444443
8641026e9bf08855d26c2484a09983fb,0.4546875
843eac9edfc2fbb848517fa822284f07,0.04357638888888889
075c078cbca20ed1e7468c56915e7415,0.20998263888888888
b70b6962f140274544d1b78d12d3dc28,0.26953125
e7798c47b6a9d891076b52530ac84f5d,0.15043402777777778
a6b7f1f55bac93f2f7103098c9efb5db,0.21388888888888888
a3469ce31a2e7b6dd5f432cc590df891,0.048177083333333336
2818db69f21facf630519f9decad52f5,0.42586805555555557
01f9f4423f26669efea20318f19d7a88,0.45390625
f09e4dde8ad1063d61b634843c50d7d6,0.46145833333333336
bb8b8652dd22d4c11695aecedb36a068,0.43038194444444444
b52f0b30d32e66ac44f20d9db1eab368,0.6473958333333333
9a92716600a7ebdfa7c6a9f053124aa5,0.3841145833333333
1953b00b88c1acd3795a0bf5f434ee39,0.20963541666666666
2847b4548e57fedb21f46458f1dca45e,0.8500868055555556
54a0afef3cbe2e8c1921e814cb382677,0.8919270833333334
36a8e85dcee687f715ab94cd81cd8117,0.6654513888888889
b20578fc5d8e1ae219016896e03819f9,0.2941840277777778
1b7cb53f5e79095b99b0cb93a4b37f56,0.7932291666666667
891d9ea6cb99f5f47cc12eb170976bef,0.7433159722222222
4ce80292da177caffba738d4e43edf1a,0.8972222222222223
40030bf7b032991fb52283d88cf731e6,0.9208333333333333
4486c9e1863f3040df019bd707660e19,0.9793402777777778
2e5383fd17ff1fae2973833568ef02ed,0.9434027777777778
3d67d20ee3f04ae3b27705d383e9ef9f,0.6907986111111111
db826e41256ce7f87a090ecf72341201,0.9017361111111111
fdfb7b8b970a6eaf27cbc3cfd9904c6d,0.3762152777777778
4e6fd868d56fe10fc0cf4680b5bb702f,0.4956597222222222
fbc72a2171af566626af4f63cf8b6857,0.2756076388888889
c4b5bb73c123d3104fb6861a6d0f9587,0.18350694444444443
ebb3a08090eadf4d97d49095d9a86006,0.11796875
6e815a888bfd53dfe6a84b0ef88f570d,0.055815972222222225
c8cbe1a7a1fee78f72d90a04c8c5ff21,0.44366319444444446
e2c79329e6fe83cb0701069282923d0f,0.16163194444444445
a1efeca4783bf2b04535959c480dd02f,0.26319444444444445
ad5f12ffa0bc32bea7d1e541385b25e3,0.42899305555555556
215b443fbb4f6c12840862197fee5a3b,0.30416666666666664
605346762700cb8b169ee026f6707d7d,0.31666666666666665
220e5353abfa84f32ebdfe05f705f1a9,0.06388888888888888
7f6ef02d351ffd35a39d9612b63a8bfb,0.19375
a27c1d1ed625a3e84ff45bf4bbaeca04,0.1896701388888889
54cb252f98d46c17b3142840d6c5fcc7,0.5439236111111111
f508711074ca70a72bd1bcea0f017d86,0.1896701388888889
8c7a8df1af116dd193c0655f8ff31289,0.16302083333333334
68dac2a3fb58e1fa830cd9b0610d8c7e,0.9104166666666667
5c3e30023cbe8fc4d7af81cdeacb9306,0.8907118055555555
b09bae43cc562a1c14ddb2deb6e40894,0.9805555555555555
344d9615e31e3b866fd72742246018d9,0.9688368055555555
46302ad3af7e865965905b262fba0d9e,0.5951388888888889
ae3bbf49e4c3d30cae8e1e234add6e29,0.9925347222222223
41b131562ed049ced0668172d99976e2,0.8720486111111111
a33a9654c00628fba692f050a06781cf,0.9392361111111112
b775c6255b24af88b548d611fdcdc4cd,0.9597222222222223
c220f3e72180cee99a4b9107ebc8ee99,0.8614583333333333
7a2ea85796191a4a97106b5078c1dc96,0.8543402777777778
3a6ff991e63a01c92945d7d1bfeb578a,0.8894097222222223
cd4fed75aafb121aaa2bac4744f9aef5,0.3602430555555556
f4fed9cdc6bcf22cb321353378b44635,0.5624131944444445
bab324b928aed5500a59c3bba17ff47b,0.7143229166666667
aafc25aeb03991017417939cb9c6fa2f,0.5624131944444445
38645e558aa2f3064653f64e1f54a2a8,0.78828125
06fd0184826c36700c34242f3b3be308,0.5948784722222222
c48bd75f57138754eda0defd834322b4,0.5902777777777778
98ed1a4897b34151a05f10aa81a6369d,0.1032986111111111
8aa3d5778ae844194e88080cd18810eb,0.8769097222222222
2a0a7b0b7915ca56ca04eee06fa7135f,0.5659722222222222
69303622e5ca206916769f856928883c,0.16631944444444444
9c4189763f2285a0435bec3c3dc785f7,0.40260416666666665
89210620fa2d6ff3f12180ed8da0b53c,0.03350694444444444
3418616505d5643bd62b0d9eeab90e3b,0.15347222222222223
e8313a83051b25e3602061f84b5cf971,0.01579861111111111
359cc5db8e8d5bb3f8ac9161154b2795,0.8128472222222223
03bd9a22354a9b62dbade130386cc46c,0.20885416666666667
45fc3ac95bdb06c08bf6f895030bcad1,0.4074652777777778
1bbec15833fb3247cccb89bceeb3731c,0.9305555555555556
1485ddea9ac21e8d47503112332080e5,0.9270833333333334
d33edaa5d024c2bef3547e33c800fd6c,0.8699652777777778
cde229a54de39f21ed45d2908e9b1511,0.9842013888888889
18a820f9832c96705bc640fdab61d2f5,0.8899305555555556
1917eedbdbe5f9833b0cbae1212f20ae,0.9583333333333334
380b7ad803af43e7a3ddc5091768f180,0.028993055555555557
36d4710f13a42c9a957cbbf69a533561,0.3746527777777778
9e7a5d3735782f306b29cefe9e4936d0,0.28324652777777776
f4a7ca79eb982f7d6bc1178f78549e5f,0.19522569444444443
cb00f7c7de2b3a3e12c1a972e17388f6,0.5098090277777778
b02ec44cd7ebe11cbffd347f1df5fa85,0.37335069444444446
f87550f64b71e63025610f8e4e37fcdf,0.4392361111111111
06997cb6dc92c796eef2a5b2a3184fbe,0.7644097222222223
89d4970c00ce5c07596495dbbb5c90aa,0.23142361111111112
3a5a59f0a1d8a808a91ee249db21e4fb,0.41180555555555554
66c522d5553d90a22c4d9eff01b622d6,0.4230902777777778
bd73752cd09a470aea26398292f051cc,0.3451388888888889
4ce18bddd78ad8a884270add7828ad30,0.9845486111111111
c20547962bf94d95585a3f4287441fd8,0.9986111111111111
5ab90d0e5f9fb0cadec8b507fe87882f,0.9244791666666666
9059d39cf15c8a3f96a87445884bd026,0.9944444444444445
6e56339d2aba5a67e75c1612b01a04e0,0.9527777777777777
280f75a6d74e0dcaed2dc24782409ded,0.9532986111111111
0dfea6de5450de8e7db0fbe2315c264a,0.13194444444444445
b4822b3b396f9afc95fca5b1365e0cae,0.049305555555555554
52dab6fb386cee0022c60b7707944839,0.04114583333333333
c251236dee5354edfa23ad3ba6811af3,0.0015625
cdef5c1a869e9aa80c3ed8228b448e9c,0.31024305555555554
8fdd64d92155411c3696f115999d0566,0.11440972222222222
d32abc91235428979bf285089defc174,0.018055555555555554
f4c5472e2a597034be8b7edbd6d237df,0.7138020833333333
32cee4b6e824a1ea045384e172f45ab5,0.4874131944444444
c1962c357c4ddae46471296d9acdf9f8,0.6677083333333333
6ce2521764dc6e9a29ed3aa81b234295,0.44809027777777777
e5e62eeaf127108044e1b2dc24e63d5b,0.08967013888888889
a40a910c0752630ef13efd43e145d2f6,0.6482638888888889
94c8436df7a7605efdc1247d4fd89f75,0.2730902777777778
6e8dd743d760fb1b6c0ced1c21bbab49,0.171875
7c8d75974cad5a513b83b0d30c6a36ca,0.13055555555555556
23caccc0796fa4bbb7ff3c2de2220022,0.3609375
13e6ae9f24f641b6448a281cded0a7c2,0.4927951388888889
ab14d670952131ec375d57f034822e56,0.30972222222222223
638d23b42557bcef7e9d4d1432481b95,0.4329861111111111
766f4652d999cb969e484fb719b34296,0.13272569444444443
2982f18bcf037fa1efd07170a64a1440,0.209375
cb1182e1e4b4322c802c7457d926c9f0,0.13272569444444443
cbb40aa29d4ec287a3d7a5f1121c848d,0.029861111111111113
e765cb06482248c78bbf09b2cbb0448c,0.6832465277777777
a8c918eb06ec6e5c3b2feeb40a5e89db,0.5998263888888888
c6983205208920f217e44f5f1427c202,0.15520833333333334
d37c9df45c8a20d7b57a17428140fa08,0.6788194444444444
12fc758461c217803fa8136e81d80ac0,0.6832465277777777
3771b13d44b7c601ad873525d994b4ce,0.6100694444444444
fd7bcde886623e68bbee52c5d4b95dab,0.5182291666666666
a4b7fb2bf91f5ff83fe8cdeb54105368,0.9780381944444444
1e61cd6e7a2c5d12075bfa8647e92ad5,0.6740451388888888
0e2a8ba9c7cce298f509d1fc793d9091,0.5532118055555556
47f6989cff9444943511c522090dd8fc,0.6285590277777777
2314a2b4796e60243206146a211d77d2,0.8076388888888889
d723eb48356eafb835f36bb400b14b1c,0.84375
d75e2a4be24680e912c5f28bbd9033cc,0.28680555555555554
cf2a79a63464bfa6e01c1bdaa4bc360f,0.3043402777777778
267076bf5394eb871516caf5a766c82b,0.23645833333333333
a82c5a51a49564647d680238b49a62b0,0.6032986111111112
221291ee83a209ca77a11d76489594a6,0.35208333333333336
d564835af114b070f9860cb1863a585d,0.39045138888888886
15e085717060d997bde8f1326e9aed80,0.3876736111111111
78f976a3156ac69a99d88a8cbf5aacba,0.4852430555555556
10a18ae83fff25c340a094c41e3f9a76,0.284375
aa0f8774a052f46c055f00a39d6ba7a9,0.271875
e4c8a33d57de43eaeeddd94bbb478ef7,0.28072916666666664
9061006998508fa712b2c874fe6400c5,0.021006944444444446
c331a86cb9f148ed48d4878403411ac1,0.008680555555555556
613cf864d0cfebfccae8e587238959b9,0.02048611111111111
5e31b16673d074d0164d89ab5381d7ae,0.346875
cb5294afdbf6c9eb60603d0cc89e98c3,0.022222222222222223
95a1b749cfb6350a204cf52695419e53,0.049479166666666664
2ce3b7234d31e98606ec271f72c95c58,0.5645833333333333
7cc14e3029cf3431e8ac0706ffc751c4,0.6753472222222222
20de378e016a0527a0f467a9a230d6b2,0.6855902777777778
2e78b762e8014fda513a96a11e41e33b,0.33315972222222223
0e9de4455aad7a7e62f9117199ffd910,0.058159722222222224
620837918754b6c0bda33805ab43ee9b,0.6217013888888889
1265b956dfc5223344d20e7616c1e066,0.1753472222222222
488fe8e7084b7aab46a36cb05f1a74c5,0.5166666666666667
257a619390312464a4b46a2bcdb09542,0.40963541666666664
a6bbebfe25dd0bdfbd3f73dce1f7a877,0.12144097222222222
5319b8afa67cdc2e2c0550cea6dbefe5,0.2568576388888889
dc9f428c47adb739932a60bf068be71a,0.5217013888888888
1a8b070a0c471c7813d4f8880ba1f6a1,0.8221354166666667
78db993da0a5c4d49521e4718de68835,0.8752604166666667
aebaf9badfeac6337c189960aa3ad089,0.6703125
80875126c1c94a3c9115241822e21c8c,0.5743055555555555
4e5868cea2466c7b3e3443fbd62e233e,0.7467013888888889
ddc1a8dc54f2ac3649e3ac56c6090441,0.5118055555555555
92260b52785c9700d651a6811cf8e4e4,0.3590277777777778
aaf2e973fa60fb06177e1e309d156081,0.44644097222222223
8044945a95e42ae4ea02f4373f220a6d,0.05269097222222222
e40ab613a6b301cac1d77866a85be497,0.04791666666666667
027c862cc560fb79833849ffb0f23b32,0.05269097222222222
8f3dbd9914160594f3ecb26adf869841,0.09626736111111112
81aec2a315b6bc529cc0dc3fc562755e,0.9727430555555555
1021679f08179e524e7c27356d490365,0.7785590277777777
4ca53dc8fa7fb081df781761141a6216,0.9174479166666667
4036ebb3a73f82984a1215d9cfe91553,0.9959201388888889
8f29715f462b833c6b8db7f2fe9d4798,0.45034722222222223
220e18bf9cefe48ca848e3db4a9fc91b,0.6109375
0812b4ad6b27b66cf79eaa70b3a2e63a,0.6493055555555556
abe6247a70fc418e0a9ef8231819d4f9,0.36640625
5c3d70f26b7d8bab05293a8eca9822c3,0.06111111111111111
086519a76669ed56e07615ca6f2d7932,0.19053819444444445
925c06bbbb69431b53fa85b0efe2f524,0.3607638888888889
5a3820b2149f1c1f15a138073f03be11,0.2013888888888889
65f3a208be2695173f59c7245ed8b3ab,0.6923611111111111
595600113cc19c9ea44ed599ccf6b965,0.29583333333333334
8a58cd2c03d74b6fff1ae94512e54b95,0.0022569444444444442
aa68fc49ccc7b92bc62af1cbbaf87e91,0.29583333333333334
798700a6112e949c142198469114a978,0.05486111111111111
3c201349456c48f4ba0d65acc40d70ec,0.2769097222222222
c791e763894a19388758523bc63ddcbb,0.48802083333333335
8c84a0fdbf2ac8b780a0bdd43acbfb60,0.75703125
84b3147cb588f6c1cd42a3f7b27546d4,0.36553819444444446
e82e6a1b62dd8f6ade83bd90b90058ce,0.38125
de598024e551d4146c1f3e6b5bb2a280,0.20850694444444445
1155780780584def74ba51b9dd71c135,0.6928819444444444
8968ea8b4e59cce609405593c57d190f,0.36788194444444444
d4366f73c35e76a2cf9530b4cffe7b3b,0.6609375
48a7f33b13445bee2d14967080ce8960,0.38602430555555556
3c55395f4fc2bc35aa34f9ec6996a989,0.3385416666666667
d3053c41d4b97f5a58a0756746c1179a,0.3055555555555556
b93f6cb3cf5f73d07f433c4d2469257d,0.14184027777777777
6ebbf6ba104fa9ae4507081a2db6ee86,0.033854166666666664
17bf09c739e25285e46bd51277381b82,0.43515625
57a0d9d8275716a0146c72203fb629a9,0.08663194444444444
d36d929cf1e9cdb12788f1f5f76eac2b,0.03854166666666667
d1ca691f048911fbcdfe6a9b9f618288,0.14704861111111112
7973dd6a2c11e085e9145a3d78496056,0.17118055555555556
16522283dd6a20e1ef650ac1240c409c,0.6307291666666667
8b020e1bba0606a93fbd995357470b4f,0.5221354166666666
c3513947bde3d9663b49de352dcdc4c7,0.5360243055555556
a4220a7e6df03039816fd52b3bd6245f,0.5236111111111111
03b93fa81ff463cdee830519dcaa66f6,0.30538194444444444
3a34b6eff5ec525c5fb883c7ef450c32,0.5525173611111112
faf4a9e9e42a74b157bb79cbf598c95c,0.49635416666666665
0a8f62379157e1cb491e6225753a70f8,0.9473958333333333
75dbcf4b8c9b0f6598e982f71485f7a3,0.6962673611111111
eb1b518f0551bd8e5529524d9e203f54,0.7114583333333333
a793fb4b26da72166ae2d5633ecaeda4,0.7208333333333333
f15aee11f40148b72144841892d22a83,0.5303819444444444
c3c6044a0f48c68a7d4bdff779b92631,0.12690972222222222
fb9a15e6995f46fae85af5a8ba9f45fd,0.36614583333333334
e7be50c91390ed598c9dbe8a6a612121,0.27630208333333334
d3cc600f46cd7114e34e259ae9990cf1,0.6769097222222222
435f16b3737a67e98908207ee93791da,0.5965277777777778
4868d1632a1eec4c48ab68930494b2d1,0.042708333333333334
27d26e09eb2b30dd6f5924ca104ec619,0.9455729166666667
0bb822845187dedf4f63cea8b26478d9,0.9534722222222223
6747b3cdb07d3506b7bdf43f90a7a6cf,0.5673611111111111
06b02ebc232bc39d305be358d745da06,0.7720486111111111
b7ff5d9db937a0504f4dc96b4d035793,0.9658854166666667
80a596b9104552844c74d6afe1a0d12b,0.8901041666666667
64aec8114a7c4597807e31969f4118b8,0.05607638888888889
f390ca65494308d30116c4623e5b2712,0.16319444444444445
885404480c2319643a721fc91e4857a7,0.10590277777777778
1574a0a01844f2aed366d94b23337126,0.6282986111111111
e8492b8f92d6356e35bbd97017994a35,0.17222222222222222
fa2c7ae23e83fb7a66e556c416f0c238,0.34131944444444445
d8d8893e5ebea3fc535dd6276d79e50d,0.5806423611111111
60615068066ea0e7293bf03175dfea2d,0.46328125
5f080fd2b6ee0c04e9a5eb986c00a8e8,0.3966145833333333
a85be5f4baa879797f812c6154be3b76,0.4818576388888889
6da213f2c618707dd50c840e57e99118,0.6020833333333333
88c453628289c4f73ee6e4bc5fcf7ff0,0.5854166666666667
6798fe8b951c4afdc1813b2689bd1f12,0.9670138888888888
822eba4acfa514ac0b689878c74f0b39,0.7958333333333333
b21419811df8698cf6304a43ce3c2276,0.8657986111111111
ecdc3adfe6df797c94ec88ad7265dcb4,0.5717881944444444
2d4e09d5ac9902b7ed39e7645b17d02c,0.8171875
32ab0351117700fa31056e0dba6e35f7,0.7611111111111111
016e9374803aecb00a5860ffa20ff1eb,0.9980034722222222
56b036c5d119c581406addd3bdc4539d,0.9975694444444444
d48571abc40fb9bc07a9f2d9db737564,0.9529513888888889
07650fea62c592ac14e8374986a8e217,0.9962673611111111
ebff6c1dfc21fa2560d88b7861a314aa,0.96328125
b5b38b0f06c0a6b93ecc6249ef11f845,0.8635416666666667
2c629137eceff2975354916838fcb9b6,0.17803819444444444
9c3387787e653f742a658bb9edd44506,0.17803819444444444
53e7b767d93bb57857194e55c513b35a,0.48428819444444443
b8ffe9a50d4c85a3a9f4bd84e2d4d2a9,0.47942708333333334
5452614729e9b603533b4fe2b50c61a3,0.2671875
a163949e05af5c0707f5e8ad8b9405e7,0.26197916666666665
137e471946beabedd4cd3a91dce47464,0.07256944444444445
12e51cfbbd2e7a3ab655f2c98227f102,0.3184895833333333
d5ae198b5b90b786b19314aab89f5288,0.07456597222222222
ade74da34dd2a92e808c6a842ac39619,0.3268229166666667
f577b9747135ab941a0961d5e0346180,0.42039930555555555
0547e757b9721a8c78e71dd6e5524cb0,0.6634548611111111
69c10cd20fdae6c9d221b7145722ad0e,0.121875
dee0937c26df47ed277b0d2503fba695,0.13463541666666667
1eddb7586bc9c875988799abc45d056c,0.3876736111111111
702befac944b95bb8080896a1ef28ac8,0.13003472222222223
38934f95fb3fd9fcf4262818c4aca5c6,0.029861111111111113
91dad42ba5ef0af566e9a43989c2e247,0.27534722222222224
8693f1f08b82ddc137ba99786553e20c,0.08385416666666666
71b108b15c091dc749ee27f0277181e5,0.16067708333333333
41b5256b66c086311da7334f07c7e2d7,0.13038194444444445
99964e0cfc007f087da61c8018d43cb5,0.13984375
fbbedd3596f8fefcd5296e4eb7ebe2e0,0.3390625
98b3b4cca8923f72a5cba4fac988405c,0.30572916666666666
07fa838a43e56298381b8b0efc8c7327,0.8338541666666667
3afd5d588526032883fb4d718971108a,0.8973958333333333
bc344ab00d7d57e8c7dd38a1ab4c8ff0,0.5699652777777777
107a75b8c291f636694c27c2a8d29b63,0.7575520833333333
5e65ab6866fd64bba8a55f26df7d44d9,0.6182291666666667
97e36a5dcd8bc60dc82b8cdd7216516e,0.9572916666666667
a82efa6f6297c61fbab25f8f17406514,0.5967881944444444
fdb6dbea9e439a66289998dbc8178842,0.8359375
dbc73137fedcd49837df386f61876183,0.3780381944444444
f62078973484475539e76ee116bbc229,0.4818576388888889
19a83939dde3c50849d7fc29e2803d61,0.67265625
bf756c713f257c0e6ae0f242f0697ea5,0.6076388888888888
7c55567983d248919b7b57b6a363ef80,0.3067708333333333
9dec05a7687c61596f08cd13a00a607b,0.7032986111111111
b74b9886960fb3d6d68968d545bb60dc,0.7059027777777778
3574956aeefa375b923b6c39513ed441,0.21927083333333333
777d14b13e390f781f9143372f3b2700,0.7388020833333333
afef6de88b0071279741837a5e123bd3,0.9229166666666667
2df387a471178bcd6ecbf7aab6deffcf,0.41875
7070e39939846846af1ac8148b99aff8,0.8090277777777778
8c4ea8d64e41d37d4d7f03098710bf8d,0.6815972222222222
b5671f5e2eb4011c318c2af17a9c6ab5,0.8356770833333333
6d0359a198f4f1b6604eb406b152a7ff,0.7694444444444445
6ed26cdf9f175dc6af15203ec8a3b5a2,0.5881944444444445
ff711804ea794ec31fe8c4d229df4e17,0.9165798611111111
6d9727596a17d60ff85f035fa9e1807e,0.9418402777777778
4e17bf489a00a2f94f22424679d5f56f,0.8746527777777777
a2596af32ac574eea4ebc79100d5b430,0.9140625
ef05640f535541feabf7f837a9f38f13,0.9197916666666667
be7f47edfe243d2d38f54eb72cb04e25,0.9567708333333333
a4ff71a656eb26ee2ac80fa6c9e284e0,0.9786458333333333
3ba57ca67679ec83168cb8035a584b3f,0.7847222222222222
22e8c36ce8c54f9eb902b58704ec45f9,0.6578993055555555
51393c0af57597f3784da03089f03fbe,0.8336805555555555
1c554a1462e5759b969009fd3b4cc2b9,0.8125
24ed949a655b86d31fd6ec76737b02a0,0.8987847222222223
4699851701d845be12d0866e6612e4ee,0.5033854166666667
17769c328a0a9a0a47925f99e54814e2,0.49930555555555556
102ea2765a36b1fc5cbbc93c8cf6bb0f,0.8645833333333334
7a7cb54d6b6a4e51dc585b586464002b,0.5612847222222223
8c9f5303cad7ba56c325d87b9d79c53f,0.5762152777777778
f73128418fa317659b25783650e1b7cb,0.7519097222222222
c6fb4e3a9802d4ca930364c497c9dffc,0.10347222222222222
40ee62b7ca78f9fad8b01d5006961286,0.1996527777777778
66a0a3b3f49e8c2ec801dc5365ebf24f,0.09739583333333333
ced6d6e0d62c0c4b3d683b940cafb5f7,0.8661458333333333
715964df0a5319b62a0877a6309badac,0.09869791666666666
1278fe75ef341baeabca0b09aa5cc091,0.11527777777777778
cc5f3f59e9f54fb040af24ec41a96e7d,0.5376736111111111
22e8ed43f952ae806b7434a93bb9b333,0.3234375
aa29add9df66484ab73508c4a858a85e,0.3651041666666667
569271773286d6efad132ab7e7fd5535,0.4048611111111111
a234fa29a2140237c373eab3f15c75b7,0.6515625
5c0709e82d78f88314475ab983068205,0.23055555555555557
23db19d94d4ba1fd9548a100f4a15688,0.5360243055555556
9b95c76c9b8bd99139a974d67cfa48b9,0.7895833333333333
5564019f4b09c50517eb61d1d2e81a43,0.784375
fef2786857218af1a3ef0d29f107d8f9,0.8879340277777777
041cf3565d6c85f3a712fbd9e5c00485,0.43854166666666666
575a1c2e4194f9e18594b092ffa5ffee,0.7764756944444444
2e1ccad047e41ee94e972676f52c73c7,0.035416666666666666
999da35ec1d0dc4614ea3251dd660bf5,0.015364583333333333
f1bb16695bd04e3fb86b3fc1656c23d0,0.08428819444444445
4d3c3cc6e1ed71f992df00056eb619b6,0.06085069444444444
6c868b151d5faf0ed04376720ac77c8e,0.04505208333333333
54e6a3fe0fc20c72718ddd432de68655,0.005902777777777778
429e262b48e09504b668fa370719e99b,0.7572916666666667
c9e81c5c1c9fe151090a6e56655f42b4,0.6591145833333333
6a2ad8f6b9e4530090f15e3361c38afe,0.8317708333333333
a51393381c19ae4cf56d26af494887fa,0.9095486111111111
dff5c1f6bad2fa2cb9be345a4ffc10cf,0.9651041666666667
044cb39aaf1c14b7c29465b989576d48,0.3380208333333333
2c26e84b18a3ef7cc9a398c3e569393a,0.8430555555555556
cae7d10a9604cf3403ed47f544e722c2,0.7177951388888889
c2e807e179c5bfb10bf7078a1075832e,0.5703125
0654ae41781caf9fb18a98acdb2f948e,0.9258680555555555
65d93089c27427976d90e199042587f8,0.9921875
6eec477c91572b3782bd92179aeedd1d,0.7402777777777778
9baaf2826e5dfd3c05bfb58e8461e74b,0.7305555555555555
48c0123b3ae9e72acee7b05aeeae9239,0.653125
a4e154b969c6f4b9f5e26e4e8693c59b,0.3585069444444444
f75a4f87efd35669aa71ffd6f7ac50fe,0.8319444444444445
bef923b918311d363efb07e9b169f028,0.8475694444444445
6ead37b9bd7e1604685582dcfe652969,0.6111111111111112
0dfec640898af712a82cde84b208dea3,0.5425347222222222
7a6411facfb43765d418568eee249a06,0.35321180555555554
8caaa92016854b6b2915f327898b592b,0.5298611111111111
01a2e6ead96d374168f503aa110ccbe7,0.1762152777777778
722c0b8ee5db5dfff1651ab74a300648,0.27413194444444444
e58709fe86322be3e565587e52e4a323,0.2529513888888889
78023f1c93acac5bff4fa250fc0059b5,0.2993923611111111
0b5f64f553773174e28149922edf226b,0.42204861111111114
0d8610f7b9161cbbb7883fce4047e236,0.5842013888888888
1b69bf417363299c12dc12c0d5c2f4e8,0.6641493055555555
48e6335d9e71336a40e3f5e0da258d3b,0.8005208333333333
3e1f1d286b02bf6527647f124717b5e8,0.2993923611111111
bd815b787d5f1eb8ad9f3d071b859e9d,0.7640625
1135fc696daec532ce196eaa18831433,0.8872395833333333
99db1451429683be35b4ebc220d0f16f,0.5052083333333334
5a430bac5482d59423a752c349899102,0.3770833333333333
cc3a757a5c5110e5b1a51f2ecfabd46f,0.7486979166666666
bb8ec5145398d3c9aff0c8614bcff7cf,0.7756944444444445
e8fbf062d17c0bf78a5f64a3e97f240d,0.28923611111111114
d965e27d7a280c8881193762aa11af74,0.2651909722222222
19327568d4e3e10cec942bf66a3157a1,0.034895833333333334
781f3408f2b37cd16faac52342934d57,0.10503472222222222
516a9996f4f63a76e2db340644cc2bb1,0.014756944444444444
59d62e289f5cb63b75210f0819e351d9,0.012152777777777778
f1903f15b151065400905bb6c83d44d0,0.9838541666666667
ef19ae01cd3f1ee9152cf25985b2c3ca,0.9819444444444444
34e7801397b3c0488341c1fd999babfc,0.9934027777777777
a8f79d90e60104537dfbbbae9156b177,0.7274305555555556
28a01de4a10e771721907820f2853713,0.9630208333333333
2199c10443391b341c178e21805806e5,0.9469618055555555
e808dad7f6a7ddbc23a87bb510e3e4d7,0.7789930555555555
91fba24a5d643c00e3d73d243a2f47bd,0.2821180555555556
bba1d3db527bf41aa04cfaa8ad37cec8,0.6730902777777777
9972f639a37eaab46f9ac6092165052a,0.12300347222222222
bc8a6c7f48ccb349be50646a2de97694,0.19522569444444443
d32d1c5bb4bd5aef86c3666aedc726d1,0.4831597222222222
1b03728334dea7fa24058019f56b81a4,0.37447916666666664
43cb053d2dcb99fdd4a84c822399886d,0.05416666666666667
acc3c56a5292bc706aef4d3714da8c60,0.6263888888888889
76077625ab84836599dc64369456d57e,0.3394097222222222
aafd057f2649b6102834d2caa19f0c2b,0.39618055555555554
54f4137c11b09f27ff9a32d4a72591ae,0.3003472222222222
8d170fba25f97a498669ff5f2d505ebc,0.05364583333333333
fce0a1aa1762da1cc810e481a917d904,0.15225694444444443
12adfea3adc47377ebbe24c382ba6433,0.4666666666666667
fef2feace7c6fcf808cddd6ce5b73da8,0.17743055555555556
d856f774f311226d578c4899b5f39af7,0.3940972222222222
1355c18ca09b38cee0f5cc20d081a980,0.1015625
e069759957dde39393fa5f7d525639c7,0.06267361111111111
1b80c0bc89eae15a5f9f72438b4f5674,0.18220486111111112
f1ba8c249e3d55c6c2746825f1039eaa,0.3587673611111111
a398b60b0bfee63ac2e5f77954f50561,0.18697916666666667
84f06f27012edf9ff05b251e1d36e24f,0.12465277777777778
4e4b587da69a028ca1b1cc1f8737185e,0.3485243055555556
64ef54bf99b6200cd17ba55c0972a2fe,0.10208333333333333
afb680e15ccf1c531b525febd74e8d4b,0.43776041666666665
b7a9713973cc709cbde3f03c5eae3a06,0.6494791666666667
2ead52c190246ecdee938824843ff8c7,0.36640625
80ee3aaa76fc7dd4ac31e7ab9b1debb7,0.4630208333333333
8ff48da929496b5a79d534cf21e3697f,0.5857638888888889
35c11bf4239be46079558248cbb8dc16,0.20625
f73708f0415dbb3ee508204b284ce6ab,0.4878472222222222
4f6212772089c7683f5630ba4e01d84e,0.49227430555555557
efbbbade88365901e3c088565cb83d22,0.42039930555555555
052b8a53158a6227fbceecf30aba4c89,0.11684027777777778
e5a8a8c0ad7d7de492283e9766f84065,0.029861111111111113
4fd40e77f55fea98714cabf60433e665,0.4395833333333333
b979c9d8f69e82988784339a6276bd1d,0.7164930555555555
6f4f6fef6386dfdb8f21a72ae2886bfa,0.7302951388888889
5d0b8c40ec80fc8b94e43630ed03e8c4,0.5641493055555555
57d852d89ccf9adc42458f08f3bee7bb,0.46649305555555554
5eadd9ae7b79ba8aa6f15dbbce929685,0.4600694444444444
f6d488a5e60eafd978b2dac29e27ea3d,0.43897569444444445
88f2e29a62b102e5af1a99dc87e08722,0.46076388888888886
c7c381be8fd2d0b04b1896a25774d858,0.3546006944444444
fed2cdea007dd32ee0d43a3aa0b68e65,0.09670138888888889
58f28f6c47a01235e273f1754227e982,0.5439236111111111
e1e44d148a4ec0540cd67744ca33fead,0.1798611111111111
e4ddffca6a5400b83901499524871d61,0.06987847222222222
356c7a5ff34afb5ca9aa11ec855b6196,0.7819444444444444
229c522ccd9969b1ca90073fa4cdbadf,0.2560763888888889
d4b8f2e474d33b145f42c1e887622187,0.2748263888888889
c0ed69662026b5261b356fdf8a817cfc,0.5112847222222222
bdbddd875cd6792cc97e08fce20d48fe,0.23203125
978a4564673856a8604b4ee8a1969d92,0.6588541666666666
20283f2e7656d5ea57f7dbe5b3800ce2,0.7368055555555556
0fae151172fa2e47da7f85e016b1a7b2,0.7190972222222223
068e3f17f4ed62e1009077e6b18fd7bb,0.7311631944444444
438b0444c2d83159a495412c00dfd117,0.5269097222222222
156c8778ef245409f4ae6b5df4f42e88,0.5772569444444444
0b57a1902fd0b3318efacb416c245a13,0.4939236111111111
43c5fdbacdc2b9892647401e64228ac7,0.8770833333333333
d2506e4df816e1c69495766e2e642d89,0.5506076388888889
e374c18cb805fec378911284990f173b,0.8018229166666667
f208b80170817592257aa25a359830eb,0.66015625
514dd78aa8ab861c53ac52b9ea6e363f,0.8630208333333333
2fb9df1e096a48e9d31ffdc16764016a,0.9058159722222222
fcf3465d5af0830058d775f3f7465ec1,0.45677083333333335
4bed1551cd56c98c6bd93b54d3987cf2,0.7057291666666666
c07eb4eb86633791204a090085281fca,0.1517361111111111
133df81c05d8b93018d4318ea8c8f81c,0.5796875
28fc8cdd1f4cabfa2dfef6d05a971b9d,0.5229166666666667
571688a963183a62178cba1252620299,0.8715277777777778
716a036b5dc39de7e5b8a3a3de3af168,0.5745659722222223
1fda551907db35099ece05609487ce92,0.6447048611111111
9cb26f5de650a2e9527d09211e07a7e9,0.6447048611111111
f458859982e69259bfb3cf599ad3004a,0.43940972222222224
74255162625e15b564f5bd6103557293,0.7237847222222222
47743f9c705a26ea64c040b7acd194a5,0.8072916666666666
2f435cbcd87609a8d85823266bf8ef52,0.6682291666666667
bf21905cc78227634c348f4b3eb0076d,0.5770833333333333
0b69bf6a3391f7376001eda3a1e1a67d,0.8102430555555555
ec9222e3e1d0f179007ee6728cb0ccc5,0.7506076388888889
e809048bb4cbbfcbbcf787bfbc654494,0.7506076388888889
f189aa858891d945fdfbb2841d6e5aa1,0.9376736111111111
9354897c24858e953442724b997e1c3d,0.7410590277777778
f062c43537520eea93f4388163c3520b,0.8642361111111111
bb5c88d7d4db03a5f4b952303db9a04c,0.5582465277777777
18d72d06ed1c171bea76a81e4c7440cc,0.8722222222222222
d9bde67ab90ae979dc9a2f67063d5820,0.8595486111111111
0a76844688a053428f26f2acf5555810,0.2651909722222222
2944f1bbd331f785a114eba52aace9de,0.14809027777777778
1610a9b63808eb1372055726cdc40537,0.24131944444444445
657130b8b46bc9ada8bb5839ba7ee8b3,0.33758680555555554
17b497a581382c5cda34eb9be658663a,0.0954861111111111
64e4117a196b7cc6de596b50a5a333ea,0.259375
efa2607914244b443128674605d1b99f,0.8591145833333333
cca2250069985d9ebdc548156c4548c6,0.7198784722222222
d7dd5f2f12105935c20b0b1c52950204,0.8277777777777777
6c2a4381ced4db002a626594e6af68fe,0.7663194444444444
4cb4277e2d29b90bfcff040a94a161c1,0.7798611111111111
f42b63f9176ec69af09e67d5dc41aaeb,0.7640625
0a3a261b62820b6204a3c6806361cfef,0.43515625
50471c0c2977c98405f2a26c8ccea845,0.5722222222222222
32bc8f4ed3b7fc760107cfb0d18c058c,0.35833333333333334
cef470962e021c414bceed55dfedb3d6,0.2629340277777778
dedd5307c2800786ff68c829853bda77,0.7498263888888889
b305e9587cc08cfe4d927994fcb39688,0.48489583333333336
421b5e612362256ed9615dd80bd90d3c,0.8184027777777778
472229376aaafd5346cc51acf02e18ec,0.5043402777777778
15799d155abbb09f7b32e2070caf52ec,0.6697916666666667
cd22e21fe212fe372c0d6287e89ca95f,0.6127604166666667
72652d78d3981390527e91b0b9ecf56d,0.48237847222222224
ec22bbc0e9a461f1ab38569b60625a84,0.5260416666666666
82fc1bd2d8924940a52827a20be5d653,0.9287326388888889
61fb1a04e20f778b036ce8ad2b9a2439,0.8732638888888888
1fd7c7ba69b91b0d8b2cd51b5bb21805,0.8552951388888889
7cdfd611977f273315e611e6c4f88f32,0.7764756944444444
8f75f105b25d18eb7a4baa824773ab5c,0.9116319444444444
2204be246f1debb3e4371b4d0a1223fc,0.953125
c61a127674a5cba11d428dd7e695833e,0.10694444444444444
7878353ee253d39df837756b7be087a0,0.4056423611111111
7b088cf34d6324dcf40f1cf8ab57c2b1,0.071875
9192003bc58ddb3a2696c1d8e3cba444,0.40208333333333335
df1c5700b70b9533168abb955aebeea5,0.20086805555555556
03dd89b5a0214e514667f197ff7a8740,0.5921875
b84118d8895d8247acdfd0b75c923d11,0.18819444444444444
3842d986bd5fe4a493f9c096f5ee2b57,0.5171875
411cc9b9710f0291e6ae8bb6436a1f6e,0.19288194444444445
ee57aa538dc2132f963786756acba790,0.6199652777777778
1eef7aa0e2d55e89dd9539750f5aab75,0.38385416666666666
b0236e4e769339262da1ae22b9263d10,0.5039930555555555
1b58f6c7479da54a06159caa4a67cb68,0.38559027777777777
694e63e1807f9ce5caedbc7103940c27,0.6127604166666667
cf9c790bfc1a5146c2e2d0a0fcb93abe,0.4953125
238f165f52600ebf2eb37b8177b44efa,0.07578125
4684d7175c162587510bdba2ba675f12,0.5106770833333333
2b080988408579f3b5a2821fdfb9ace4,0.5785590277777778
80a3e57754a9cda8af42b28d512867a8,0.15390625
2417be935442acf9e7df2a9a1376150b,0.3515625
a4dd430ff31f70f9a878e752ac16927d,0.03463541666666667
60d685876b5e1ab919aacfe5b08f9266,0.19756944444444444
2c5884cbcb1049f782cdf95b365043de,0.10642361111111111
1b405a868adf78ad2201a317f8a1af15,0.33220486111111114
0ffd489a567bd0744aeff6aca59f97d6,0.46822916666666664
0ef835d5465ad46925bb83d1ced706b8,0.4627604166666667
72f1f87ec9cbb667fdab04efc82e9aa5,0.32005208333333335
e307d59aefab4ab4e0b911ebe70664dd,0.2375
5e977d929e665b7b0e0f8b008276a7c0,0.43385416666666665
7f6d7c273a9626121d1dc7072c5fc36b,0.14253472222222222
b2398dcc6624178547ed649fe63803f2,0.6303819444444444
135b1d7b75f9628c897849b8b9d11c9b,0.4782986111111111
1b4ffe87ab53bf313a4ed920269c0f01,0.9721354166666667
a49906f5648039e86a4e695c06ecbc66,0.6180555555555556
7fc7c869dbfe3ae1ac57437dcbe64fd1,0.6135416666666667
1a6c5d8aee989a0cc1258d360d263698,0.7956597222222223
187eea28b5e8a5460970d8d802ccc5fd,0.2859375
116b342bc623b735a3b79bb68983062b,0.37517361111111114
1490a3f7c2e3e5164043be03a04f31db,0.6666666666666666
bb6bf683dfeb432d22ab2f6e918b3a8d,0.4173611111111111
3159a3199885951114c15f8c2e73462c,0.5939236111111111
8f56d153da3fe5ec390a0162b00f76c5,0.9413194444444445
4c7f3e47d98f02b8973993042a4de997,0.2584201388888889
4931a0830300a92cd34a450f5ecd4558,0.0024305555555555556
41c0a3882b8215479b9ae1525e298d54,0.07621527777777778
14f3e8b43c07398f0761fa3d57bdb762,0.20451388888888888
5df7ee2a6f87589e0655c1817bd70db8,0.06449652777777778
1f88fe7978a6d5fc954b76b35e57fca9,0.3845486111111111
9ada455ef4685d2fa24010681221deab,0.8098958333333334
630c0008c0c152fc5eb4ba736a2821f4,0.9854166666666667
94a725725e86d7783ed41e82c12cab27,0.7446180555555556
9c4bef7f796ecb064ade74e2ded566be,0.8954861111111111
5f62e6efd0468494cdbe15eda213b019,0.9506944444444444
2b4eacfd929b0db400cc41fe59b4ff90,0.7938368055555556
5cb93c777b14ac4883bf82ef11d6c623,0.9546006944444444
46298fd8921236949c10c06ad4980743,0.9859375
9ecf25d0f4acff126af5c94f4f21520d,0.8706597222222222
1270e09ad9b8aae4b5679308b4baf06f,0.7698784722222223
6da305df15f3918dfebb34815f506c9d,0.8779513888888889
7142c2071e29cf267ec136cb38f7cc72,0.7029513888888889
645a1c88894b1bd8c7cefb27e22a0209,0.34713541666666664
39da264e2ca6160b01e9f8eb5cf3a42c,0.7285590277777778
bb9688ffdef87151624f447dadbda145,0.8277777777777777
15d2603a7f4796773ea8f93f65e3accb,0.9145833333333333
86e81b4cffec7a25e25ade7483a5de10,0.7798611111111111
54e14c30f9c1457ebf77e5c7653cc0b8,0.41779513888888886
4985dad579762c2aa22022afea05a7fc,0.09479166666666666
ddfb357a6b0f8c7fc7f055c27bae12cb,0.7744791666666667
aec218a78f61cf3c8ccb94859443c2e4,0.08368055555555555
650bc73b7d99662eb0dcc7e0b66ff3a1,0.0796875
49b94ec316e80ad2bf39e66f99178289,0.5280381944444444
57bbf89c75ee5a48dcf6bc4ab400d474,0.10138888888888889
c02de58c035745b4731ae55bb7012702,0.8616319444444445
3853c30c7b0d7776ca487a9edc6de8f3,0.6559027777777777
185877607d22436ae9a03fea469f1610,0.6098958333333333
eb4d34a7bc510220ab6bcf7b0c901218,0.8713541666666667
e05ffe94641030fbd903f9458be65d5f,0.9708333333333333
1d8a520480f398a069ab0d4ca4c5a1dc,0.5378472222222223
77434d344ca0281abdf16494161136ce,0.7192708333333333
dc9ac642f57a529da5bc5c38f8863019,0.2232638888888889
4dfa6d9e3727e9e01e3b8a80f5e2d5da,0.03177083333333333
82c8f6815d0d716c666827b7e02a5642,0.15243055555555557
40c497dd46718db479854898614c11de,0.06597222222222222
e00e3dd1a4e15e8d929a1d733b2911e1,0.4005208333333333
0078e1ef900bc1b260d6a089c7e97130,0.012847222222222222
bedec55754077ca65013353e276840f5,0.10486111111111111
4c413de3fcddd25c5343dae559484a76,0.05798611111111111
7955ecee272baf7b14ca211507518a99,0.08819444444444445
fad2e6f6cd314a12a30bcec32687c657,0.196875
e55fe8701a666e8fb2d283074145c3ad,0.27361111111111114
813a770d6126dc8420b8c3a2034d675f,0.47378472222222223
2ee453a4c3df16ac4f055f76bcc52a9c,0.9248263888888889
6f4869b72ff22632af4a3dd7b258d67a,0.7330729166666666
28c636aebf2f467f238cd07ddb63de62,0.7173611111111111
ebc466f225aa8d4f30e31948887402a9,0.728125
40aaebce1a24f194a1bf676750ac0bfa,0.8473958333333333
155e764b505b19b063abc97f0fd59164,0.13315972222222222
dbf2c63546c8a926682054c806133007,0.13880208333333333
909ac56238a7caa169d68d8b632540a9,0.3081597222222222
cb34b33e9cdd8f774b82d22b9fb6aae4,0.03107638888888889
46158eb740a411e2aef701ac33f591d0,0.14427083333333332
d49bf0bff2071022dd044519f8fb6055,0.13880208333333333
68853981bf08199485cb89cbdaceab1b,0.3681423611111111
0b8dc716a55bad715b21ce8996c1d6d2,0.4420138888888889
f57aff117d2fb7f34df52aefa63c41fb,0.1920138888888889
7c7df06e8df75025db5acd945982bb4e,0.3681423611111111
5414f523069ac32596cafa7a05cfa217,0.06987847222222222
a2c63663bdebae0e6cf685afb230f121,0.1203125
4d9816b26ca232de9c743f02e075aec9,0.32083333333333336
901584b0b316b78fe6a7064d889225ad,0.15147569444444445
cfcaf2b1c0477d07f5ea096c8bcccdcb,0.5485243055555555
6eba32cf5fb88bc2d8d60f6423867e6e,0.5416666666666666
db94e4a6dc701b5d1f0b8f959c69fb3b,0.859375
bb90e9d7d2d3f5ef09aab7cb1e096a46,0.15147569444444445
4070d562fa32c5ba89aefe28cb81556c,0.5345486111111111
c542cacf0145a41aed136c249b4a7268,0.7684027777777778
12ee431f9d92788efeb7b09b084d8ef6,0.7163194444444444
0c23ff0e5cc214af6e3084e33492d187,0.6050347222222222
4a6b2299e2826d8a9d3b45a568b57173,0.9892361111111111
735cfac653d668449c0fbd41a9ac3091,0.33090277777777777
5ba3ebfdbdd5f8e0555ff83b4fc5d49a,0.46432291666666664
5de44c837f7d9be77b7dfdda2767bdf4,0.26753472222222224
348a6c11ce6b3fa68aa00dc4b1bf54f6,0.06649305555555556
05c6fd3fdf56f6d9865707efba915a91,0.29583333333333334
73310aa3fc97844bec5c0f4427942f08,0.6894965277777778
0483bf1bc79a9c2a7514a3a8557fc2b9,0.39288194444444446
6fe3230c87eff84c2dbe1242f6ffa22a,0.28350694444444446
f0c159db4b9efb55d3f7b4b8dccc6dbb,0.25763888888888886
c101b88ad2276148d34bee18684dec61,0.5427083333333333
a93b5f7bebd18e21e5a6254e0804a013,0.07743055555555556
93258039726b970bd49b44336afc2d96,0.7907118055555555
85fb1ad8a46c243b583a5d7dfcaf04fc,0.33489583333333334
9d71f714b7c75b5a6a48d0fcda7c8300,0.8538194444444445
57f76c3b9c292061a12ef8aae0a948e4,0.7605902777777778
8aba2edda9eefe3c9eb6ff6138697a17,0.6866319444444444
cc7470b2ad0b15f34313ae7fd8c819d1,0.6
4650aaeaa5b69ac8fdd803035c6a4dfc,0.6772569444444444
9153092f77e0942438eeaf7801d6b7fa,0.621875
1da427a8504224c8d5caa9b4eed15dfa,0.5995659722222222
dac66c4b3483e60f221f19e5d474cf88,0.7449652777777778
e63094eaea91f24f3e94e7bb30e940f2,0.5838541666666667
bf83cd39e68ddc649d30117a16700607,0.5871527777777777
5f5e207c357ee99bf2400b8451b34eee,0.48715277777777777
d96f9c00a55f5bed4b3c388d08ec9f47,0.6625
ce4d20762a8454a639a3b48c012b5895,0.7364583333333333
c50b38ca219273ba455d7eeaf4ebae9e,0.6010416666666667
ad3843c22dffb9abf05a40d7c41c5732,0.4908854166666667
df4949e1e94f82c24c02b43409879c99,0.4908854166666667
02680368ba33a099eabf8e5d57926b2a,0.7788194444444444
279dc1c03ed75e97403dd562931b8658,0.6498263888888889
915660cc658165496ad8b2ef63eee733,0.5267361111111111
20bbb5f5c141471795c9100cdc39a357,0.815625
c460414ef4d08fadb6da82bf855ac123,0.5494791666666666
f4247e4059f21a9354c5780295676be1,0.5692708333333333
2738e8fd593acb5495943d95f362a73f,0.7045138888888889
2b0b429415d30c8319774d64acee65bd,0.34965277777777776
7a4bcf33374da1ef1370f77a281a62f8,0.27152777777777776
b1e32e8947df6e6c15b8a739a7b9d551,0.3536458333333333
3773cd06b6e2d4c25c2c7e16846c9ec5,0.7850694444444445
de9bd122c91498a9df91fc0c17c9c645,0.5649305555555556
f5b0ad8638dbc15e4323b1fb73c0b5a2,0.10711805555555555
147b1ec49c00cfdfe43b0a31bf1a213d,0.109375
3167dd1eef941ea5b03f0eb92de7d523,0.24305555555555555
2cc8381d4d249328cf7cc3621f1ea390,0.08836805555555556
879a053c25e5422089ddf5606aa5d7a0,0.3425347222222222
328e6b4a0dea64998c1b3f507dd26d62,0.7774305555555555
b36833af3b7b1f18ecc6634e1278756b,0.10850694444444445
4e6eef340249458e240c2b278f9776e2,0.2640625
671a1b5496c13d27eccdbeb431db8a94,0.5958333333333333
96109ca1b80c006915835b46445ca0ef,0.10972222222222222
8a02d3740ad1859c247c0df625ed8858,0.8230902777777778
68e520d80cb9f87ac4dc45926494cd21,0.4826388888888889
bb0addc4c1c584c6507340e45228d6f6,0.3640625
63f22fe5669716e0b8249613cf4abea6,0.4328125
7582326807f6df2a27a8695223b5b51a,0.2734375
6092e169a7894f6dcfd3d0de39adf23f,0.17395833333333333
833960a511fc5983188ee13cee170332,0.4270833333333333
aa76bd7e8a400c2106eb8f08539e386e,0.16909722222222223
dfb9e7806571d355a73f9a9e5f297cb7,0.5375
1cfc06c9922f3460d4034bab6e6c7d64,0.9835069444444444
1c2ec8bf02b345de1a723593a3e31086,0.6740451388888888
f580e946de816f374ae07a73b75dfcdd,0.3111111111111111
61050fd788bf9f894fd4a89192ed616d,0.3980902777777778
6c01bd97511091d9d0a06f9ac03bedef,0.8097222222222222
fa5d86a2146c2de991518e91c14d44d4,0.8539930555555556
b1669a6892675e8b46cd6b51f1372136,0.46979166666666666
7f52dc2114984d084311624ee1857f28,0.7289930555555556
c84d151e9b47bd0f49b9a4dca0004ae7,0.21128472222222222
3b0836dc9e699867f88a971960aa07b6,0.4904513888888889
fc5543b8218bddcdf530100f6a81a94e,0.12881944444444443
e829044a9f22b449244dfb322630ff06,0.3892361111111111
5f1e9e7cbba9a6ac969a63fefe4413c7,0.47586805555555556
a8134a39813549d28797f8c99160f8a5,0.013541666666666667
0db93164cebbf45e0415e44a46a2f181,0.1410590277777778
35a5c7b9ee8272260907968cec524ee4,0.10815972222222223
2de1bae55ca78aa2b66f1f80d0d09b66,0.0109375
506bd635383492e00a484236074a6d41,0.07760416666666667
b917cc7b276a4fd47bfbde9c275a1b3b,0.06579861111111111
cb86745c39003e52e975f157d40cc4c1,0.1427951388888889
3eb20aa5385013bf7e525cc3a9f6cd80,0.20121527777777778
eb2080c78c8b24f1904a7804b982ba50,0.2107638888888889
2beff0a635f6b940d07a6eb900f632e3,0.4359375
8bd4f51061b68a9858f069191f71ba13,0.5019097222222222
86e815144b5d1b8a5172a3a1a0db92a2,0.5368923611111112
7d07e487cbcf663cefc6f5989d2ec390,0.5161458333333333
a71dc3d644bde48b945c0c56001d5f72,0.7879340277777778
2437712513541937e9889e68f60945a2,0.6508680555555556
a47f6f02b4b8c2fa67f30c6b3b9e7ad3,0.7828125
4e3873d54b355dbe4d272e6ede347d42,0.70703125
22fd4bab494a5d0437a07aac9b7dc5c9,0.3542534722222222
ff338778d50e54ef28aa0ae7283ed284,0.9711805555555556
5f6307f9cf114638adcf44e989aee302,0.9432291666666667
65e439d1876f29e5d267fbc9abe83dfb,0.8228298611111111
2a920b1b4ac3e9040c185d6d52783812,0.8228298611111111
02d48fb84d04b43df4d22af044d15836,0.88125
33f3fe232ed9285a538241923f35f914,0.8569444444444444
80f24dfbe4713a98532d9e613eaea0ae,0.8743055555555556
899dee9da439d4244e0407f080d45a67,0.9284722222222223
ec76aba8deda529cba46a9dcc78a780b,0.8760416666666667
436fcbcbd90136a9ca405986d4d3541a,0.8979166666666667
b51f1451877d4fe18129c8923ceccaae,0.9448784722222222
2163c1c6803da8b40250dc6993a03441,0.9448784722222222
cde50483cb30d8031becf9c6739b9c1d,0.17326388888888888
e89050ffea6abf774eb1fdd631e7b6cf,0.3623263888888889
29910b97e744d017ee44de35ac946356,0.18116319444444445
14ceaea38cd3ae70aecd02f5631d6f03,0.06163194444444445
cdefc2f6faf3237c6fb97cdc55c418b6,0.03229166666666667
ac5effc4b8bae05a3ea1284fb960a477,0.39131944444444444
1f4f88b25abbdd4752ef5db5364f6b99,0.4357638888888889
3920c7e925927b4477de0053987c3834,0.38506944444444446
bb061b5c6c3e0c45bec4d108b7a82047,0.18854166666666666
414c346ec972dbfc15a5223e196c6911,0.2557291666666667
d93b386a4d1d06b73fabdf3f8923bb8e,0.28680555555555554
d0a277c78528425236656d0f21247b6f,0.1954861111111111
6a793fef0387b239e2923fd7490ccab9,0.2573784722222222
2dcd2dbe1d2e63e356add80d6af7b324,0.4276041666666667
341ead249c9985048e008147a9548ad0,0.3230034722222222
ab8ef91afd51dc8b1894c43d57e52b9d,0.1407986111111111
edcbd10c20c4ead0efada6fca026fe27,0.18559027777777778
a329c7625b3ec85aa9149274b759a1f0,0.4331597222222222
4468faa4b493255401c5d44338b89d0f,0.22569444444444445
03087a0bd1d447fb39c0962583af5da7,0.6159722222222223
4892e22307abb470e9a067f742e57cf1,0.0876736111111111
9a6247c27f9dc782fca67fb68e728f24,0.2065972222222222
e6f0d55a149401e1da9ed920af261a8f,0.12734375
6909215c65fbbf7ffba10a578b029d7e,0.2855034722222222
8c23bd35fbd452434acb7a4793ee6fb3,0.559375
9a3c461b6b45fb2842eb7c2ce6d3764e,0.684375
c50fa385a8eb7aceed630f73751370e0,0.8137152777777777
5df580f4bea54eae1f32f70acbd44bc5,0.7232638888888889
7a5f7e30c67c529247d9b924ccbce37b,0.8295138888888889
fe4e39c4d55f0891af757ba5611da2b6,0.3958333333333333
4b34ac23ae3e5234102d388a734457c9,0.5942708333333333
f40fd4b2268ccfb09c97c7252a623bd6,0.9038194444444444
7036c98ca790ae5ce474d7b4452f58d6,0.8903645833333333
cf3e7fb4b9414b3249155a8cf12af8f1,0.4131944444444444
1207784a66409cc368d37256459ae9f1,0.7385416666666667
e3fa16c48ae454e3522a89cc786b3746,0.7427951388888889
77d24f6125d640b7fc3ef3bfdae53555,0.9542534722222222
4414c9b4c2db9b8f8057e728dbf16d98,0.5868055555555556
9dfc3456ccf68d4722fa1a4a0a6f2dac,0.8013020833333333
22662bb47f0b9de594a2cb1f4e18754f,0.9265625
b9260ae96fd0ede69ad5bc38a2ab2525,0.7532986111111111
07431ee4964ec9fe85eb36992d720ae8,0.74609375
6ec88523eba1ad131576ac69f9ee87e1,0.4886284722222222
b89f75d360b652866bfd375eeb4c31e3,0.5033854166666667
eacb22bf65386be167075ae21dcb7f93,0.7000868055555556
6af6625601fd4489ec7fbba485de31fe,0.7728298611111111
2c64fed00e6142a689537f106fb9af46,0.8442708333333333
4e8e266e25488f5dd28649561cf40a53,0.9042534722222222
0e53047403d857419e2de297e12a52d9,0.16258680555555555
26adf6fe4f7ab06303cfa5fb36182942,0.6038194444444445
c5a6f9e637247538e99431b6cb13903f,0.6038194444444445
5ea0ee1177582e0712fe716441981ba3,0.46493055555555557
0d1adc0c602387125f48bcd89f4424f1,0.4144097222222222
f52f84d452ef9a764dac1d99c4b38908,0.7128472222222222
336f75a58abe41964e9a86c3563fcde1,0.7935763888888889
5d07dcee039a813747e6abb18ba5f674,0.81875
cfdd87e9eca4a9e09a8f4e78592767e4,0.9373263888888889
b076be4acc6338268f774ebdd52d5fdc,0.9100694444444445
2937aac7d697cdb23a2897c38804ce73,0.7603298611111111
1f81bae2b935481e1760260753669ecb,0.8326388888888889
fd299e112b52eed5f76986bc7a92a03b,0.4361111111111111
38c05a953b23c0744c3f7ca029b80d0f,0.1439236111111111
56a440148cbb9755d02878013831a100,0.5895833333333333
ae2b5362f27c0b6265e8496cdda93c84,0.415625
cf5f1d087ff1784082eca091038ca826,0.396875
a54db666b6e225c32c5de1fa7a4a10e5,0.7675347222222222
278a3c200f89b01072b55b74730ffa4f,0.59296875
39ac6fbb49c5f9096b0a8defe6f5ceff,0.6234375
e542f10687a440c02f0a806e0754e298,0.7713541666666667
74c0c8f57e38ad300232b6ae06664f42,0.35625
1ac15b466d5c185ba8de64586e4f207d,0.9067708333333333
99489629ddad5e9716499af9a11d47af,0.753125
9101fa7d58bca51a4581580b23433ba0,0.4184027777777778
bef44643d24690348573fefad89ceefc,0.20494791666666667
ff9ef99434a0100f42c1e0a68794a0f8,0.29131944444444446
102b863c4b74a75f60041c51bad622aa,0.5776909722222222
a185bdd716e67e6e6cb20c2061430d58,0.1362847222222222
b9ac261167ac81bd6add2618e6cb6ad5,0.2981770833333333
ab5b98bbbbf5298cc9208c40b962a053,0.22769097222222223
0adacb291060e0962a7971c12eca0f2d,0.33706597222222223
7717ec6a81ff04ba91d7d344700c652f,0.6012152777777777
b7cff65488a1aca60e0512bd15358114,0.29913194444444446
560e4a393eae2930534656d7bf385883,0.22769097222222223
a3bc3616f3af2b2983077226eed2ef9b,0.16944444444444445
08239d557b4cc6a672665bbf2fa3b308,0.2767361111111111
ef5c021c8267f283db22ad1af908bf69,0.28628472222222223
ea0d43185cf95b6144ca65f254545bc9,0.5647569444444445
38162cdf8e4444039079d52ef4fd975b,0.5751736111111111
54141fcf2feb07d2fae3f1daeeceeecb,0.3611111111111111
c6194d75f2c6f6dd61a0f8b09ad37f0d,0.384375
aafaa3acbad877d281bdf38e5bf15b0d,0.6141493055555556
045a801d227928ade0f5d8243975bdfe,0.096875
38bf6e67bb2e8ce63d34bd3c6bd0994c,0.3446180555555556
8cdf94ed01366dc6b61f25f2df4c1ad3,0.8454861111111112
3051605548a3647402d39a7af8ced351,0.6889756944444444
4538080f91546c1ed54c5df6afe163f3,0.8321180555555555
0a83a7fea6efa0022e771979bc6b7b51,0.3230034722222222
fa145190fb5e238a5d32008b2787d160,0.25381944444444443
f5bb7b662f27a4ce71db090200545c07,0.3717013888888889
c95a7c5929223b3eafdac807934947a0,0.6034722222222222
81739a3145ea99785d640b0d73e3f038,0.24088541666666666
b7a1e6cfafafd6adb5c69ac1f089b66d,0.5618923611111111
cd7c94944ebc8ec1f68e87552e27c923,0.04722222222222222
1859d8a5666759a7e3a441a78be73a2a,0.10381944444444445
73466431eae9a4764472ff7cb0a434fc,0.050694444444444445
7e40c9555835c57c981cf0e92ccc3c6f,0.0484375
b6353f53512c07e47874f8b792710420,0.11041666666666666
8c137df8a6e4f5ba12fde67c4f98b9ad,0.16145833333333334
412099ab7701aed610de661823e28169,0.3809895833333333
fd20818b2542f8ad2e24a84cac3ea74a,0.3996527777777778
3031a0f892f5d7a746fd1f345e128c1f,0.41388888888888886
c1f4225ce37da3c60d1eaea0feadd731,0.2884548611111111
707ab271bc43fb936ea07148911c465b,0.5247395833333334
9d2066eb24518784b14ce4ddcc35f41e,0.2884548611111111
164b9523424c6c4ac9a7f092c435c4a5,0.44288194444444445
d1742270ded1d38594ea72589a31d7b9,0.5022569444444445
a6a8beb5036ef9976fe8231fa82c3975,0.13940972222222223
eebf48725337bce1f05c7496b259d2c6,0.39010416666666664
54e325e4d066e22cff87afcbb78f0aec,0.6802083333333333
96d437c8023c009dfb9f169382c451d4,0.7732638888888889
62c5de458075919746ea0828cf49c849,0.8810763888888888
f7b9f078510443f3522e879407cd156a,0.8034722222222223
9c3e36bfd4760032277567d607267d17,0.8163194444444445
8a149892abf4495577d83c2f85417af2,0.9840277777777777
548c73b78e5d5e173fb0cdae6b9b79fc,0.6699652777777778
81385be1439c7f0d9c238be248d49610,0.9136284722222222
89bce5b9394bd8e27aad4b56fa7a854a,0.7019097222222223
009aa686341478100883e1e0996dec79,0.46111111111111114
20e7c08220ac62731c936eb6a87f991d,0.49722222222222223
aadb065b60a35d2e5e07d5c8925483d9,0.3001736111111111
b5ec8ca4be6d81cc32bd6c1695af4531,0.15538194444444445
40989a0be7c6bedd7f95aaac438817b8,0.5163194444444444
b7a992f2236bf42b055a15bb6216b416,0.4756944444444444
ebcedd9dcaf08652dd04d72043756d75,0.5753472222222222
5b893c228b5d2a9202229bbdced48b64,0.024131944444444445
0b5fbea868864cfeb11be752c53bf574,0.26614583333333336
b32c1e0e73fdce56b4628a84d4ef2e4e,0.2756076388888889
241b1bd206aaa69227538eac73dd07e7,0.5710069444444444
ad80272627519d0635ba9ffeba51fa8e,0.05008680555555556
a9338deaa61b5d7f8009fd7800435e5b,0.05008680555555556
314ea5d05799201779a52b07ca5d0996,0.09270833333333334
17ba140be69b3e8a6655e4ba844d0601,0.04609375
6bbbf7f78182fe553f3b4605bdfb8a15,0.09869791666666666
73222f61d1832666a88b99eb8bad5c8b,0.04609375
b7a5687a3ec185bdd6cc2c6ca56feb0c,0.06449652777777778
b5147fb5c42572dab12b4980a46d2269,0.8256076388888889
8d1729f38fc64f42c9f7521f5605267f,0.23680555555555555
fac2061855ff3c9e2a1bef9c664643f9,0.16944444444444445
3e3de90a5adcf96b2e26ce71f2dd2837,0.7477430555555555
e79f80d4601516448e9900a4ad633b6c,0.23680555555555555
a49c345667e69384b074a862438b2215,0.7338541666666667
c20f6dc90b1efe9e47ff5f79370e2607,0.7869791666666667
0fa225938c1fb006d9f2c517f17a6605,0.8879340277777777
3f688d4c9408a4105edf510c00e8e797,0.8884548611111112
36f06f08e31ea288d9d35685403b429b,0.6956597222222223
1c96c08898f001b02791bb649689bc0d,0.7989583333333333
2e77435e2e94e607b5133cae4a802b86,0.4426215277777778
7d392949009346235696bc64baccad33,0.7237847222222222
7b1f718aa9f51e90a0333c1a39d5850b,0.8466145833333333
4ade6bdee157018a12183542ae4b3ef6,0.6297743055555556
04f016cb910207167e84feadafe09275,0.7237847222222222
8dd4d9bb2d534f3c4799d6bc015cbe07,0.6360243055555556
c1e7e3d0162b2fe234473138efd7ed46,0.47855902777777776
cf02419387df644f2b3009b545163f72,0.6927083333333334
818daa00f3b196126b3eb194e7237aea,0.3987847222222222
0f5e005486c598701761fe4c1a97865a,0.7649305555555556
4f14d501d9ca18014b01c716605bef00,0.7467013888888889
4e1c2d71a5b426c38af55274dbb1cf99,0.7647569444444444
69864e969550a3588ecc81e5473ef20e,0.7585069444444444
75c956e1b6fe741eca1bab1ece2394fe,0.4166666666666667
71c46013c9f3788e178806259d28d2ab,0.6159722222222223
f034b69552629ad7860023658098b4df,0.22569444444444445
5d687b5eb670ae04ef11d1f5a7ec5893,0.3138020833333333
87975a8d69e552e432545af0edaba1ae,0.4166666666666667
e64abe38e7b2f9e6351ae706017c12e4,0.27109375
f77b52b8ed3e4eeb93254d2d93077d18,0.4045138888888889
29446198ea6be7b232ba388fbfe3c4b2,0.7551215277777777
911805bda9c319e7a56216682ad24b77,0.06180555555555556
954a69707f1e1aed762018c1cd8b02a5,0.4979166666666667
2d2adc027f712a630e8798603636409b,0.27109375
7203e71f507670ebd1ba7faf0cf52349,0.08211805555555556
1ce94f132bf83947e05d7457e434687a,0.2611111111111111
a6962202dc1494d7eb99a91ed6e1e272,0.1421875
4d85d2f44785ee25d802172387f3fa02,0.1840277777777778
33c46fee2cfa6d647b78aca9be42dfa6,0.08298611111111111
b62438ac453b7550d07f4d770f95bd4e,0.09348958333333333
4f48080c6877899fef58b5bf129b45fe,0.6879340277777778
33dccdf50a08c823e47436e9c52f02d8,0.9565972222222222
4aaf84330649670f61f48346f4e7cfb5,0.8393229166666667
fe8c42ace69b3d6f0b41be9fa22ea250,0.9102430555555555
0ea0fa0c438f58a197eee56b8d831d6c,0.515625
5611328c140a4ab8652836a65d465a0d,0.8002604166666667
246cd3b0f793bdd6ef7b2311f404fad3,0.55625
212d5897bb06dfe49b6d47f705d65b35,0.7180555555555556
795714b10637dfafb4b74fb686976cf9,0.45694444444444443
7407a27560529c6eddea17a0c1eb7857,0.8427083333333333
9da117fd4b395a11fe821e0b607af474,0.5173611111111112
0190233dd215324abdb05041dc545740,0.4835069444444444
5d136ea5f9990b18cc609f6de43fe29b,0.6845486111111111
4c39964bb0d38a3a78f9fcc48a315659,0.5991319444444444
a20808b5e7028daf681ee8159cf6c2e7,0.6045138888888889
593f80f9fb2a9c705df62c1be6fcfcfe,0.7703125
cffeddf0396406927b15700c1b7d82ba,0.7399305555555555
b8c661793261751dbcfd016385633e8d,0.6991319444444445
04c5e1469c07549274f7e38adc887fe3,0.3259548611111111
c12b4db75fadcbd313df2b95fdc44c7a,0.5518229166666667
03198d1849b18a8a86d1e9c2328871fd,0.4127604166666667
16b58991bf4357d3851af57b086029f8,0.4306423611111111
851b44fda35cec76c4a42e11fbd06d90,0.5393229166666667
f78d1cdccb24cfa4afd067146ac3b062,0.10043402777777778
076831ec27a2301e3293b0deccfb329a,0.7611111111111111
1902f4331afbd67ab026ec73db7c68f9,0.8206597222222223
d4cf3065ec391e2490699288aedf2a90,0.8171875
457fd2266fa383b11c90a0542ba1a827,0.6551215277777778
bdaca32e222960c3f0a38d86139dcff7,0.9328993055555556
d2505424e50243694a4cef0868d519b2,0.6402777777777777
73727c6839fcd0898ef462fc0f8d5461,0.07604166666666666
46a5bd31c2971a35371cdc4fa360fb76,0.23576388888888888
2e0edcc9531bdf6c2ce9f735678558ba,0.5822916666666667
a078dfffcaae3085da153fac8a9668f1,0.2404513888888889
badcb7d7bccefc9f19f7f030bc5ad5f5,0.033680555555555554
2220880cf568cee2c7bc9b7f2a22fbba,0.7015625
2f195caa86debcfb9833cd161d45bc3d,0.0685763888888889
3e98c170965a0ecafd56c3218bd09d81,0.18055555555555555
67c9a70bb3e84d5fad317b1eca53c3cb,0.18480902777777777
fa50adb49f40d83ce9880a053db9d9ff,0.057291666666666664
ffab0561f4dc9cbcdab864676dbf4cdf,0.44027777777777777
13a0cef7f4728afe90565ffd5979821e,0.07170138888888888
0200de78a70aa32f7f16e637fb01657a,0.03411458333333333
5989d083af0d7c6b9f8bd84c2c9ced0e,0.07118055555555555
304ae5e05d68ce9eaf5dd12e1c17caf9,0.12621527777777777
1c75003aca0b5d17eb745bef01d5fbfe,0.07118055555555555
71abc2a5d014dc7000ca0864f3c6e49c,0.07725694444444445
3ecdb7c9c9475198c5805fe1cf524b15,0.21623263888888888
8afd9cb47abb5703206b4e44ba357a60,0.4515625
97dd5a654e4e763f4990ead6b62708ef,0.3780381944444444
136ea398cb378e34b4900c616ebcccd9,0.3268229166666667
732ac78209b80f66cdfa60786f3e87d7,0.03611111111111111
799d1ee69b564fb7da827dc942009592,0.06796875
b7642c1152b87cad927522991c872c56,0.0045138888888888885
05e83af1f446227f7da749ec48cb9898,0.7864583333333334
375bc6843c4f36e0af9d47523459d013,0.7872395833333333
0bd8916d7650f8c659bebb34896259ce,0.9161458333333333
1772ec1afda8c888b45f4e75c560e082,0.9151041666666667
93b5e3bab4623950f52a102b794d81d0,0.8859375
0a458e2a8a00f91217f54281937544c0,0.8576388888888888
8c8395a788618ee8d60bb68cfe8b3479,0.434375
281e220bc010cc8b1ba930310ddbe7e8,0.057118055555555554
829e123b3c0af69a0c77723bf78ae7c6,0.1935763888888889
1800069cd8d3821e6fe12a8d0ff2c0cf,0.7734375
74eb9c34324eccd710e8da8b7022c747,0.6569444444444444
9331680ab036891f39135bfed6e0c1f4,0.6275173611111111
e36351c4bc57529aaae22bd3ab54fcd4,0.17552083333333332
9678ec437c56eb2e612e874ecae03f8a,0.4078125
0f475322c7c19db3c7d4a43866db9c55,0.4564236111111111
929dddb164103a7f721fe421a80a7895,0.5322916666666667
5ad6688c6700888ed749276015477b37,0.2668402777777778
931c06c04863aad5c5168f555a49b666,0.23628472222222222
3f7909bcdad37c8434533cac50b0c770,0.22942708333333334
7937b3d1352b3d89152d0317579545e7,0.2974826388888889
cb619f173ba413356fbc3a516bd7ebe5,0.5840277777777778
8238b1b61383455def27d2e448d0959e,0.6790798611111111
f48df4adb906795a1bd3158c1b81976c,0.40616319444444443
fd98a51c13fbdb8404e12dd79fbc8f4c,0.11684027777777778
92d10e757e625ec133e9dcffde61b0d0,0.8922743055555555
cfc8ab1ff29024fb3695425ee2186c39,0.9427083333333334
a6b52607fed10eaa17979761dd53c83f,0.9552083333333333
644d2f7562e406164e796ac3ef79fdf3,0.8480034722222223
8bac5cfa607a80f1ee2a3a802daa3ec9,0.8903645833333333
6d928eed348d3dcb8922c0cd5fdd0f98,0.990625
5a40936db4d34e5533cccf1cbe2a9b51,0.0954861111111111
90846083482fc376108e3d0c2f952f4f,0.5204861111111111
98bc86fa84fd0ffb7374ea2792198e37,0.4837673611111111
2afb7b5c6c7cd4f2796c0b19b0d91674,0.5641493055555555
d3b3ba8cd6e38e20b64c65c8d7a478f6,0.6247395833333333
4f16ba6371505e7dc2235a3946bec7f3,0.6527777777777778
92a14db71a3dc00c3e4147ee63761480,0.8552951388888889
72587507d24840ef6aa9d5335ae6266d,0.4214409722222222
5b1a75ed14107d359b4aaf9332fcf1ee,0.7764756944444444
c5bff87006671eed131303f0e0d51c31,0.43125
b6d75cfc777a50d030136e40427c7809,0.7338541666666667
b3f0d50982a479f95fdb97ea37ce02e2,0.8849826388888888
981cb9412fc863fc0825a25d441e24e9,0.37395833333333334
c39326fd17cd72490e63fc7df2afb08b,0.040625
e74aa38b36936f7fd82e755b70e9b6dd,0.1675347222222222
a0a055d7bb180cfb6bd189498f682d5c,0.45868055555555554
e37a242d0e355ec06237ffc1036d5685,0.46328125
f241d5c7a177c07a6a6659d348560941,0.6383680555555555
912985a10765716fd7bf0b6ef6239abb,0.08541666666666667
ae981b3651bd64fc60579fc519a8e483,0.08802083333333334
44a6f50462b333fb0138357b5d56600c,0.11284722222222222
f23068b079860650f10ebc4328bf47fe,0.2543402777777778
cfecab83da5370375b65b7f0dede0b5e,0.046875
000eefae4ee6a989c516b71d44b562de,0.5536458333333333
b0eede557d0fcbc8f35a325de7f93759,0.709375
9663b077ce0a7193e341597d2995ff37,0.5276041666666667
23efcefefd43a2e147c9cd4fb86a10ae,0.31753472222222223
bf98a4615d415c96fd9b8c10519b6837,0.21588541666666666
a42bc24f170303be317af7582854993c,0.09322916666666667
58864804f8078c8308da561d49c033ce,0.3885416666666667
c811bade9ec8e268ff23424996d72e22,0.8824652777777777
8e93b99255fabfb85e1a9ece9fc6567b,0.7401041666666667
8317d7782bd70ec08c2d19dc2dfbbeba,0.9430555555555555
993dac315784c9e5fa79e3c3db81ddee,0.9676215277777778
855c75e911af26d4035d3c65c88b4b10,0.9415798611111111
b70609749987acba102d1d627a6962af,0.9771701388888889
8f2fb1a60fb5253d1bfbdc98d14fb075,0.9224826388888889
1ab6c6c91733faeedfe72907bcd2e65f,0.9411458333333333
5576e18a1729844c1db459c51645ab65,0.9980034722222222
6a22aae9cfcff83585432b19259bfcef,0.9295138888888889
30a4f463842a938648ab1e06b3e363e5,0.725
9e21cc94ccc3c9850ae282df4da454e1,0.9590277777777778
b984113645d69fb4b9576275b24ea3c9,0.17395833333333333
9b5e93f3e42241a5d202a6c20ba8de09,0.15329861111111112
347ce0b1afceb51ba706f2643f2f629e,0.4774305555555556
0c06447a570d98561953e78121ca8af5,0.24088541666666666
ae413a01e1d35e8453d12d5489b40695,0.08880208333333334
d7d6651b4c9c047b84a7179ee1c31b7c,0.5003472222222223
ce710e8a2caa3bd19394aa28d57911d5,0.4625
70992b4fcfb063ad4b9b5c47866fa84d,0.7853298611111111
b4f4a304d71ccba999ba1bbce388c0df,0.8567708333333334
3d6a7c7cd481f34dc99423f93add69a2,0.7252604166666666
6b04a82c4b735bae7c4e0690af126c47,0.7252604166666666
293a46d5d6aecf9dbf7a89941e8fff90,0.6423611111111112
5176bf77b3c96bf3a077bf380c80a412,0.5081597222222223
c67f6bbb8f73ded58ea8d16ef3410ecd,0.4301215277777778
bcc4f9f14bb40a9bd2017677e04aa1d9,0.015104166666666667
423245e82b69ef801eb89ae16fe7b2ff,0.009895833333333333
9c2cd8796aeea539b9fdb65ddf313400,0.02717013888888889
18ab5e4505af43abe45455d238ae87c3,0.35321180555555554
52d3269bd8195deee0118840c0c7961e,0.09045138888888889
30eff7f5a32e1b4be029be57c3f9b126,0.6776041666666667
4814d5351c759042a702cfe375d98a7f,0.35555555555555557
519332e374c86191232d526c1a7045f9,0.7357638888888889
84216f06930c218e9bfe7d51f6e4ba52,0.1440972222222222
c47d07f3a73356d3f758d319115341a2,0.3420138888888889
fd3894e1e01dc389a39c0e8126bafbf7,0.21779513888888888
f1cb1d3f528cb136e5cd8bc3ba1dbab2,0.334375
90c3ad23b57c8d30d794bbbde39a7395,0.3767361111111111
ffaf53b2323ee6708602f322767552ad,0.3131076388888889
a799a45fac3b5c6831403c15bbddaa0f,0.4736111111111111
28f4ee08a75cc1b33d9250129fe1eb4d,0.28793402777777777
26fd24152924a20685070e26b984a8b7,0.9380208333333333
d91d2eb970ea4aa55417b74e4fb825b2,0.8286458333333333
56fd17bae70801abfdab97dc50ad1eee,0.9048611111111111
7271b70fc3abdc41ae2fb198673ce975,0.9644097222222222
4e189a5af0bb99851743986fc44a231f,0.9013888888888889
c78874da694553803511617cb75c8c31,0.9618055555555556
41da550c259419b04af4358d59838819,0.4267361111111111
b629d56e212d6c34c6a3955d48a240ff,0.29704861111111114
a3d9a2967ae2de099e07e3bd61540546,0.43854166666666666
96a0576e983f0272ddb1367bab650547,0.16102430555555555
5fffa4b6f16506b887eb84d441501ebe,0.7948784722222222
86ec285597c77ff4eea13c43a39770c3,0.3506944444444444
a47dce1cecf4c68f0146ece8d1e87194,0.04088541666666667
c224672bfe249ae1e03985f457ed0b44,0.11961805555555556
6e4509474af0c5b775808b80d0fa446d,0.06918402777777778
7ebbc32b97416fc9f9919001d87ed641,0.3515625
b0cf6c0257e220a3a31bff68f69188ff,0.22569444444444445
7ef8b3c3520da0ba0707aac7f73620e1,0.4166666666666667
8e27ec011fe2887cf3d700aca476eea4,0.33003472222222224
6e2b129de72051d57ee12e46659ae340,0.7198784722222222
804c2f999cd65abff93993c1d87b1d62,0.8335069444444444
f8592a17bf8c05ae453d7f70be1412e9,0.8277777777777777
94c37374e7548ad7ccf45ed12418ca44,0.34713541666666664
14b34817933484d102fddc0d019a5486,0.7663194444444444
06a7c71673c8f37c1e6b9e736aeb9a55,0.8855902777777778
e662fa1b2382642debcf524f18495a1a,0.6774305555555555
9abe7019e149ce640077d7c1f2bbc070,0.809375
3dfb494f20ce7d7b9ab8ef6adf42e89d,0.5866319444444444
8b0182e7ab05d86ed79a25aafcb7cf03,0.7553819444444444
5f103531f39ad4efeaa875dedeee475c,0.5961805555555556
94b7aefe82220001b8c575e94a5cee0f,0.44479166666666664
9f0f02453c432473fcadfdd43449c3f3,0.7005208333333334
0c665443d9f30fdeb1fac04e320e0e42,0.61875
81f9ca41cc394f9719f0111015fcc8b9,0.7798611111111111
9e989777898cd0c27a5702b6c363020c,0.5315104166666667
8f9bffe1e715026507fd73b2d12cfd1f,0.428125
4cdb1a907375bf4fba93fb3eb33d178f,0.665625
cceebd866299ac5d22780041b699606c,0.5888888888888889
1841f4975f801b87644c16d85efa8694,0.5027777777777778
55741c14910c1a384f86e47f0921bb40,0.5104166666666666
9ce6b0c0847ef91621302e35ef4e664d,0.19131944444444443
7e3eb676d2e2aa877b939e003b229961,0.3579861111111111
46fe3d6060224a5410487df7c206d4f8,0.8508680555555556
b4a153ba697539af0de8e312bf18a7c4,0.2263888888888889
5a5bcd5604fcba0891fe99e83c3a7268,0.6819444444444445
d0d66890b56549234e89356f2b232770,0.5493055555555556
d627ae778761bc9cfc13500b68233438,0.5418402777777778
50b651f45aec38e15b9ad93b082839d3,0.6001736111111111
03fa69c39a4af97afa773c971e2d8ce1,0.8552951388888889
ebe123780898f343515b208d78175f17,0.7338541666666667
09369a3ba2b6ae53eaec5cb49646791c,0.7918402777777778
73985280aaef7a85bea05910416ec5c0,0.9521701388888889
0a3e37d9a1e0d7eeb20c1b3a84d7e9a8,0.8572916666666667
667ed70fa6158da8e45cc4a9729e55e4,0.6410590277777778
cb45e1c120e263236a9fa37e1a75160b,0.7832465277777778
b658873ee561a14f2598a12211685ca5,0.7489583333333333
3dbbedd5cf4d89161467d2795bd5fbd2,0.9092013888888889
b06aa0cc9e5799db071db64821c826d0,0.8717013888888889
7bfeb4ab5de1443245a04f256df6a1b8,0.9685763888888889
455fc3c67842507dd69446f4864a5f96,0.7330729166666666
50df235245f2bf6d6a1ac5fe192cab46,0.9736111111111111
fa04bdd1258665cdfff5d3d359a18a5e,0.9216145833333333
8c8ce102dd9434b2c937cadf9edf3ffe,0.9313368055555555
ec5bb590ef143612e1e1332a07dd8cf8,0.9004340277777778
392a7c23baa568d7378bcc9b60563921,0.4912326388888889
f8dc4023447746c00a9191054c55ec8d,0.9916666666666667
657901542bd49381c9ccda8dc8704833,0.18454861111111112
18c515b4c485cb850726ab94e2a61275,0.2786458333333333
3aa8907880222d92c09a4afd536b418a,0.5774305555555556
3ba8384976b491399048ae120d119ad2,0.72578125
ce46b2b9d3df5b23067f80ec3a673d88,0.6693576388888889
b8dc49273ae437018250cb61dc76396b,0.3614583333333333
5b79dd6d6334a4072ae4f3c09c454053,0.6204861111111111
17af5b8870a648ea863115772bd90f27,0.5383680555555556
0ceb646358bdbc6f6dffe6ba48e31ae2,0.41909722222222223
c5229083cec121c83e267335d5c562aa,0.19479166666666667
9179ed96eb85162fed4f9d88d1934f57,0.4712673611111111
30a0f83a8cb1ad66afb252b26e038d49,0.15
9e67d7e9689b7ca0161e9a888991acac,0.43125
b404d8c14a138cee6966d44f211d708d,0.6243923611111111
c80ad686e94f750846268a29ae3941c1,0.7686631944444444
7d185385981697d60ee75c5835f60fb2,0.6345486111111112
13d1f3cf55899fca2e7cba21eb913a36,0.5491319444444445
beb0a3eca6531d47cb8b5ede12bde872,0.7375868055555556
04965b7a636be292a32d88124f218a69,0.6793402777777777
adfdb82df22524f58a2714fc81297e1e,0.6387152777777778
8a9114c7234b340d8fcfbb96c3d78e22,0.7977430555555556
e2fcdc99371cd47a03944c2910069e48,0.6209201388888889
624a1c72ec72585ca1bcb9a8c4146c22,0.7171875
69fd740da9da2a0b32ab5d05009c6d3d,0.5977430555555555
e92f0647fd517a3b3feb831a84d68362,0.5636284722222222
3cb34eda5ae65dee6c5f1666833b9f8b,0.36328125
f21afeba89daaeba1473959e7d0b4c00,0.45555555555555555
11a688e47037912cde0058f7fdf4206d,0.01032986111111111
9607dda5fd4ac7ef2280e90b4bb8419f,0.3025173611111111
d17d71ab49c5e6c4ba0d7e52c8064ee9,0.18307291666666667
620b9ddec6541b43ad6b90e40e03f869,0.1410590277777778
ee7814efd887018f47ad6f609872dfe6,0.21484375
8ac0648b4792fb9003d8f4dbc0f5d53a,0.13072916666666667
2052d1bdd9400967ebf386c8f0601d2f,0.12552083333333333
90acea4b8dc2f53005587b1288ee3a79,0.20104166666666667
2b8a02f1fb6f8839e90e882c581a8a7f,0.07300347222222223
e35922eabfaf5bb362002e58d1d8e732,0.9480034722222223
de3d26efc40c01d2ab8459522e52856e,0.70546875
8618f35195e72f8602bedcc417e7cd31,0.9157986111111112
763a381538fe36218f6daa1a33856cde,0.70546875
3b903fc9ed46b03cfd43adbc52697d0c,0.8829861111111111
fe77801ae2ca6a5e2aca17971b136483,0.9234375
4bf80e84b096cfa9a122bfefb1180ef6,0.5428819444444445
6ba03854714c983ea656f98198a0441b,0.7362847222222222
3ccb391b3ace7e3e946a04c88c127eb7,0.43211805555555555
a1041147f632fca36570301bddcacf99,0.43211805555555555
bad68a168cbc79d21669e2ce030f6a8c,0.4861979166666667
0c95b6de0ae015c3f6c73e27615d12f4,0.34149305555555554
87d9ae32b95fa44938ba9175d4b1beeb,0.025694444444444443
6f5cbc4862e138eb0fdd52a861569f18,0.8193576388888889
dd75a89a25592e4d880ffdb4fa0ae2fd,0.17864583333333334
0ef891067844ce8d8bb1ffef9b07d350,0.3685763888888889
79d6e1c8ea0a3e25b3dc8050ceb89a9b,0.39114583333333336
6e0e85a60b6e6dcceedecab92f6b55ab,0.4482638888888889
98da02612340b254fc182f0eee5a4d35,0.6228298611111112
086e8f0b02afd4ad5c557db94335ea4b,0.48237847222222224
984a3f695dddcfaa4d0b870fb582e999,0.40434027777777776
4a67fcb2b0f27a01ded0fe72df0bfb9a,0.4953125
7688a1d032b451130b72b78ca549eaee,0.5260416666666666
a116d2fa65ba57ea220a5be7047e5314,0.6127604166666667
3aaa4c9a20a00c83dcfbb9b5d1ec032c,0.5447048611111112
8c555a616d6f8f7f61fd841bcf27ef2d,0.4244791666666667
99b3449d68ec99289f611108e0105fb5,0.43125
2a9c29f1214a1a1c403781336bc6b045,0.784375
fe87c9c206b2bd36d074ba7afdefca7a,0.5360243055555556
82c35a2d82ebf1374ad0ffa84c5309e5,0.5289930555555555
3607958ed558edbda8d92f8699c0d582,0.5083333333333333
c480e5498db7ace9441b0328ce9a7e78,0.48993055555555554
971e27d555748fc44dc2db920c565ac4,0.9336805555555555
2e4c7b248c27fea88e95e54adf1e00dc,0.5651041666666666
232210df4680b88c116d7af4e7ce07f8,0.6762152777777778
2e291c9bd50ce68b2ae3d97290ca3252,0.7696180555555555
3c903c30d4a7acd657a0981bad2fb524,0.13559027777777777
ad3647ea8841f70327d3410f4f708024,0.3345486111111111
8e6c6890090f67b77c77be7d23eeffa0,0.13246527777777778
4e2cf0c89085fef181ea1fe91fd2b83f,0.4771701388888889
adcf2b94c4f7b0192814cd5633239685,0.08081597222222223
f81e3fc690e26dcd367c6eaeac76f4f6,0.16510416666666666
d728f8e7633d30fcfd7ac27048286b30,0.9184027777777778
b9c5c3d069f70e36f8870d9ac1192a7e,0.6432291666666666
3b05b3eb720f27085d8d4eec59d58243,0.7981770833333334
106f29f81ae01df1245fd8feb3f0315d,0.7651909722222222
0cbaf43e51dfd6a892ad73abf1407796,0.21883680555555557
8b7e692cc4a4f1c598f60b4299e4bd0d,0.6501736111111112
b224c9b75247432370a3bbeda0b9b1b4,0.45555555555555555
28cf6ab1c344bb6d689d18e5c1736517,0.34921875
d0b292c15c5d3d99912e350a0e028bd0,0.6931423611111112
309c2366c1a938df9d2f6ad656d38ac2,0.5469618055555555
00744edfdfc85b366e3dcb90719b6e2d,0.36328125
bbe18ba4b743b645f274187918546177,0.4488715277777778
176689cb4525a9129f6230523ca0c391,0.4184027777777778
f4b73e40c8a915c1d2fb3cf28a5ff750,0.07361111111111111
68c6818605e64d960affa7b6419ac5e4,0.23055555555555557
944203c899a1b8cb911eecd79e6dbdcf,0.1322048611111111
07cb9762a652781b8c6ee41b7778b4aa,0.2111111111111111
1da496ad4031f6f97a286310b4bf4d8b,0.027777777777777776
da29b0fa2e5ab5c7c61395e8430e07b2,0.21284722222222222
31a1f29cf45f0de7b9f47d495dcff764,0.22569444444444445
acaf78ca8a6d5fb5e51a3f9f44eb7659,0.19756944444444444
dbfa20ca8360a8d80caba822848e9fa1,0.3138020833333333
3f62b41a9b315c0ec314b95a61aa938d,0.5549479166666667
4c39e38c1a43c04e1aa08104964347da,0.3194444444444444
c061693068e906b5ff3fddbc93dee792,0.2743923611111111
872ff3da59cb6e99efecee750a528d48,0.4119791666666667
b75f031d7be176afeaf43e6f6fbf8616,0.6664930555555556
170ed02754b0058acef0e81b7d3bba8c,0.5522569444444444
bd1af9354173e94adf46e73d459b46b2,0.48098958333333336
e021b295444cdcfa7d23827bf686767f,0.5825520833333333
14fd26958862fcdf2c1e89f912e77ad6,0.06631944444444444
c69086075afa39d281bea1dab1d07ae0,0.2140625
419b59a507b57d52e4464d6fedd7ff12,0.03203125
2192e5d6d8d416755d0d701b7774b8c0,0.03203125
8c8b9bb5806ccda929307000114e2b09,0.030555555555555555
de419218e7e7faf46547ea019af442ea,0.12916666666666668
2d8cccd2c3a9be500468ecab0eba4fac,0.15043402777777778
630d4e429bda03b1a18b35bb33155b9e,0.26953125
084fde7d94b4e16ed17df423aa5c1431,0.5666666666666667
410e1b748d0ca42fa8697e0c32961f9c,0.32491319444444444
021e10f09cea5b40fd08060d70219046,0.048177083333333336
a13bf9e316ea0a980fb3ef9b311010e9,0.20998263888888888
abb88efeec170854653ec3bf10f4d39c,0.029861111111111113
9c634494fe5cce78bb031ec9e8c2cf9a,0.11128472222222222
c42248e75afadf09664d1b1a6d33a71e,0.3184895833333333
1e46654d1c3d52fc130b114a09df189a,0.06336805555555555
84c840c02f17f4c188c7dbc9dc58d0a6,0.07456597222222222
08cb9e1f6cf4f8c5a27a1e113f95b1da,0.15390625
3c990bc2ddc3f3549cea5eb77c3a658e,0.015364583333333333
ccfcf027d50cf60c985cd7992a11c334,0.035416666666666666
9c173ff31936e4577b610a2eda3db7ec,0.08428819444444445
ca6a6b6d1558b6408ecf009735fa473c,0.06085069444444444
37a26572cd39cfd4b8be2ce462fa1146,0.005902777777777778
50ff13eb3cb02e182732e18d95a365c0,0.04505208333333333
6fabc13fa731a71c46122995d1b368a3,0.5963541666666666
4c77a2eb732b694f0886765ebaf70a2d,0.5465277777777777
8a33b974047827c3418c2ca24e8da380,0.5315104166666667
b40da51370072c03d0c3618083d9a1bf,0.5122395833333333
76195b9b3b0c6574f822b205f61d5963,0.6052951388888889
db4c1e84a02d9f17ed017d9e6dd0b27a,0.32491319444444444
95939923069437d7bc25a3abbed4b9ea,0.12734375
2e77d4fe61bb7f9e9469187dd35b0f60,0.2799479166666667
994ea1cc1c6c34273e1bf8b1408f5019,0.22569444444444445
f38333f9e4f4e82308338f49fa3dc157,0.2855034722222222
321d871b4d513b97c44bd79cd2700fc6,0.5980902777777778
9e78b73e573f3344957c842aa4ce88b6,0.6159722222222223
db14145c88674d5f07070fc08aebf14c,0.94765625
11cc04b9f7a88115ea934fed51495c8b,0.8356770833333333
0ce2231ef28c8afdb4bfa5271ca3e747,0.8232638888888889
6fdc02333ec4d95e91cf5ccbab0eff0b,0.5015625
9296680a49dae12023bf7501e2486d9b,0.5875868055555555
1898f16a73969c73c565908667fa8a26,0.9880208333333333
5aa53cbf9120a16e11ce89362620b6d4,0.15364583333333334
bbe02f1a4477713d65fb5828173f3922,0.3796875
b1ef97635477d9561181379a48dabf3f,0.2625
77eed12fa1d5ea14e6ba51f105853496,0.4236979166666667
4db707707bcc347f5510bc49e36626be,0.10017361111111112
aa10b54230bdde8ccc22fcf62c494fb7,0.05295138888888889
b3f1d3b14c9439e2448352a20bfd5c62,0.8206597222222223
09872fa9b77d158f058e3079d856e210,0.6020833333333333
2e0c34f195f6d95ac40e4b1ed4c802b3,0.6076388888888888
22ebec490ad5bbc608c134fcb6f0ff44,0.3215277777777778
7ce69d7a4f8b43a258b5a29fe5edefa2,0.29670138888888886
67e32b985558557d99d644edf1795b6a,0.4110243055555556
c6cb428d726eed87fc54fb34b97c8b8b,0.9918402777777777
d2c35f7c4ad6a5d913234e1d2fb3bb58,0.9795138888888889
5f7182f194057020909a4660a6acc4ac,0.9319444444444445
2449df2e1565279377f63ff00ae8b034,0.7189236111111111
3f7ba66f630f37faf036c2e9bcf551ca,0.9962673611111111
658363f17c9db57c5aebeadc371402a0,0.9180555555555555
fa09878f63d710abb16da646ea077612,0.9580729166666667
940131e609f404e627e01717e2400427,0.9350694444444444
7a272c934ce6ce537e55f4861d536508,0.9580729166666667
98ec190b8ab693d9ced352e22d4cdf72,0.9626736111111112
bf10e585308316c3e836411a2e91558f,0.8710069444444445
bb5a5a1c51801f502f1865dd55307bab,0.5987847222222222
b1eeb931f593b3b4ea7bbe3b4c3af400,0.8305555555555556
e5acdd7444e51533e11cde8efb2dc9fd,0.8262152777777778
61f60087468d837ee42249bc958b9cf6,0.7814236111111111
0a048e401dd918a147d57da166558569,0.9984375
637671ec22398f88d1fe66f60254d149,0.5157986111111111
eb7aa35660d61f0cbd7c2b4f33ab62b5,0.8432291666666667
822bbb0cf28b424026291991404e0d19,0.5885416666666666
1ff8f0111e3cea41f73ce656d4e65d34,0.6167534722222222
d174e958bf3fe0f4167d6352bc50cdca,0.3975694444444444
58ec2eb966a373b9a929b8974bb5512d,0.6689236111111111
7a7e0b12fc1c8beaeacbd8af36415004,0.7578125
c69b9756886e8867cd7123f69db2ec52,0.4934027777777778
e832a5bc871aaadaf47ca270a1247406,0.14730902777777777
843712a02ca731ab3a86a0eab1d3ff48,0.5936631944444445
e90d64b24abcf1104102ae478b078345,0.9128472222222223
7288662aa19d6e33e8fd951a0c495fbb,0.39088541666666665
15947c444f0a4c845b4558563cfa99c9,0.7005208333333334
445ec99322a78ac85823fc6aa3b266c2,0.5815104166666667
db3d7940e7bee16112229c7e16502050,0.425
f87355f38ec8e8f55238e03e964ef18d,0.6028645833333334
af8c5d4fdc7f5e5593a44f37034152b4,0.6333333333333333
1d68eca0f97081bb60bb07c4794c3913,0.07065972222222222
3fb516eb3140faec10845b4f2a02e132,0.4123263888888889
64d303099597baee44627c05a9ec9888,0.25078125
c09fb9944315698fa66adbb2f3d410eb,0.24739583333333334
851a9016b6d1fe90251c9ebe7767ea74,0.06736111111111111
6a47149e4c92440c1819a3d0b00aca67,0.078125
97f652c63b1374fb073e8bc22ac773d8,0.017361111111111112
d16bbd790d1af9668a8ab70b3e264453,0.05503472222222222
df595bad0e22c2fceb3aef4446eb9e06,0.16475694444444444
356a44bd30f3ed94d90f6196b303c3d0,0.34375
015419b7435ccfbfe8293ac6e76c07df,0.16067708333333333
47a3057494d0267fdfee8b0dd3150f35,0.09348958333333333
d43a4d00b331ce123d2aba81513cb2ad,0.24809027777777778
fd17e8fff298f73b1b397ae95d72594e,0.615625
05b8349740e7991a6924ffc40e9c4d45,0.25190972222222224
1669055ceff130b6d105790f9f6e5039,0.27708333333333335
cbb417709f68af310bdf242e9084aa14,0.39383680555555556
6baa7e9cde02646b5e66f5c0273bf9e6,0.1751736111111111
bd92c7d10963b6bf31a5579e852bb6a8,0.5740451388888889
01ed0210ad80751105b4f3d448c2b40d,0.052256944444444446
472b2bf3e35c8a1052d8233fdbe52f52,0.023958333333333335
e12628988743ba1d474b579ef8df1a86,0.3184895833333333
adac562d9eb678405235c971d01217f1,0.42039930555555555
49b5eb8453d05d957c1b652ab69c15d4,0.12621527777777777
fa18c50192bd6ded79f0aaa69cafd4ca,0.43993055555555555
617f2849e4886febe90ad0d8d9dcdc89,0.029861111111111113
d7f359769d06adf72415a1b729f1f50e,0.18897569444444445
d8766cfdd95770c88feae735afd6c663,0.9122395833333333
527f9bcc82b78ba48c622f2c7ba43de2,0.9010416666666666
d737c2f03a37b177a57e5c8b1ec498ad,0.834375
22e65dca89f123a98c7fbb1eb3f4fcff,0.6486979166666667
d565d54781c9e36ca8fbcacf207c4afd,0.5796875
f2fe315c2c7418af6938e374416ece62,0.71015625
c348f10527e41e441013c19a11b6ec28,0.321875
e832a7ed6807321724e00325a432848c,0.20520833333333333
f9b033e9a581e528e2e4a5d64c00ee87,0.23854166666666668
f0c4f9ee40effd3d38e9081145505136,0.7085069444444444
860a66e008d2ed08097d02fca058872b,0.5336805555555556
a7b1c9858cad75fd30f98dd70c6632fe,0.4407986111111111
e0b83bba23c75b0bc0ab8ab9cf168c0c,0.3519097222222222
f01c0e9a7a20c7c83bb5fe5e6f0d0533,0.18333333333333332
0df5980d032e752c6759977c525c1fac,0.03836805555555556
06ca6dc7316846c9e794e83e903b6e5c,0.03697916666666667
e19c93fed0a1c9bd9d6e0b5d35e97b65,0.4640625
73214a465e2dbbf052f3b07ac045aa95,0.1150173611111111
a1b5f21f21404b8cc6c2c6b0472e8d4f,0.001388888888888889
342ae5804f3a324407339a2d51db14e9,0.00703125
459d584d428f02fec9c2396679eb3abe,0.06892361111111112
c7e57980856f98f644a8dc7085c3e100,0.47899305555555555
eba956cff639f5ca6ca055f4a3320a2b,0.07890625
71444be509e96b0545c4a00bd36139d7,0.024479166666666666
49b66a26a0258e8bf81fa1de40daa551,0.8638888888888889
27517af8035308ef104c48918499c5ea,0.9136284722222222
ab23936181db017eb37f075747bfbb6a,0.9335069444444445
16a76b46bc7e90c0ee73d5849d0872a9,0.9548611111111112
5adc9bfb36520b6a45e8b61e9f205c9f,0.9970486111111111
9819eaa41715a9f237fdad1888329e5e,0.7267361111111111
99e8c87b84e36c85243fb5e9965edfef,0.4597222222222222
a59a041df118fba5bc14acb976ba2b66,0.44913194444444443
6de74ed21d6ae5a11e68dbdfc2b41129,0.6375868055555556
31f8bc955f05e8a59ac920252102ec06,0.8439236111111111
a424a93f921c0e742d338631031189cf,0.45625
ab10ecd08b312be77639cbdc7e7edb4f,0.3529513888888889
5a30810e666198cd2766716ad9efa4b4,0.5904513888888889
07859e306a9a2e7bde7c8cbb99d28d9b,0.34765625
6a47cc28b049ed0c1772690dd08f0672,0.4739583333333333
cc897deee803e55a80660296d1544400,0.6506076388888888
e62876697ef698e1566de2686ce7e2ce,0.34765625
7adb7883aee28043368bf6655f9108d8,0.35772569444444446
570db7d0ce45984fbb99c13e314e0d90,0.1568576388888889
09a6162c939beed62b9245036697a7db,0.2677083333333333
fece9bd6fbf6ebbbbb250eae73d4394f,0.7828125
e653771d7ab5a796788076dc407b6994,0.12144097222222222
6a95034908f6be72c70f988fec0f5375,0.09947916666666666
2dc365d11000707caefeb31cb089cfd0,0.1568576388888889
8d059bbbf5da69155debb8d53e6ff5af,0.05008680555555556
6908f786ec0a18fb851a2c1f8739395f,0.10737847222222222
224308137f26c01780d66521b81402aa,0.17803819444444444
6f6f79ae276a5c81317c433105a20330,0.11076388888888888
3b5956c133b30873ca386c54a918c3b0,0.16597222222222222
754fcf81eb91293e7421a6362ad21ba7,0.18871527777777777
db3ad3893d2550101e0e4d83f8cfcc9f,0.5887152777777778
8b74276972fad61a690195c72b314ebd,0.20538194444444444
ffd3f8d797586ccf8b646e41549f8b61,0.21145833333333333
5ddd141b17f6535bc61e5d1af22f74df,0.3133680555555556
46289c726698d42d24f2e663fde94487,0.5995659722222222
0992fad46e5bc9096e9493063fe9a12b,0.4912326388888889
6ec155259275d0e54a652fa8a6a75649,0.18090277777777777
46e7f8bc56560d020704ccbe091102b3,0.08880208333333334
ebf0d4d7ec919cb1127f83a4e1296883,0.17482638888888888
8d8065820dc635de210f9267e9dfa3a7,0.022743055555555555
9f7e7828adc928a35bb64056091798bd,0.33828125
ad488b11dcad24b3959e345e1d7acf35,0.09175347222222222
120eb8d638815216beadb90088330f48,0.6368055555555555
675973b5fd5ae031443a243234a1816b,0.22170138888888888
862fab6a86e66e52743a0aa33a3f93a3,0.6138888888888889
2df4c49f4f7335435c523053855342a8,0.11336805555555556
7cb4cd1ed27b5f6f4533741cf2a797ac,0.4852430555555556
e89ccf35796281dc16b5d670b6e88371,0.28072916666666664
08951fdddf28ad45305e03151b3b5e52,0.24600694444444443
0ced4a184a76bca578f5dd48bd6729a4,0.44157986111111114
9b97c37f5af817177a7b3fa7a6860a15,0.3646701388888889
2a8d3c525206bee6e0970e2db4951b0e,0.1734375
e60e5a40f037d3d028f542318d1e8a38,0.16440972222222222
74e9f8dc34c8661b8fa1cfa0c049698e,0.25104166666666666
11c52a408e9a89437e339370bfa964c2,0.38298611111111114
7d5d4e0473eb898839462886e4c701c6,0.3277777777777778
687c040ecfa23a0f84b28f100a44e304,0.16527777777777777
d49b6c1218f98ffb7bc42583a28d6ce8,0.09496527777777777
bac403f8d5e42858b22c7b6c6e9822bb,0.15729166666666666
da9f79f58470e9e2af3ef5144026bbb7,0.7244791666666667
f7451ab69df2fca879c4b45b85433c98,0.2779513888888889
6fe8901f806f18e4933b9e0104a8714a,0.3729166666666667
8bfe656e29683c5b06aef80bb63ff418,0.578125
4a05f2c153e3e51ed04a52345b15d750,0.6743923611111111
a8dfa17df7f3de2794a6505307ee85c1,0.5061631944444445
379a1a9247b2a401c5e1540762c054f9,0.32916666666666666
a7a48b34ebae8a5f367c168377d61102,0.4065972222222222
3da817db440d8c90f5c3baeb3f68b43e,0.5513888888888889
b06b3b5d55e3d1797281afbbdcab60dd,0.6901041666666666
8dcc468b732f982c15f4c298bd965d58,0.6028645833333334
387f11f7338d4ed8020cfca199c84c89,0.40243055555555557
425972293b52599f02651dc5db046739,0.31232638888888886
3bf392e3f977cd79c51b4ed3a42c122e,0.3073784722222222
1d8c8e1b879f6dfff9950ad90a3fc300,0.290625
67afe541d5bf05c5aea13d1c3361bd51,0.284375
d2c0eef3eed202b9423d0316f356ee08,0.4693576388888889
2a3d1e729e41fd5193a870f57b07a456,0.28072916666666664
78fb814d65fb611d14ce04965cc78fce,0.19583333333333333
1c400a63738b39152a39ddffbf57e072,0.5899305555555555
edb460aa9ea28f60af6784d13aaf31b0,0.5875868055555555
0644df58f7646059eafa41baabc05f53,0.31006944444444445
7a19a8b47fd8702c40bec4f02e2007b0,0.7621527777777778
29c6483bd7b84877baef9300809064a8,0.7592013888888889
752b4ca25ee0264cd37be5eabd49b6e7,0.5350694444444445
17e61580dd790338f96c142bccd611c4,0.8293402777777777
0449a12524829cd7a5e6d368e1028a71,0.6414930555555556
fe07b09faf2ade9acd230ee4b895bab6,0.8154513888888889
43bb83b6c270852c19c9e38b153a26a0,0.8371527777777777
dddd3bd7faff85c37129006b01f8dd5f,0.9262152777777778
2b8963dc45e015dc5c16a949f91c49a5,0.7170138888888888
ee19d33574c528d0877012152a36675a,0.603125
49018fd288080840fdc8445fc75a7284,0.7855902777777778
04b1d767863af4036734aa13068cebe7,0.38350694444444444
5ca80f3d2fe287d43030d522d1076f21,0.6795138888888889
7edc8ae10cd21e6c474d7eaee3f0c384,0.6321180555555556
bb0131033b7251ce89ef515f4a772252,0.7922743055555556
0ef6255ff1fe2d0be6e9ad19e8a2a8c7,0.9800347222222222
196f10dc5715ecfecfc150c9b8fe7384,0.9682291666666667
6206b0a6bd7719a4c77129f48abc4f16,0.8828125
220f0971c5632f0e2458db9b0e3f6efb,0.9191840277777777
d16502a37f042de248ff7bb225476b82,0.965625
42bc0c89eba5370e931d327849c9e3a6,0.8435763888888889
f770424f7fe7216f109a57b43d893d97,0.7092013888888888
73f5947b7c7618245e1c22f78a1bf207,0.0720486111111111
8482538fddc288401b279ab75cab07e0,0.8451388888888889
0cab50d4eb1274d4cc68731d68858e4d,0.4239583333333333
14e39fe0ff9a30448296c9869f121fe1,0.4340277777777778
56a3bd97126a92417fc9e6902e1fa9b0,0.3428819444444444
b43d17022460ec3345ed20f3847612d6,0.3572048611111111
d0f6d727d076b754b4737ec9d9a8eaa2,0.8624131944444444
c59625a19cda6e978370c3c3ef297efb,0.3511284722222222
df05a4c8649e67384ece7568a106e023,0.08324652777777777
fc4500a0eefcf284698a50b5f436db14,0.14574652777777777
dba3c0de885291f547064658d58c058a,0.03671875
f4aa5df640cc17eff4b2f06f5bd9d89a,0.7414930555555556
cc99b02c5f9368e353c193b081747b8a,0.29184027777777777
9fac043e18199d5be43848837505603f,0.47421875
177a002a0e08d8c114177af9860e3180,0.05625
77400f095a9494246839979fc32a552c,0.2704861111111111
71f8b4598ab1b83583fa4d60bef99dfd,0.6641493055555555
6406d87b3bb0b961406dde9fb2878c1e,0.7311631944444444
a069121cdb326ac2027b4076e1f0502d,0.7447916666666666
06a6ab37313797941ad35843137dd348,0.7868055555555555
dc2c1ac945ad5b8104b1f049301db65f,0.8026041666666667
c47613fa757aba88e271285b6327200c,0.5539930555555556
550ed2535fdf2ee9cd1246d37eab3e09,0.6439236111111111
8118c83278a58b546907519bf26f0d4d,0.21805555555555556
7b78895a6f6a1a2ff0496af3ffbb5d04,0.4301215277777778
571e053965fa2b0d2ed805485375c161,0.4461805555555556
0360057898f8b113f74755a7a427e765,0.07222222222222222
de6ea9d0c545b092c99e803c8c9213c9,0.6994791666666667
ad631370a8ab0ead7e590843b6c39df6,0.33784722222222224
923e5053c27afaaedba1ac33c7a9945d,0.7309027777777778
f1dabc5cd5b36a6eb57bd87a256b0523,0.5560763888888889
4df6998ebdfcff7c47a3dafa0ebf06db,0.33871527777777777
42c0c4378927ed1869e9bb35d98bbb30,0.4501736111111111
d7b87514c843cb9e8a97a4a8b06e8ee6,0.5793402777777777
ec3e11a6a074cc98b63bfc11bd5e9236,0.1390625
a1ef05d799b58c6f1f86b5c1d1c8a08d,0.8989583333333333
ba698b946dd3b57c3e1205ed5de1002b,0.8032986111111111
a39a2c443e4dc3ab341391bbd0bd8651,0.7441840277777778
78267144eb52994b8f3a1fa536d90636,0.8085069444444445
44fc7079f1700abcce8b1fd8698f0e65,0.8114583333333333
6d3e80746bb8b24216433b979c4c8d76,0.8950520833333333
5d9ef9932cd4db78e41a95628330a83f,0.8922743055555555
ed691801d4ed5d9197a5f01c824496f4,0.8541666666666666
7e12be6aff78ad31a5bebb5e8e8b4482,0.7491319444444444
5253230282fc06a2696f426f409cf31e,0.7832465277777778
7464b613af5ec8c316cc664bb50f6125,0.5869791666666667
2e6320754639baee4a849685396b14c8,0.7095486111111111
519e9ebf3b9dc514e8f68a2e490fecbd,0.6393229166666666
94267c50b7656e72d62c119f482ddd40,0.7588541666666667
fbf046a0f9f5357ce52ddea7f8396c23,0.4426215277777778
ed56b6dea2d02f3b11c0b4877258c792,0.44930555555555557
e4bc01d8b10619cd527b813f9f03509c,0.7909722222222222
08125cab0e871bd631134e15a747dd09,0.8582465277777778
aef154bd665e741b0b11aafd51a0f8cc,0.284375
0e883de1e6b165a4a040a3771807215c,0.11848958333333333
8ea03e43cfbaecac598c57c892e518ef,0.19583333333333333
00d475eac9fd0dd878d3c6b9b4cda8bc,0.22170138888888888
a16012970357c09f7036ff71628007c5,0.4693576388888889
4aeb5d2bd0af871d4ea2a774c94f4ee2,0.11684027777777778
5aa1bfcfc9a6f587252e92caa2ddf928,0.9690972222222223
0ff64489991225f1665582ab1d026e19,0.7970486111111111
5a1bc75345acf78d5d7f6cf2673fde1a,0.81328125
d7fa8d7e301b2b9cffb51cba1c01d9b6,0.8814236111111111
6b7e7bfb58b5d6e7929c8486f488119e,0.88046875
84fd34034215ee0b15bebd5d506d31f3,0.5914930555555555
4a834dd833d40f8aec0f2d61dec7e0e2,0.925
ae0f7a3e503218e4eb2ac3d2725c3e0e,0.9605902777777777
e0f6cce175773836779c9741f55d56ad,0.3232638888888889
e0f62eebcbd7963a6d491106a208b37d,0.8737847222222223
cf2c19fa6309b513d59a97822e99eb91,0.7635416666666667
14565e929d272e3f575c2d5dd2449f6b,0.75703125
a2bad0b98a4dc838fdd6fe4745f6386e,0.4751736111111111
ee1d415e3466d16b42e4856df170492f,0.12621527777777777
81e3a68c78dd76db2ef610c7dd090c25,0.09782986111111111
34dde6387c8213f858382cfaa1a8678f,0.19583333333333333
ba762f961532ab444ee268e1d167466c,0.290625
b1afd560281e763163e151452ae4edce,0.21232638888888888
ddb5e844a1286a35954b305a535e7b62,0.05164930555555555
585a207b19df38b89078e1000bb50400,0.34010416666666665
7170c724555fa9cdd4e673ff5ffc3b8b,0.5325520833333334
b8c066eafb42a8b65434ebadcb97d6a1,0.14487847222222222
594f2734bf80b6f016a6a2597ff0c255,0.30460069444444443
990a6e003ed441d76bc8701598bc864d,0.15112847222222223
6627c2fc11bbd742038853f1567d15da,0.9032118055555556
2239fc3ae852bc1da0d2c7d2a3b77b60,0.8626736111111111
5c7e2a799490bc4164f6fc4238193d5e,0.9239583333333333
423d496bdab609e5e87796f5b06ead42,0.8982638888888889
739a381fa6b5df2c63cb3d257ce17044,0.7288194444444445
42ee20553a6bed11193c657623c2189c,0.8993923611111111
22bf9279a87ff0e6c639ca8398df169b,0.6402777777777777
32dcce4e9a20ac8f5deeeef87e57bb2b,0.5465277777777777
132ec72ff9486924b8f8d3f8bd3d4dad,0.7109375
48e632bc00ed52bc183847e9ccbab197,0.7224826388888889
ba096e37f8c88348bbe0223a6e0ed93a,0.43359375
c2035ce945ed3b350b5f5f002527cd12,0.6904513888888889
63a60815cb282efa4c038e669858f28c,0.9065972222222223
8084fef269a49dd31ab4a8e6f1ebfd18,0.896875
1fd6ba207ade0e753244786ce2eb861c,0.9767361111111111
9a392c749a0d1458e76b305665b67e18,0.13368055555555555
24ded2a8bfcfaf7b7d08488d48b160b8,0.2998263888888889
bc29dd3130cb5390d86f1240437257c7,0.3836805555555556
5d79e10443b24f751491543d86691cc9,0.9216145833333333
fd2b16feb7b6059e976f7ea9b05d8f4a,0.9546006944444444
ec3b0dc92b099a54c5d0df6f80639db9,0.9706597222222222
4da86116dc82495b463a56520f9726c7,0.9210069444444444
aa58e69598bef68ca051830860bd98b6,0.8498263888888888
6b661123c8d04cbdfba90694ca0c8121,0.9236111111111112
da97a99a551402e5b878dfeb7bed46c3,0.04887152777777778
0a3217034ac1b9e2e96aad9673b3a2e9,0.12239583333333333
40e2d5bfb5431e986995176beebbf865,0.09782986111111111
b389fc2aebd200af18ffb8e99a91b679,0.019097222222222224
65259992f47044cdffb0dee10f9859a3,0.05347222222222222
305a2fd03813dd170b45a7b14ac01bb2,0.0019097222222222222
4e32521b2d07ae19e1778be22da81d5f,0.6338541666666667
765672a76796e84a9a6c44cc026fbdab,0.6393229166666666
a5759d1f6cd0d87617eddf502795ea10,0.8485243055555556
9ae2e9d327d7e4f3ebe2283318f9f55a,0.7041666666666667
e942f461484ff2be1f6835eca4b658e9,0.7269097222222223
a20311097a3351cbc43853076c4bca26,0.8236111111111111
b63cd6347599bc36d90387c02d7f240a,0.5100694444444445
4add5b93e67f905f7b2459f467ba0e6a,0.6889756944444444
abe02c3513293ddf8caa6dbd19022e35,0.6889756944444444
dc8bb82376b1b56f93eda24b27500ce0,0.7451388888888889
60233d34040ff7616b3fd57e99040930,0.7975694444444444
3184793b97a4bf872d6c481d73bb2fbc,0.4371527777777778
615612275801aad3a90aeb3644b88a71,0.45303819444444443
517c9de8f54eded39bdde00b2b11c89f,0.5114583333333333
ca1b0825eabcfb0416defeace386c7fe,0.32534722222222223
d9f45b40826204e1b10d33672789edd3,0.625
5ac73ef9ca7ec0b77e3290c989130776,0.6006944444444444
38633bf600035934c76e27da8ea4dcad,0.7682291666666666
648bba941fc3ded2e2d42b1e67994060,0.21232638888888888
ca114030453260c0985ff650edff1985,0.1875
5dd9276baf82e16da19418c398dfca4e,0.4798611111111111
91d4365c7140080bb506df616636f849,0.19809027777777777
72e50db57e8cab56ac1abace61e18f08,0.9001736111111112
5acff0b11c42f72041464711588ee2ea,0.2708333333333333
2801bd45a7ff79d7f2ab46b659f54e65,0.8074652777777778
637298f87c9665787c1430a9f642bb2e,0.6020833333333333
9b21553ab0e88ca19a644dee13c3dd61,0.6954861111111111
87278ea98bcdc49a52137afd50d19617,0.9390625
91613d12e2d2561b451ac48b7b4cfda2,0.8842013888888889
95ee288df4e41a177d748f9034201122,0.8724826388888889
0895a521fbd56464a39979966212e572,0.2986111111111111
babf5d891c21560ed714a3e9b40226fd,0.253125
c6bb1fb47bb232d858cee82b45ba1e9e,0.2103298611111111
b6af039ff404446ec0098ff261743500,0.0920138888888889
9b1bf74fdf49a338d82246a31c8a9efd,0.21484375
ca2c4af2289f9d36d6a78a9850757e05,0.16380208333333332
fcc635e78f3ef8c1ec966fc379b39769,0.40086805555555555
b26cbf705979dba6ced7c267db11b586,0.30711805555555555
d87edd4f3138e0075eac9c1c776fb37f,0.6368055555555555
142ebbf586baa341c5d4bb4c1faaf8a1,0.07673611111111112
2a2efc686bf5e140b41881fbf4be2e3a,0.31171875
e44b66960beacb51bb574cf9969ed17b,0.3184895833333333
ca5be9a962bf8cf3650b626eae3a9e35,0.12621527777777777
969401005e85ebe1ad9ec8815f5b641a,0.290625
762e48678f63beb4f902931de778d1d0,0.22942708333333334
48b8662f11f3cb74cae9772b22cdd8b0,0.04887152777777778
acb7490dfbdfa0979679e16987aff34a,0.11336805555555556
043f3d88e1f088ad4a418194d176f614,0.2954861111111111
fcc33a1c4414c90daf54f6dd2f02c109,0.7654513888888889
1578f14cf15ce66c7af0ec008ecb56d0,0.8036458333333333
bf45f32055de284409fa2998a20ad762,0.8970486111111111
d5433745813124ea83626157e051d4ed,0.8896701388888889
6c24ff5ab46a6b10fdcce87352bbbbdd,0.9857638888888889
32ae5d2f5260449299d1fff796d7b782,0.9221354166666667
e7c5428dacc2cd1f89114daf1cb4d7a9,0.9097222222222222
ec1a12c3611ffd06d4e7f175081bc747,0.83515625
031f4a9ac13df8827dd38c27d62bae98,0.9358506944444445
c5e8d5e11043d83df97df828d4fbc711,0.8890625
312172d1605fac8cebae7b4bde1021dc,0.9071180555555556
3c67e1ebb4cdbeffba8edeace5d5ea47,0.7624131944444444
9118f6dfcd1b1a80c87f438d584d1664,0.8217013888888889
910372b1198c7ca4151f9884f32de8aa,0.9753472222222223
c2cb578854f0fc5d9c123246d0a11b05,0.9298611111111111
181c9c1a4b7a60bd8a8f122d5c7c8201,0.9149305555555556
d4ab0d299a9b0f61c57f14cec4d54ce5,0.6675347222222222
bde4153eec65ab28ac0199289ff09e82,0.98125
ed92d160811c1cd7f98b77155fd08f75,0.13663194444444443
499e87fcbed06a3c91aeee2d6ce099d7,0.5045138888888889
6bf32496eceaa49ecb5374e5a5c76954,0.6572048611111111
06455499089b4b0247e661947bcc78dc,0.6564236111111111
de2e5648d2a80ff1911c7b69f10cc0dc,0.028559027777777777
bb2102313ef4fc670e9497ee3b7630a3,0.7315104166666667
9c3f64981e10352006b1c4646e55714c,0.9503472222222222
a880e438ecee6e119983dbe22333ed0b,0.64375
cf1f8b5ef33d1e599d1cd48fd94c5ad4,0.9676215277777778
0d0c4af5266d25ba347f614ea1051a83,0.9723958333333333
ab007f3bbe82f5c52bd435c5b4ecd963,0.9170138888888889
7d18a35e489acdec1279c6bf3d701367,0.9831597222222223
759613fdc42e231f6255cd569fa7952d,0.66015625
12afcbaa604207db30fa8f152c8f876c,0.6547743055555556
f67e26f3a7788e0af00c853e27a055aa,0.4818576388888889
ad8d0525751cc3b30f97694851488796,0.66015625
6eb05452ac59607689035983dc0f5f10,0.5506076388888889
6f590fc31723179fc5396e2c1234aebf,0.7321180555555555
35a39db69d9251352697270519f59923,0.20008680555555555
05521f616cee91a196c247fb6492d8d0,0.3150173611111111
4b11506e41f4e2c3b9e28887076119f6,0.3221354166666667
2c3d61c3761ae1899cfaf2b34e0d25f2,0.3142361111111111
1ecf0ac82043aa8a2ea7afc84433268b,0.27960069444444446
f55ce028213bc31ad0793fde2aa24c01,0.2037326388888889
9e2dcee1983587678e77f61dc7234c73,0.11006944444444444
7d19d24e83bed29af238bf546a4e22aa,0.05329861111111111
5ce6b52f203cfd27df7dced328d285f7,0.7861111111111111
efde7919cc81c0423db6b0afae6c7ce8,0.6364583333333333
bb5a3e17b340f5d3204d2eaa9bd24973,0.49618055555555557
9daaa299be604ffa45ec5bcb9cb6ab1b,0.5758680555555555
63a8ccef2da51c0f451a9e70dfc80c82,0.8604166666666667
f85264218997a44e83427fac8214a9cf,0.821875
8ecbae4e99c43fac719187626da09d9e,0.7901041666666667
c8064f6fa8f0a0c800ea3a041068d11a,0.8485243055555556
ac7fedbce30ed3a27c6f56d49c89231a,0.7782986111111111
02147b614a2322c1b70eb19bd23afee4,0.7901041666666667
b0934770f03df4c4134abd494234bb86,0.39088541666666665
e15a61a311ff4f698afc580f3c0fd0c8,0.7285590277777778
081724ef5aa6db6800dded8e3f60f65f,0.7798611111111111
5ca06a7793a510c28c88c657c423585a,0.41779513888888886
be46bf58c3eb7e063ccf854122cbd56a,0.8947048611111111
83928fa712dae015a1eb059576357e74,0.8277777777777777
5d93ac08ec69ca9122cc139bbf0525dd,0.041666666666666664
1d8352664fca2d0c3154ffbe53cfad68,0.04453125
4a12407d61d6d3a6eadd0d69573b0313,0.017013888888888887
4a994ac0db0ca92c432c9cd0c03d854a,0.08472222222222223
1751c5d1b37586eb64f2658cfc51a738,0.016145833333333335
2910bae48ccfb65c390e271e53beb252,0.04010416666666667
6d150b3fbcccfdf36ba2e0f2d06a45e4,0.2626736111111111
86a4e84e184e640ca92b84f75f7d279c,0.5473958333333333
478fb9d65a6c101565dce0bffdf05dca,0.3177083333333333
eb8177f8cd55616f15457b9900a11f2d,0.24479166666666666
00b666361f9c692966dfbc0bf92819a0,0.7060763888888889
41cb4fae6c47369bc72a6301a6905268,0.4456597222222222
474937d19eb516658187e724f904256c,0.46770833333333334
97bf0521e2a81566b10b1193a355bf93,0.04765625
5669750dd727cbd2d753609f94c1a82f,0.24930555555555556
833eb454793b1cff53a0eeaa0be95953,0.5835069444444444
f8f2c6d91c30387b206c0bc06c241ba6,0.5068576388888889
b67f4de033174cf3785b656383f5f73e,0.20755208333333333
1c7200b4657fddfe140f07dca7ce5772,0.2421875
ef2064bf454cf91cfe4d8edc614bc77b,0.13723958333333333
682430ba96164f195d0253da475872bd,0.6432291666666666
76ac8fee6d62f7bb400dcab7c5b6b2ba,0.2462673611111111
3ca2eda9203fd780023c5a494e68c9b1,0.6278645833333333
e1f9da81f576d509ab3ff632d185537c,0.5478298611111111
eb49e440d4b58567afeac7ee152d15ae,0.8524305555555556
55203d23d1bf05387d2b42d28d929f6a,0.2751736111111111
53e0cf1bd1cbfae5879e3a4d8fd63831,0.59453125
9a151b435a99ad2e32d188cd4df59874,0.48975694444444445
0d0fa9d1c1c3f236207ba4f85554a324,0.7227430555555555
9f3fc37bf7f4e2e729cde96618d3822e,0.5909722222222222
8c080692ced188eef5477905c79b4c3b,0.9755208333333333
3e82396597e0802b5e810a18f8a3edcb,0.7619791666666667
24f7cf50eb7d58d22ab0c8c93e1338a1,0.9598958333333333
eba07bf0d9a2cea757e9adc7373a45cf,0.7217881944444444
d698fdaef1bc7956d0fd5c14757ec6d6,0.6784722222222223
89e54c5f8fa6fa882928772d033f44df,0.47421875
062f6c792528f0ea576db80e4e3cd055,0.23715277777777777
5847bdf53da9be385bfa96cf7e65bb47,0.6883680555555556
b57404bffc37d162db2f7b1f884170bf,0.7821180555555556
60da5458c386a91e5326345c4282ee43,0.5389756944444445
1720c45309630832c229dd49ec99a99d,0.4234375
cb511a7c238d0cc8ea7513c50839734a,0.5005208333333333
1903e729d7eecd0aaa40bc6763edc6f4,0.45303819444444443
bbe9923b2b912378439d72f726dce757,0.6737847222222222
b388793bc871664bd70f7ec76d7b45e2,0.8422743055555556
6c91488d2418cc5eb48ea7b9a16522d3,0.7298611111111111
e4acd1461a0f805330eb0cd6dda90765,0.6553819444444444
dce073008e912f5337fbe7708949e048,0.8618923611111111
6df954f16827fd3ff20d70d34cd7532e,0.7548611111111111
24caddadbc1c55d6df18613f2306e309,0.49027777777777776
ddc29b08bd329dfd9ac482567ede6e35,0.3932291666666667
59df36ee7f194f9879b4db15ba5f2bda,0.7087673611111112
56e6e6c00010d3601a799e9c9af7c60b,0.8638888888888889
961838db243e03d1e412cc0ea314103f,0.30625
93490420688a5e4ff9532e5993ba3a7c,0.25789930555555557
081f1c9a5387263f770cd3d47e439d44,0.1310763888888889
c64c16d86efc3f535af224bf12da2854,0.31171875
100ac8b34f789960c7882553c7d3f7fd,0.08585069444444444
44f1e82293a9468280059eda433fcb32,0.011805555555555555
143d4254fe35aea1887f8b030ab2db09,0.49227430555555557
c4cd7dac8b9401e01d32294ebe685802,0.025954861111111113
314455aa82291780e3ac6e90ca44be65,0.10112847222222222
de620c267e69438fb47c2be874694eb2,0.002864583333333333
1b5bd81af0b4e6bb55ce3547e60db2fa,0.07387152777777778
ba824aa9b84b287acd1ab983cb690dfc,0.03611111111111111
b806a0764102df2f626f51a18387bd90,0.27630208333333334
c341a99eb9b256b0b6ff138570e17b0d,0.5806423611111111
0cfaad54cc39341e6f78b2dba7071325,0.48680555555555555
3fbca4686251d102b385e87215716400,0.8041666666666667
60d38e1f2ce984d1b83d4162794035c7,0.5815104166666667
c64613f5e5ab00c0baf00500400cce3f,0.7690972222222222
e44c02b457ea0c84f773f9d335846f8e,0.5892361111111111
bf6f53130440c1c929ef2ee3cbcecf9c,0.6628472222222223
99ba790f4cc629c9602da4a1fe36a1d5,0.49600694444444443
33b0f57e976f3a80e9993656e4aaf1a8,0.3984375
1202df0b37a145da2dd9a7ae2b08ec9f,0.3984375
1448d4f784af8ae510863bf7640b8396,0.4019097222222222
6db21e5d42dbfaf4af916472bbc658e6,0.6685763888888889
bfe7e0417ef2ce881a809e747a3b64df,0.8958333333333334
abb20180aac955fc2ab4dedc8590d9bb,0.9869791666666666
f7959b0959e719993b321d163af58202,0.49166666666666664
b5fe91d22d7fa536f051d192565e726a,0.02717013888888889
59ec7fb6b1fdaf0f34958148fa9609d1,0.5227430555555556
5f5afe650d189496b7a5aac4baa11ab9,0.6420138888888889
1f00e317263f689817bbbfb6a4178b74,0.005902777777777778
2e83875240b5459562c35c17c4fc8c64,0.0020833333333333333
5759139a55b27e780f76b957cb5c1687,0.007899305555555555
1a27ea2051781a8f5cc75d33a5044c26,0.00034722222222222224
5b612ec9f41992cb9f2f746e2bfb5fe4,0.004861111111111111
64f339229e64ab693f67bad0b77b33e3,0.0067708333333333336
8c2a57cda1211fc36b69be201f6ee305,0.6458333333333334
ee9b8949c6b6f205572513e97b9842cd,0.27395833333333336
e1e73a294b3ccf9b4707385a9cac6df3,0.5347222222222222
31eb00c8a121b0bf92db00222d6a4b2e,0.4140625
241fc8fe9cd747245dab72adc1b2a843,0.15086805555555555
e2d3315d66d8c3eb0fc7b2c3b90ff06b,0.6232638888888888
2eb5a92662e9cdc8a78657366054aae3,0.8418402777777778
4972e0602130f1f8885c8176c997535f,0.5289930555555555
09e179c2dbc8be5af3d481f6ad427c9e,0.971875
2699bfaf6774619352e433875a2d9767,0.7338541666666667
a79bd74884b344338c1893a5c57068b0,0.8453125
c3313944edfe1d9f785a06a1a2912a51,0.9317708333333333
9d158948589802c8b9c224df332347c5,0.4703125
35ab32dc7fab4fe28d7e7ec98b20e119,0.7260416666666667
82fad54699a0eebc7eb2571551c9db46,0.3756076388888889
d1ead7b018cd121264b1814b499129e9,0.6453125
79976ae337d7c952bb3329cb3da99ecb,0.6616319444444444
5c50e345f2a8217e8c8d02115505ec50,0.4565972222222222
f280b3b4d6b7626eaf568da1e9670954,0.12265625
66ec2ee57d3ea67878343ce5f3f5f86d,0.19427083333333334
c7c492078fe71cc2c29cd62a3022ead7,0.19427083333333334
f39b634f8614fdd3d1ee75907ea42151,0.12265625
d2ae74bb89cdc0a2157db0c74deb79a7,0.30859375
43ef7c3caaa8ad925a2457e65bcf7ae3,0.40850694444444446
167edcccb8a266d37c3c44e2e5e39422,0.6466145833333333
38bafd3ae437832f63bcd021ff076ed6,0.7327256944444445
9f042522f2422d059f493913e3f41d92,0.6350694444444445
7b3ecfd3df2a942dfb7eb790338bd280,0.6238715277777778
cca3420440d5a15070a238d8b4781cec,0.2439236111111111
b0d789a9b2f9e34f6c5e8c0930a98081,0.22864583333333333
4d6b60d14ebee1d086671e572816092d,0.06796875
b9056d48a785966906f5db57da21749b,0.2876736111111111
45fa48c0a285dd50d30b4b91721e7006,0.3971354166666667
a4e87d4cf2931b5a7d4070ee2f0aaac4,0.028038194444444445
cdeeda93c1d787037c53d46f13e4fe76,0.11822916666666666
46f4ee77e5dcd70dc6e7140ca65ff223,0.1993923611111111
c37d8b3bd775a4e8f9e494288120a744,0.9935763888888889
3816dc8e77c57ecb0092a4bd30ab0bbb,0.7463541666666667
021a37296bcc492cf4a61ee34596557e,0.9296875
c02ea12d5a377087fba13e90c0692086,0.8647569444444444
7e3c9ecaf2e5f04cdba6e961dce3736a,0.8588541666666667
c02dd995860a717c11f710257c63e395,0.6503472222222222
59cffe9fbd4e6ea2cbf0e5b4de260f1e,0.796875
b37619048941c399dee6731812acae3b,0.15876736111111112
a764ba7fa8f5d1edfd52ad3e43142a89,0.9486111111111111
8ce74adb4fee0f26e177beaecfd9339f,0.7471354166666667
33b1cf8be18a25e144cb4f5256005a6b,0.6897569444444445
049a239cc4e33ef2e1c786efd5a3b665,0.4723090277777778
e79a2b106b260d1f97cfae47a90ea002,0.8872395833333333
fbfa7119d195ccd8514a9c0f3a6debb0,0.6915798611111111
95b4d5e157df6b53e6f6c2e491b7b849,0.6402777777777777
449bc763e68b3552a9e905d2feed6ea3,0.8206597222222223
2cf28678d1cef13ba801f46902513bc6,0.9328993055555556
5d10e218cc76503370d8d5d8c75b1c3d,0.8206597222222223
e270ccac31c13d59cc17a3bd6ea5dceb,0.9421875
9efb202f2b6f4e9599b5cc1decd6876f,0.8796875
a354ab5673ec97f97fdb33f769512328,0.7822916666666667
66c08719d824ab52c9d97c896f03fd54,0.9022569444444445
85f86f8dc675a62b14aff166cb3ffae3,0.8935763888888889
4950fe2a73a45a72bee412af241d77d7,0.9694444444444444
a9a9232802e6f2519cfc32985151c86c,0.3807291666666667
8e677cbaa16cbc546516143297bca980,0.7597222222222222
ad92ea1708fc6d6570891212149e2876,0.7064236111111111
001536827ef9f988a26076713c30db91,0.3020833333333333
b14f3d3e8103ee4cfea6645f61e3a37f,0.8704861111111111
56c9d33245d9721dbc0489b955c42838,0.6595486111111111
333ce75dc7c071937e8a8db9750f7c05,0.018489583333333334
625178136ce2f6ae26afa89b46c0cfed,0.42734375
bb37b6ddd397952bf6644ceaec3a1a45,0.28741319444444446
bac370bee2ff7d158ab9ad0c9a50fb8b,0.7677083333333333
6b507365375eccc4b3a8c79a752ce58e,0.5296875
fff3a814df7f99178181a25e6bd0be7c,0.02248263888888889
ae4d4f80e807d6564d5e212e56018a1a,0.5970486111111111
ecc5821381fa7e7cc79e39d7c4e64ba7,0.9482638888888889
ea5d5e913633289989cc7f0a5c62788c,0.6586805555555556
7c939db7acc69425df95195f9e7076e6,0.37690972222222224
959dd8054cbdae142a0e2bd651c59c32,0.3017361111111111
1e21d432528506d8270445c1720bc4e8,0.8362847222222223
e05b59f1b01d6c3d099ab982e95f94e9,0.6958333333333333
e012615d5279ad343433b7a91b1cf8fa,0.8482638888888889
c5c2bbfa180e0766a6857bb400168a1b,0.9378472222222223
9b0715793edd0892ab4ef62d430bba4b,0.6715277777777777
f541d938cdb818d6883aa36ad03cb871,0.7595486111111112
179488c92103b212aab06d1a7abe7455,0.7779513888888889
26418ad26d309e3567544267eb2ff44a,0.86640625
41b8640ddf521b8b175a07c982421839,0.7809895833333333
80c61af429a3821c8f9238eacea8f54d,0.9368055555555556
94d8b7c724a77cb79e1268d9c6cebf16,0.9211805555555556
6686d3b9aa85ebe2ccec403d47921552,0.7981770833333334
226f47264590c70e33e99cdce46b8fcb,0.80625
4e6751e7b02f8fa1e5278553940f9fc6,0.8793402777777778
3b0096581c8966ec1a4ada10fd11f658,0.8984375
87d1caf3da445baf11a366551a44b379,0.6853298611111112
02e78c77b2dcd28b54df7cdacf6eb7e4,0.8834201388888889
373f28bbbcf529aabaed35e06c17bda8,0.8864583333333333
00b526ce4241c712a1985a8c1671ebc9,0.5380208333333333
6eafb7923ad08412d26706fd78ab4d89,0.7628472222222222
0cf56c68c555909762de6b3df6217513,0.5828125
d05bc2b51bfedb78f5a43ed9d5599fc6,0.6336805555555556
56c667a13d954de13da653b414ebb390,0.5354166666666667
e5ce6ec8c2cb0bce1a57306337ea790f,0.5578125
97d0e142a9a55398aee9fb005fc7f153,0.7474826388888889
fb613760933ca209fcdbf24585a3fed4,0.22569444444444445
8460985e121c6ac0f112adeafc3c8826,0.5300347222222223
82756b51435e21effbcf7d9945fcfd7f,0.2032986111111111
331274022eca0a423f82a2f9254aea21,0.3876736111111111
22bef1d6f365e489ef98a7bfee989af1,0.2065972222222222
af28b42df7ac84502e61b3598aad436a,0.30833333333333335
5dd17bbe969688e6d8435671097fb6a8,0.37335069444444446
ed6d413ff61ec79a0608fa7f8e4ff807,0.2612847222222222
780f12ece39359ce95603d316b71a34c,0.4517361111111111
98c82824dc110808fbeb717037b9c975,0.12300347222222222
779a66252d5cc04080da3b962a5e8efb,0.17717013888888888
86198456bf6e1cd42bcddcc666be216e,0.4105902777777778
435f1bb3bfea5329a605076470a0e54f,0.7338541666666667
0dee4eef52dfc03a52740747f9eaab5f,0.43125
d571cef30ce2fd4543744cc580ba0732,0.8552951388888889
fac0501fe9e5d02fd8fbadbbdd1e216c,0.34175347222222224
6991d841d79e6e1dcb2b807de83a0ec6,0.7764756944444444
1461ef1a12a531f6ee52973fc597a1e9,0.9287326388888889
d89853161cc8637b0d316e8d73000696,0.8776041666666666
609a8861d1129b302eca0c8a1646f4f4,0.9758680555555556
488b16c2d53f3ddf9aa89b31d373de2f,0.9668402777777778
63f29f64ea191e979d14f259cea01cb5,0.8079861111111111
340d21abcd1fd6c8935fbc06d533c863,0.9488715277777777
bf12cd1e459d9b83335722b2499fa530,0.7645833333333333
803ff7f8d2ede6be7ceeef6117174f1c,0.9046875
e7f6d19f0322e27f57d2d2ab33ab993c,0.7486979166666666
a0fd8d65951c656d888500519972bb68,0.9802083333333333
f753cbd4b32fa08a5d2b84397ca759ac,0.7756944444444445
9e16f5fabdff8d0a4a210105d9b8c3e7,0.9282986111111111
bdeb269daf15500df46b01a2c0f92b0b,0.8749131944444445
ef4864dfdc9c894a674774de9622b88f,0.029861111111111113
c201364d542ea0f5806d0550277c52bf,0.13003472222222223
8c5ea56363fc6897a862fe3e7d8f2923,0.121875
46dfdca8d42f83a55192ce53f0081097,0.3876736111111111
b7c0c02fc1f26b73b1792be63a656308,0.2376736111111111
f0ac9f89ce7eaa8227cebcaa8373c230,0.11684027777777778
10543fb8ec65128f954416225751e122,0.06684027777777778
b23a1ee5734057180f91fbf324a1e863,0.03142361111111111
45d6d01ba9b37075d0d30685bf64d3c4,0.11336805555555556
474038391b178f76c14077d25074b29b,0.290625
d70070e7b7c1ca88fa1a1585f54860f9,0.11336805555555556
9af35e2488f9ac4906150586cf30127c,0.19895833333333332
a877523e9d2baf3ec635def15b11c896,0.5989583333333334
df8c9cd20fb8b1ef59b33df155783e74,0.13515625
67023606cf1a10fe8adacd2f6dc7e49a,0.04765625
d6fa66218419ff15552ea030c97bd71c,0.5243923611111111
ab407ece93675054bf487fc1b18b8e94,0.13515625
fb1c4052542760c746b1795d43555857,0.1685763888888889
cb6bc6160a59bcccd0af648f3746fa44,0.32265625
e72f0f6d40603ee70ba79292d865e815,0.35625
2da2c6c72968d5eb6bdc34cc5b72693d,0.18116319444444445
2520c5c3cfe0f4ac02b7519190ca8dca,0.0954861111111111
e6f5f23e44a1a754803a9c014c39e63e,0.32395833333333335
b9351f925b83e9226df865641fa2f90c,0.33758680555555554
aa7366c84a126795aa3c5c55aab8e337,0.7081597222222222
79a54a6b03f66259efea594fea4865d4,0.6693576388888889
5deb11c3af0736f69cf45049bcd913ea,0.21458333333333332
45e3822af1f997764929e7fb6dc80829,0.8347222222222223
4b1f03d78e61f04bd1e7405f716e85ea,0.5569444444444445
cbb95ef7fc2b5f873c5fd9b3a49dca9d,0.9595486111111111
c6c888da6f46db900e3c8ca46093b9f2,0.6934027777777778
0dfd78cbf1aef2986fa132042cc775e6,0.3657986111111111
3b43ca175d33d14d245e84a3153364df,0.19149305555555557
32ecd854cc1100859672bf2f8b6e58b3,0.46892361111111114
66db2aa679b676d4bab51de70a7f8a15,0.6591145833333333
e9a36ef8cafef847940e7c49530f40b4,0.049652777777777775
6ba1b09ecf616a3f6c5eb582dfb7da1a,0.68125
19bc3b1e86d7badb4b5cfea47c0a79b5,0.7067708333333333
4b3206dfe9295625b244a86989fe75b5,0.4609375
dee91f68f2f2bd638b6dca624b33ac4e,0.058854166666666666
1088ad02050c7c08a13c04606df017f8,0.4684027777777778
0d3a4b62c00b8815a4c3542a3114c48a,0.4734375
93ac95d22c41b516f14772a7fd8f8d36,0.6479166666666667
cdc8636da180bdf36bd86c72aa75d115,0.8582465277777778
a8fc0cd06ad9de9cf250c4ddf1a7b16d,0.8466145833333333
e971b2e1de24b6f09a3f4766203c311d,0.7772569444444445
e77dac53209010cc2d0f66ad05ca625b,0.6486979166666667
0b60a073e795144ca4a83778430e8a50,0.7901041666666667
3e1cf2f28052b323f3e60775cab13556,0.1603298611111111
d09d7b1ca296036800c7e79e48a49706,0.7436631944444444
177ca86fa7da1d073e59b7f1635f5d74,0.05998263888888889
8e967343e2d3c092db333b75e9b18d28,0.016493055555555556
221a7dbd3bfc6df764ff6c8bd0a1b786,0.29149305555555555
37da55cd3b0e4c9720ba6964d6614690,0.2947916666666667
d76cd869ef0aef6e95cf69db8f6d5bd8,0.011458333333333333
016ebf74c534a407ffc7484b06aac21b,0.18645833333333334
16827819f4866e00987ef22335c0769d,0.4779513888888889
2a45f6a8c1cb16762a31efb8f6f57bfe,0.1267361111111111
01bc0d0f7fa6c72e07293f682b12d369,0.19427083333333334
73a5c8ce8eb75e84f74ab8fdc7908e45,0.10833333333333334
b7e325fc7582c10c123a23c599c4198c,0.6327256944444445
82b71ee94e6df33122f1f4b9ca4fb74e,0.9658854166666667
cba17f41d91dfcbd5648f14888c7a232,0.9313368055555555
337a780c51d4e83c5399b389f8236977,0.8756944444444444
5f8abb19b0e80fa92cbb6298851a3bfa,0.9578125
a1adf8bcc5aba0656445995a06593b7b,0.9760416666666667
b0809741f537376b66508b001015f079,0.3076388888888889
71b767d88c4d21765259758afcee4258,0.45729166666666665
0d2016c0729923234d7712d0bff6b156,0.14574652777777777
3c58f2849a0ce70e83bc24ccd1dd1737,0.45069444444444445
ad70f92ea316f36a9cca26e594a9aa6d,0.11553819444444445
225cb539775f6c593a87fec6b1c8aa1e,0.40963541666666664
8560c0c2053f75c808ea37e31f565195,0.8638888888888889
27cbce22551febc45694e37a6e419976,0.9142361111111111
a9060abb7ce413c03098ed25c095d18c,0.7973958333333333
4f55ddc3f64cb62005a2b5a5afad15fc,0.8727430555555555
6cf226a47947a00ad4e2dc46099067aa,0.5685763888888888
d407f39a67f7331e65eb0bca15d22b05,0.5897569444444445
6780d18c82ba337eed5986fb999116ac,0.3897569444444444
ac0b6a6f239a8480bac637480b94b9f3,0.18055555555555555
fb0883c57f3a76cc38764976c925fa7d,0.19852430555555556
f725540c8e7e632a8158bda3660b19ba,0.4635416666666667
d6d0c6670d98609cf4b118660625b978,0.43819444444444444
d10a4c5bfacc41ef32accf4f9d0cabeb,0.19852430555555556
149a3ca3a8043205adf17fffbdb3f7b0,0.8144097222222222
8bd35f583edf276af9f0779851d71710,0.4510416666666667
1e959141eed12d9f5dc44824f1662916,0.47682291666666665
084c0908300d2ab6995d112d987d17ff,0.6539930555555555
6b73d4a82f76d5ba1c27bf3c2e4b09b7,0.5444444444444444
0c16d5e165cbf7fb34f9c47c90ccc7f6,0.20277777777777778
e999999fafa5176542912968ecd467b2,0.5588541666666667
ea9edd1a1086e184b35d260f58989218,0.6290798611111111
071776a6224a42623289fca636810973,0.45928819444444446
8f5124f16e8537431c619b658c3e969c,0.6189236111111112
143d0d8a9ba0dba7cfbf27ed54f1a466,0.6743923611111111
d0fc1bb7b76ffe9dcb8a3bae0764aad9,0.7302951388888889
46c1d98396d048440d28009598da5523,0.003298611111111111
8ba691a1ac7907b688711cc3ba99ef0b,0.07118055555555555
bc2b51883ab607244552f5d5e261fb4e,0.13003472222222223
7e6bc84e7161855c39be54e9ee507c19,0.42039930555555555
774b5af595cde81a3623b1a82e39b6fa,0.03411458333333333
af2409b2456166b30efbbb8539bfa525,0.21623263888888888
5d3ac230fa8f3ffb3b420ec14cd078cc,0.8442708333333333
2ddac197f93ab6dc01f4c59d85076ea5,0.9042534722222222
7eeb7bca3dc5c9d278d8bb318a81dc55,0.5033854166666667
c015c30d71688f08aeff8e9f67de26b8,0.7728298611111111
bcbd42c1cf176d504039218720951452,0.7000868055555556
6987d087274e4644ba469d39ec6fd1c6,0.4886284722222222
18f096cde618fa8ec98cc60800d14000,0.2972222222222222
e69d3e0059b4cc443612687670f6871e,0.7317708333333334
3188b827e6c1029ea224d18a594273fd,0.4279513888888889
6dd9693784ed81a994d01509a857b595,0.6875868055555555
4cb561f2b11b01a5fa3ac0794a50180e,0.3255208333333333
fdb6f64519d1e9916c8f0f08bb8cc8c0,0.6393229166666666
b2f1843af172be84b1ead4cb7dc2042a,0.8930555555555556
8154b71807f45aab90b07c99b334948a,0.9423611111111111
b73dc6b74074b436dc09afb00daa3a41,0.8930555555555556
5c3dfbfb1e53ef23ced4ab770a5b7995,0.8513888888888889
ae8d729d49ddc5b60db5f6b09d150239,0.7479166666666667
375bfb6877721e7364c46cea723d00a9,0.8422743055555556
1362ef4f859fcfaf005747210c16b7fb,0.5013888888888889
37cfbf3db5e1fc4a5b90e9fe623c9fa9,0.9050347222222223
471c1b26bd9c4070d9c5881feebcd590,0.8059895833333334
f868949d7773382e64afcface44d2a08,0.7046875
b497bd642d69ac0cdbb1a520f7c81f09,0.9887152777777778
f56694c610b10b8c3cdcc5dece5a4305,0.8059895833333334
af60b7b6c897bb26bd426275738078cc,0.7166666666666667
a47932ffaaeb4cf4c03b5120767491ea,0.48125
ae80ad413681271feed421c00bc9f99e,0.6925347222222222
97fe29b3b98bd4c42a5220c5f9314665,0.3848958333333333
1e1c8847d7a649b9ecba1ff4839002be,0.9394097222222222
c48a3c5a1e403a4b0fc22e65fd90e336,0.9213541666666667
2b386bb9874aad7fb281b995dd7d7df4,0.4010416666666667
de7d9521f46536b265d3b73c3b430aad,0.4284722222222222
69ed13c200444284c1a29c5d9108b7b4,0.5106770833333333
74ee50cb1f735c50ce22310ebd1c4415,0.1232638888888889
2cabe867b971b851a750336981f9e453,0.07578125
0584274902a82e82f23ede80339f3a7d,0.33125
890d46735d737006c67c8933b2931f33,0.043229166666666666
0b326be22fe401db97bda97786cf4a99,0.6622395833333333
7eeaafbe7be0b21c72dba09af51127f7,0.05954861111111111
1ae72f75082eaa99ec8b1dde2e9ff0f9,0.03940972222222222
172ce3abc53b2c6627cb2f3ae6d21d0f,0.008159722222222223
a371d2850e3362440eb2f5c47b24ab76,0.09626736111111112
19f53cb59a4e868ac234cd4497aa7cc4,0.8777777777777778
c56900897b15f2ea959ae6dbdb4e256e,0.8045138888888889
626a748989a5383750578302dfa29f45,0.9185763888888889
3e3edcc6a980e22e19d05bebf91932c7,0.9615451388888889
9e8436cc0e6a5816fd82601daf2ef455,0.8849826388888888
de9d4c359e5bc2fd3f236bfa43727b4f,0.9521701388888889
aec870a02e54f15a9763cb6ecb81fd8f,0.3404513888888889
14e214641f257d19d3d346b788a9ffc6,0.24947916666666667
b7c7f3ac645808d7e371f5aa8a816e13,0.15434027777777778
747ec63f751a597c800772cbfe99c6c5,0.4459201388888889
0470571561fc1d67df921a0011cac1a3,0.5520833333333334
d1da826fbcdb9d5d0028a3f9ed8a0ca4,0.47552083333333334
7ac1d2f79fcd39070b8b5cfe370199f8,0.034375
859a7297a427dc72d29c42e0822167fc,0.228125
80f5e762a9234d9de40066dbf52ca23e,0.011631944444444445
a197b39189c228afd0be5d66f0261a90,0.22725694444444444
d692488d620962793cb5f26778e8f412,0.13984375
2e163543372c8be320e0c738543d8184,0.24878472222222223
d4f94bec5af72e6217e705ee80884fca,0.7875868055555556
518f5e5d6a2f118ad6b8637dd6e118bf,0.5061631944444445
96ae305dbea1bbe26478c5b4b1faf0e5,0.8420138888888888
2acbd151befe10c9ce23cc531e47f4c7,0.8511284722222222
400831010950100da224abf2f90f99c8,0.9988715277777778
98006fa0497ed56f204a42d2bdf0d2fc,0.8322916666666667
c57f2517db3fd754289f42197ea3e4a1,0.7213541666666666
5eddbea92efb5845422eba4f96f3c30e,0.0671875
b6d50b502dcf6083022271a633e21a8c,0.19618055555555555
eb247dce40ee9a51798e64ec28d4eed2,0.09010416666666667
4a2e346af52dc7750a7f0010e9ffb3dc,0.30190972222222223
1f706289bc8ceb6ff90732dd2599c381,0.4895833333333333
8ec1c452828a94ca6c8545f4c84c4bd9,0.8458333333333333
4d3e50efcbee8e5d5ac47a57a6be1933,0.8684027777777777
0009bc6b8662b606ab75b5610e40729b,0.6873263888888889
b9a4e078054e8481bbcd693b710112d9,0.9748263888888888
c6205ef4367680a6e7d47d963520c137,0.8736111111111111
bd7a072ebaa265b60ba7924bf71387ba,0.9715277777777778
46ec3b1fb79e40a9290208b712b34717,0.7121527777777777
528a93961f859ac53104e7e3e899968d,0.25052083333333336
597820c95f33ff90032a0a04e5c5ff52,0.35399305555555555
cc6c3b6a133051edccf2b2757ffe4b20,0.25399305555555557
5123b1f12400af8e0430b6ca3462a293,0.9230902777777777
e43b95243f690397517fe6b98805d4d8,0.7920138888888889
9f13720b7f0369c29097440c34826adb,0.22109375
15aa869f99eeab35ee93765cf707a03f,0.08454861111111112
c99a3ba10ae5b071d73f68a4e6aa3743,0.47769097222222223
99dd0912add388b6e4a157fceaabddfc,0.48819444444444443
526df48a9d117d42d33dedcf167ab560,0.22109375
1f6c63508c73d35045812858d24af861,0.31649305555555557
8ea17e7416cec63af35facb7cb9e2cfc,0.43697916666666664
4b1a1b777982da472bdafe8a3332df0b,0.21996527777777777
27a2daba133b2f5a8e375a6dccca24fe,0.3993055555555556
e5abbdbcbfa6a8d63139aa647c548d9f,0.7875868055555556
182f6b19722bec72800bb5d79c6305a4,0.5373263888888888
d26c1629692a77263c2f940525acf9f5,0.4263888888888889
2669d3f7c4a58c87ab08693a1dfc8e1c,0.2777777777777778
0dd40836b1d3c7190f56603d43e40447,0.3567708333333333
d3d5eee2166e9c18961f9a5ca1745b3d,0.4588541666666667
d85e43cdee1a57db9deae0fee0f5f799,0.39427083333333335
2e9706696446a84ac8067157c7f0f448,0.5079861111111111
db328957b78a999dcfd2ad1e2166b926,0.7036458333333333
d01a571cc46f9ca0b960d02dc695b5d6,0.7885416666666667
ddeef84e24bff3645f0d37e80dd61683,0.9020833333333333
1b68f48f998fa860b6100e8a38f02a9a,0.8069444444444445
b9f52930d789853c476dc4b1f4607588,0.6848090277777777
59da5c4c465da4810b61eb18793f092e,0.35659722222222223
584168c5b7645329567159dec5c83ac0,0.7948784722222222
096c47e41c46b11e52c904ba1851562e,0.010069444444444445
32782379e1f1c4249008c06108c3f640,0.0685763888888889
912921118d55cd3d04120cdf1dcadc17,0.14574652777777777
c029cd8ecd5d4ff1f81242936cadff37,0.22664930555555557
d3f7dab99cf6944785e64a72b94e60a4,0.4134548611111111
52787adfee11e11ebbe3db418c3ad64e,0.2894097222222222
2d3ee365b71ae6b6ea1044640b34976c,0.2482638888888889
c54049027092443d75f67305ddd65f82,0.5973958333333333
1416f11c7f6d6a06a56674411b593b0e,0.5144097222222223
df80a1789309fd28b7a4532714b65846,0.30104166666666665
e5d8fc321151319ffa4866fb89e968a5,0.5932291666666667
bdb7d1755b6b1ee6a162a08a114d80af,0.6977430555555556
e906a0768cf83b1cc4f2422bafc3b3c3,0.09401041666666667
b973b55e549037d51741f3c8bbabc7a4,0.37430555555555556
63c50649a891f32cb2cb8f589d5aaa8e,0.3853298611111111
aca8f26509ee196b02cfffa22ac6b626,0.09131944444444444
663c55ab00e3decf3fdd40ba96b8c02a,0.09401041666666667
d9be9183d0db47102f71f868d569d852,0.16006944444444443
708d23d3ea63c95d06c7d0fe8e70cc21,0.27005208333333336
384228252835b82fffab39883e53e62b,0.4137152777777778
f0a213e8352d8e3649822f4163e3bf6e,0.2855034722222222
f221c2f8cd046dfa8a0bd96d8d7cc59a,0.058506944444444445
14febf6425b0348a7338e3f16adac239,0.4546875
ab77761079961bdd2c832a483984789b,0.1046875
06ee4ac9b7520239782cb037cea56028,0.1795138888888889
c421763e3029293bb89d199b53ce9512,0.11423611111111111
c1763175274168ce2513653ee1bcd117,0.5677083333333334
f4e1cd4dc2ec7f2b63b589c7f72f41b4,0.0421875
3d0b7b330c2d162497904ad789724f24,0.28194444444444444
c09550b2a9acd26610145a26419595d5,0.10538194444444444
ae3d9ecebdf12cf9ee4a55df560360c4,0.9461805555555556
add11a67f8676d73ff8c6d8961ec5b78,0.8652777777777778
97ca20390224586f903489fd4c2a6c3c,0.7940972222222222
20248dca6a697cbf9c10c895ae4bcadd,0.9463541666666667
b23ac7764a6201fbdc80e0c8b48c4026,0.9276909722222222
2b205f138a1829edb3c14c7adeb9abb2,0.9276909722222222
3d1e37baa2184e5e88ab627f54676a79,0.12534722222222222
ee1476da034312464ac0de46576e57d9,0.3038194444444444
bd280c8e0186ae40713b01feaa9ba3c8,0.27326388888888886
dae41855408ed8621510764e0a81124b,0.20572916666666666
18dd97de42c03e867fdf64a6c1d3ec45,0.6211805555555555
3c7cc891f98113e5987c266f9075a692,0.1837673611111111
e132d7dbd1427d7b513793f18c8a983e,0.8809027777777778
eefe6370f8e9894d9f96dbc18675dbf2,0.7423611111111111
e855774997e672fd4c9876b1c99e591b,0.0005208333333333333
ca2ee345c83fe9fe34fe2886826dcf90,0.9817708333333334
5895557ae0c9e735b5c613cbc10f828a,0.09930555555555555
cd1dc8ffa69786801c259e027a73e451,0.9699652777777777
ed67d6757808102aa983ddf8241bbde3,0.7482638888888888
edaf658229d70b181f42f4766c0b5c82,0.6864583333333333
cb66a5f78bbe13fb7c4100849df6e352,0.7785590277777777
e71daa048ea391a1bf3cfab8b7e945f2,0.2925347222222222
1ed1bfbe81dd1f3483b540a26530b937,0.7270833333333333
1afedc9089350a5ed59aba5e307748fb,0.690625
dba93e1d4b2359f5fde4aaa24f24c238,0.27743055555555557
84a5a00ebf0476075e050aa082b202ae,0.03715277777777778
71ea4885269f790b9b89d590bf180203,0.23958333333333334
91a6602dd15fe11b1f184ff4f794f607,0.6786458333333333
2f15f03e901daffb2e783d1dc0b0efa5,0.6626736111111111
36818762e25157a3e510518a13668f8b,0.2629340277777778
53e277328c898d6e04343a113fbdc758,0.7079861111111111
6f13934272f33d81ce9341ba7e41d75b,0.47682291666666665
7a2b54e14898c084bfe8652370022f5f,0.06145833333333333
82a98a7f3b51072b62b61b54bfa3c0e5,0.29461805555555554
a35513e23aec398dd5ca8b0ed9fb0f38,0.38645833333333335
11718aa12adf0bd47b28726862d5ee82,0.7051215277777778
de97017d7a3a25e601b7602665a3fee6,0.5393229166666667
bcecaa7329d2ac60a7366f897ff0a554,0.5518229166666667
b75d63e2d84ee631354c10449d188a87,0.4306423611111111
9fd6d1b5a546d0676bf927277813acd5,0.4127604166666667
82acb77d09a2dc7818bd4ccc8587c602,0.3259548611111111
794e6cc9845e52fa8c7a869179d5ea12,0.10043402777777778
a6c9c5da4d067883dbda01d5bfc4d66e,0.7263888888888889
c4aaf62c81a8d0041a416573e984feda,0.7008680555555555
849f5487f548110f9bd5ef467a095aa1,0.29322916666666665
124b2f11bab8080308bd5361676fb148,0.4439236111111111
10ae07430fa05add2e7259cab4eac9a6,0.6247395833333333
c732b27a43fb6aa360cb61cc073de62a,0.33611111111111114
5747e466c4cf5e4ca8a31e4e6ebd7f6d,0.8225694444444445
63fd2b32bda861d9b57593d86c219545,0.5052083333333334
4825af2783f2cc71419f174004c63f64,0.6915798611111111
c4b0a8fd5560a24177ebc4583c50963a,0.5315104166666667
20b33c4e9d253bc0c5cbd4ea81d070dc,0.6879340277777778
6e4d9f8199761d33fa12e42f91128e3e,0.47647569444444443
98442e6241f5cb8a0540cfbdf850fffe,0.7229166666666667
99401bb7e67ae0c37ee9357502a77bd8,0.5447048611111112
bb86d29b51a85440ead5b7c24224d626,0.3506944444444444
1067f5f3c8d61def137313c56d8078a6,0.83671875
f9f01bceaa1b3181352ad126d91197cd,0.7196180555555556
b59c93b883d44fcb0d61dcd49674c22a,0.41953125
a99ec03d7680e3760c2fa7a48e005647,0.934375
eab52abd0017c1459c8fcced852d6c8c,0.9052083333333333
d720aba739903238a1743c641a7a663e,0.8324652777777778
b2ae9b747ac6326d404d869b570beb4f,0.8734375
e49158cf3b35c9e0876d2fbe904c7d7e,0.8649305555555555
800f4f3cd6f7426ab43f4709a3c00260,0.7282986111111112
69c47aa63a6c9b983276e6ba91be60d5,0.17717013888888888
207316f11f1d81640c143638d880bcc2,0.3888888888888889
cad80a06d9fc9966f1146f4f7d4ce2d4,0.2635416666666667
d6fd309d19ef63065c431e9df39c5f0c,0.703125
abad72fd199747aeb052a046768bab40,0.12378472222222223
0c263d640058667b138e247c2897de14,0.08680555555555555
155c76ca8c0500c9ff938b9197ee5444,0.8328125
ae0b6eeabfa971454416b1b1c82ecdbc,0.7182291666666667
188ff2f23c4d8559d155d7f83143b562,0.3245659722222222
7407a1c0f51728b45c1ae7a06351471e,0.4292534722222222
b6392905b0fe295106dfe4f3cdb4dda4,0.7277777777777777
dfcc34424bbad84262ab6f770e4504f9,0.8673611111111111
4afbb7aa83ef91e8f69a0466efa9f982,0.8010416666666667
925305e94f970635f1751f201134f9db,0.9035590277777777
d0539076c70f3fd518fd3628c9e9d747,0.8416666666666667
dc49913b55d4ed7d41f800c5da0a2e53,0.9118923611111112
d3d17cda7612bdbeca9b14de7df2ab8a,0.8381944444444445
449849b5ed0a701e890968220172aafe,0.9397569444444445
2cff3c8b22e7c0a27fb37df688962d7a,0.6059027777777778
c1c45d9c43e2558b62ecdbdbd9db754f,0.9815972222222222
58144b9a1f86dc8fb663b075cd997c97,0.9717013888888889
81f13f629a779d0fde197beed418d87d,0.8378472222222222
b5136bcb583957d2b0c04d0671f1f712,0.91953125
e053fc5cd6792c84f731b07fa063c939,0.9619791666666667
be8a6669e2f7cd356a308b237fd13168,0.8668402777777777
7ee7c90e7eab97f444821edce9849bab,0.20868055555555556
1c1d2465768c3925538db240fbede2fd,0.10260416666666666
30f817b6b5678f66e1794658a2cf2931,0.2378472222222222
592d0fc56c8b856ca300f90f27e4ecf4,0.7739583333333333
ef8f55a24956a00f44be61cee9385f46,0.5230902777777777
3328dc595af560159ac54cf4c51ff793,0.8390625
efd1f4fc03fcf2789eeb31628a812b41,0.9451388888888889
73e4b43cccfa0962d81bdeb25fc6be65,0.984375
52db3a6b914e633aeac0aba70443e55b,0.9902777777777778
61073747df63a679fd10b7157a66e6ea,0.9078125
9bdaf1ff78331a47f77a68aee0e9ba5b,0.9803819444444445
b9ea8f290dc2d491c41ef2fdf7d64a30,0.7952256944444445
1f33e46df55a37f986f82232a741649c,0.8677083333333333
e13adc544acb8d04513977a1e8c89e3d,0.9965277777777778
25b776d281ce5cf328f73b96ca1b2a1f,0.8834201388888889
53c1b1bd5441355df827fc0e24809e8c,0.8142361111111112
a1fc38fb39336b52c7e58b2663463e69,0.6894965277777778
aa52aa49fec5035a458507e9f1d4a06d,0.44774305555555555
4f84be385798fd371e85c398048375a9,0.6814236111111112
98da0aba2fa99526745c00bbf163aa67,0.17465277777777777
ae30ec260762f19205549a69de10398a,0.490625
8b61e9050c23ac02c52388c28f3b91d7,0.43333333333333335
83776b3a85b869e121fddffe51600463,0.16987847222222222
2ca488e639a4ad30cd28a0081c267dff,0.8277777777777777
102b33260d843d5f47802c7ca5d76f7a,0.9300347222222223
f9f911f2a6f1c1d8050940de2b852244,0.9145833333333333
2753829220e802084aa3d60f9c4fbe09,0.7798611111111111
ebf97a3d50368096737febe6d7567934,0.9128472222222223
803650ba495ff056d32382fd882d0770,0.8591145833333333
a880ff88fd94e666c32c5f760d37066f,0.30225694444444445
bf06ad47e5acd501500c3eb9b98a4f2e,0.39253472222222224
d23def06b4f54d57a3bff7048e9e7b3a,0.6734375
0916b45847384bd91381e2e1ecf1f8ef,0.7607638888888889
cafef903f705d9bae8c97ed694e6d47c,0.4942708333333333
10c150054706b4828a9053a00e7e3233,0.49774305555555554
3d85483525b955e886c67fb9ddd84ab3,0.40034722222222224
543ba4007fea277651d6baa9157630b1,0.18611111111111112
aee4833451fcfb2201cf10d679289dca,0.21883680555555557
c3d8e7a8334251205ce21d067361bc2a,0.4935763888888889
3183186d1fa414035034863724c77b48,0.6861111111111111
1dab582fc1c5e01e4ddefe542fc3bcef,0.4210069444444444
87ed7e16f05324246ae975b35d042ab4,0.7146701388888889
4e4fdb47001a4ca0fef4683587e365a0,0.6807291666666667
649fbc2df4f9513e233d997cea89d0fd,0.7077256944444444
ff7fd302823c22b811a1fb3bd20e2039,0.4037326388888889
7143f44f36a83bcd5d72ae4317a843ea,0.4037326388888889
032a6c19b1af962e897e6b915163e0b4,0.7020833333333333
e5a69b7cbdbfe32822a215bed0752cbf,0.14774305555555556
75497c70ec1dcb4a2cae1e7c2d7017ee,0.359375
c6daca17a6618adb17da540ea9c07a19,0.2421875
70a4e26adef7abdb3cb808c104b438cf,0.4901041666666667
ad33aba6c35f35ad92fb67226934583b,0.5585069444444445
e103da9552caacf1aabbf54f8e7cb0e5,0.17291666666666666
81496ab942f0a0b69e510d8836b4456b,0.19644097222222223
4ce953f0465e206de2738e2c99b81d49,0.40520833333333334
440bf715c8cf1daeed4d6dca172e2d73,0.13385416666666666
c9137c0085bfbbb29c80e6b8dfc6654f,0.4801215277777778
3764991bc0053ce715bc7d2c76717bf0,0.2916666666666667
fb1011fe596b6648613dbdd60997a6a3,0.38211805555555556
4df4f346ec886009be4bcf27d0402ec7,0.002864583333333333
363f81bad376bf4d5c82cae54b43b0bf,0.10112847222222222
275b19502013e29c1f461ae10d5a2c9b,0.27630208333333334
d8062e9ff814164d5802e434b055cf3d,0.07387152777777778
247c7132a5fdcb721bce0e89c9694ea0,0.03611111111111111
1f7fb7c02e0e15a9126464865bd597e9,0.025954861111111113
b399b699d1bffdcac60c0b3da967f13d,0.22690972222222222
ee8a14c8f0fefe4dca6c4188ac3433c5,0.23489583333333333
7628c7ac519d839203e582b05e37cc50,0.7039930555555556
1fd852bbc7d3b4e5d4c2b0a53be6c715,0.22465277777777778
2977d739a7c0cb01ab05ed2cc81ff181,0.19053819444444445
a0dbc5ccab7b6c23d1f30f9a8af1d7aa,0.7222222222222222
6a6c8bb4398d0b1535a2b35ae40b1416,0.2644097222222222
a5b86ff79baeb724ec54a923066cd7a8,0.25625
2ff4b3b8800e071aba9abad5d9331df6,0.057465277777777775
8e099a3459ed6e0f81f13291a7a70587,0.0578125
424fb5b0ec23f131094339491392db35,0.17256944444444444
87d76e6a7a7bc638f385a62c645d2fd5,0.3684027777777778
77c297a28cca5dfe5e50307aadaf0052,0.03576388888888889
1f2345bc6722c68c71842b47de3d99e4,0.4088541666666667
bdadbf61880893a30a0bed72837ada6c,0.7961805555555556
ec649f1199e1026563cb52c42ebe0351,0.1322048611111111
37f52aed979b0189d673c7577406261e,0.509375
79fc15c7ebafff8f8a4743cabbba6cfe,0.6850694444444444
cb9f56197a84ec5fc3a5c392ea0ac022,0.5618923611111111
0dcb99ea4b3ae4958dfb3d6b3be2416b,0.6462673611111112
030d2799de44f70e8f6d85cd9517c817,0.8030381944444445
a5e6c18e9fb6e08378955d8cf8eed359,0.6871527777777777
8018bc508cc7c61b38e49652ddeabc40,0.4888888888888889
a29f6c4f9f60141089edeb8e0ade6174,0.37604166666666666
683bc63b39eefcc1462b7e29224a7fb2,0.8690972222222222
534c9cbcfc05cefe6732ea07531b7452,0.7404513888888888
4dca7e4b0668bdbd65a47c2cf56e4457,0.8263888888888888
dc1432d9a377e864fab63646efd7ff1e,0.6824652777777778
83092fcbb4e11abf798be626356bc438,0.5579861111111111
cd4471e572a8a26a7bdde4cff4738bde,0.7993055555555556
2d36de9dfbdb020e28ad9f1d7f7a8547,0.9810763888888889
38e5189f5e61e515a572dc678d33c0f9,0.9771701388888889
e49b7274e5325c8f8afe99aa45c3ba2f,0.7991319444444445
18f3f7c010f83b0e0b55a2f83bbd3d26,0.8993923611111111
01a5f9edca5c6594f425eb74852d9d30,0.9949652777777778
ca9882ca964afe717690aaa77161fac5,0.8694444444444445
4c2df2920418e1ca3a0250a549adf645,0.6331597222222223
ad5bd16d40dc72eaa26c6017577cbf83,0.3689236111111111
d94b1bb109d8bed7c02fc3176ae78e8e,0.4670138888888889
1e4d879c08fc4023b0c766702b221b7c,0.8369791666666667
d8fa1c80c12ddb8e3516efdbce50a370,0.37083333333333335
7cf7d61c970f847dfef65ad1e42acfe0,0.5657986111111111
c77253242ce49e4a25ff65ac2a5a3128,0.7913194444444445
ba86c1d29f9fb9e49f88565916d07846,0.34878472222222223
567df6dcf0c93842f7424838680dfc04,0.5407986111111112
cfbd7cd1736314247438cbc6f92436fa,0.7215277777777778
0315efa8c30969fd920702310494d3ad,0.3921875
cd4b58b9c6ee75defdaaaaf59a6961db,0.6397569444444444
bbece7cdc8bba795a7da180f37076b87,0.32977430555555554
dcb8afa07aa817b01a1e0c8732aa2f9b,0.4267361111111111
ab0fa0e6dfcf54fd521ff9d474120a01,0.784375
cfd2e0b84c51a79a8400faf462534ff2,0.6410590277777778
426e1406643d4ac1b16b0537860151e2,0.71015625
41d4c293a23ce8304a4c8b67a50e4eec,0.8518229166666667
9fc5e80f854aa42f25bdab5dbf41844c,0.2568576388888889
fb209a315668fcacbcbdfe4dbf219212,0.42986111111111114
57f9b132ca46a1868e746bb87c0a220b,0.14375
2d69c91abead820d24d05a77906be810,0.31354166666666666
d08ab9e793a4ba221a682f6f9d359ceb,0.07456597222222222
96137d3d1cd0a2ddf73f3d3923e0a58e,0.03819444444444445
6709a6098170210f9085594d44c1ee7f,0.8916666666666667
c8a42d0fc50c05396ee194849c3cd6e4,0.7390625
ced51bdd92f51896fcfdb575155b4306,0.8085069444444445
09ba2bbabc10602e4ea36ce19666067e,0.8675347222222223
59ec37a449e6e9ee4a97ed000eea265e,0.8052083333333333
1d7104edcfe27480a2c70aa884437ea5,0.8329861111111111
8eb1477d4d8ce0d1ce2091796a6efe29,0.24904513888888888
ca0e0576bcbddc274ade5ff673d142a9,0.5064236111111111
70777e452e606c6f72415a2b9fbe64b0,0.22057291666666667
4c04bc612ea19f9a57608cce285c8e81,0.039149305555555555
8c9710b2302712caf4fc5881865b9a89,0.3293402777777778
2023ccbbf5a491ad4fe155f7b5b3e40f,0.25234375
d5e0311020cd24aa271f434ed15e1867,0.7555555555555555
538c510bdc6fc29867e452ecfacd6f73,0.9829861111111111
c3acb4c88debb04330eccdb276c54ec1,0.7624131944444444
00a7adab87615549bc296eb45ae6227e,0.6026041666666667
f1e43bc0ad75b2eeaf7756ae0e6fc3d6,0.928125
3d406766f56a9f4d6d07cb1f50d2ec68,0.8458333333333333
feecf22c2617cbd66220823cf027beac,0.4079861111111111
7b814d8fd79f8e6b0f9ab7cbd7ed3138,0.6060763888888889
c95cfe5efc8292f184de62d842b62113,0.28897569444444443
3b9494082c9faa7570e25026241ae20a,0.43255208333333334
52daea6c2a645b7112c1392bdb31a0f6,0.29348958333333336
f35528c4888becc206785cf1163fbd91,0.13159722222222223
21042742083c7eea17ffb44f8ea434f4,0.47604166666666664
b4a60150070a1b6ab56583d72a4397a3,0.4861979166666667
3882c30e7a1e94d71792f7f594981155,0.2607638888888889
8647c3cf618fef350db5dea9049e9e90,0.2953125
ef166186249bdfe2505e6fe8e27d4225,0.5609375
b74daefc3fe3bdb236999812ca9382de,0.13159722222222223
15258021ec2466a36a70c16b13747239,0.9309027777777777
33fe44f9c37802fdaf4a0a0780b1f5d7,0.9680555555555556
d4753a24f5a11242f6e32fcaab95c53f,0.9894965277777777
cb3567779fb7574fbc7684bfe5c4fcc8,0.9697916666666667
86a94ec404e54dd0e24cb4e55d89153b,0.9888888888888889
e811c0d6ed16d139ebdf3ffc601f724c,0.9191840277777777
d220c0afe5e8ab641411af2ebe74fa60,0.11736111111111111
44c5908e8c90ff6a506be76bd98732b2,0.11388888888888889
e7174f83ee681577ad33c502bf66f0b0,0.04548611111111111
ce7b74fd72fcfeca8eeb644995c8b3f4,0.2938368055555556
2656e4c1530f8d605dc7501259934318,0.053125
374420a9c2b8758ebe0981d0c78d8190,0.17586805555555557
24f6c80d1dff93efc7d06893de91a356,0.06449652777777778
9f7f4e5072735c257bf1b5da7981e347,0.025
f15f3a72c66b6b39877f2e4ebb1ddae0,0.05651041666666667
f1e5a559502915b2ff79aa6053b39a2f,0.07934027777777777
70906ae0ef8fff7bc422b5a0e54b16e4,0.11753472222222222
b4329cf72e79ffbdecb6536129443543,0.011979166666666667
1c2fe324b0a20fe4c0ded57a76825d75,0.7791666666666667
92f8f498d053fbe5f0d14698f94803a1,0.48072916666666665
92deb7e1f3cf0c665f333fb13776d3cd,0.6335069444444444
d53e8e33f8ab9b03d0f95f3afcf818ed,0.7444444444444445
0c91853bf3d55187e7a73400f3b770f2,0.12413194444444445
4d7585c4c475590f0c852f06c0018da8,0.5449652777777778
71b358a5b10873df33dac012a6095cf8,0.021354166666666667
1647b16beefba3b8c95c334a40962ea9,0.008333333333333333
7bb9579e7e087e890430f6357418df99,0.20694444444444443
27d63c6202dd27fcd467d139d8daf6a7,0.007465277777777778
8be83112db417be1b887e17f5167df85,0.007291666666666667
ca5e4294b79f9a7af822815e2c862a5f,0.5223958333333333
12fb3f68481569f29376b8b0209661e0,0.15824652777777778
e33cbec6a8b9f7aee0c94602a9eec8fb,0.16258680555555555
fa72d0d7516ddcc8a65f95acedca3d5a,0.08038194444444445
e98800541e0d2e2c7f2738f60f5aecfe,0.24131944444444445
97b1ad04831170f1010610040086887e,0.24583333333333332
8f01f7cdb9112a4bae880e023e634844,0.44331597222222224
ac677a9081e6ed2b2ec56b61270aa4dd,0.6360243055555556
19105ced3a3ce0c500586483f991aff5,0.7177951388888889
efb62126216e4593e5b1da42847409a1,0.7237847222222222
d7736b0bce9f8c61842d9c8b67f96595,0.6486979166666667
db23a3616b542cb7f5e9956ce8e3bdb8,0.3390625
a4fb446cf7310a9ec8e95c05f99c7208,0.8401041666666667
ddf2d8d3d16eccc94180a996d527f6a2,0.6416666666666667
13c00d89c77da62b37c3ad1ebfa188af,0.8758680555555556
3280043a35598b160233f745c23f7cbc,0.5232638888888889
39edb5e6a7ad31e277b7ddae1b688e62,0.8605902777777777
8986c81cc399746d29f8a151acad96c0,0.5498263888888889
68e6b0ef13fb69e18b6509b3c999dbab,0.6475694444444444
a2e302bcb06e4d7dae7ee4c1e100985f,0.37873263888888886
f0e2b6ba6c83c23d9c6700793d39f986,0.36041666666666666
1c43df34bd41ebf283cd44aa0bcfa8c8,0.184375
26f9521dc88d7dca46beaf8f5a1d9ae8,0.8545138888888889
f98a89cb712a827e8feb8e56a9965b2e,0.26006944444444446
694447935a58c22a95e9b0d7cd7c1403,0.6630208333333333
898411a46bdc646127f03e9455de4d28,0.3828125
bc40c42c7e4c86398bde8fa4d446e4d7,0.06684027777777778
45750490cec64c819d7eb31145f537aa,0.31171875
482d02788321e0b45450ae1ee1bb8b53,0.11684027777777778
282d97f82ce7594f269e962d814b1880,0.07256944444444445
c2db1bd685a28bf53859286176d0c986,0.06336805555555555
d237b63e8a94f6fd2c11c9c3fb8dfb2a,0.6534722222222222
1665abc8447479262e86da338bf85c1a,0.8088541666666667
959607b405428d6c1cf618495e318579,0.2651909722222222
39d6e14a198f0a9c642f5994387f3681,0.08194444444444444
4ce69f4ea145da2e35163da634f03e96,0.28680555555555554
bfb3c1c27030d923567558d8a6140773,0.2590277777777778
fe5530919da5a01a7074b8d51624c208,0.03802083333333333
13e11a0ca8fec95df4a6fd46fdd996b7,0.5845486111111111
89b94ca58586d8f5ed2bcc1566811a1f,0.01953125
2228fd0486e50d89573c07b54a8402fd,0.02248263888888889
1543361b60488ea95ee9d37aebcd4f8e,0.03975694444444444
8b1d8a29e493087dee744b38e5b58797,0.003125
3b333293b592abe1867fcabe299a0f8a,0.29965277777777777
cf39cf11254d9f4a5707519d834095db,0.1361111111111111
93cd3089150463f071d7d65310307c73,0.39947916666666666
05cfadb81fbb73496f2584470955d07e,0.40703125
0f3a89057669ccbada994457d42bc003,0.3719618055555556
d892b24fb5ee4cab29ff54628a37517a,0.3719618055555556
f61fc235b2e5c33025c880454a8bf956,0.26788194444444446
fed082928ca277436891964ee2d98c63,0.33177083333333335
db1f4d666baab350d6aa06222b60e07d,0.1837673611111111
0f3296e3ef652f2850b3a631ac6333f2,0.4166666666666667
2f9c81e36868f1ed57c9aebe5fab2cf4,0.103125
759749bd237fd6d76f2d99944d4b8ff4,0.3876736111111111
9b9bb870e75e1f0e96aadfad31b4b31d,0.7168402777777778
9814abbfe6b46e12afa5c44dc7ee5ddc,0.7395833333333334
3be54466cb3a518b746d2bec1a77289e,0.7206597222222222
668b4bf3fb128502a6562fe7444d9f11,0.7704861111111111
954d657f3ccd824cd2eed37f9945e214,0.42960069444444443
52c89c88fcee86daf3f56b644b72594d,0.9420138888888889
29d7241e9d0f70d237767a316b0ac31e,0.7709201388888889
2fae0283920263328aae84152ca2529a,0.8288194444444444
a6002220c568665e04654e64fd38b010,0.8866319444444445
a2d3d5f616a12a270fd04ec2a10a293f,0.9171875
791c75141291a624437b2252a57dc455,0.8876736111111111
679f89396c197d514adbcbedc94fd083,0.9405381944444444
0b66f0dd3d31bb038d570b5183cad60c,0.09713541666666667
9a82d7087ee3894c529e6bbd51a4c584,0.128125
a49473285708bfa91f6ac052ae4606f0,0.16796875
3fa32a1ba03da9d5791e111d3329ad5b,0.025347222222222222
d33c1b6cf0575d10d4bedfb646d3d6be,0.09713541666666667
525ae58fc2514697c6f70542e41cb376,0.029166666666666667
d8918ccdd8176d55cad4f95d1ca545a2,0.49444444444444446
c126ea38cdb69c683ab76d792b1025c2,0.5111111111111111
84b4e637f1a22c59b5e90e165a836b1c,0.7590277777777777
f2264bfb5480f21d1c76046eabb2b63e,0.4348958333333333
8cde200aee9c5edcdabca7a598b6199e,0.6701388888888888
28df4a449e0f11094fd854195c14295c,0.8331597222222222
609ef3c77c81d226f4a060622a79a13c,0.5925347222222223
bf81332e1eda24a2af77d838bcc5b82b,0.40616319444444443
e727664716e0791a92796f11198fac0f,0.215625
b9012d4bdce86e0ce4ec3defcbb2e615,0.11848958333333333
054533fada252149c2ede63d5c254ad6,0.16822916666666668
b405cc2adfc636c1cda9e6a9c8a47fad,0.28072916666666664
809c0c17bcf718e3bda9bacf56f027b1,0.7149305555555555
3399b1d8bbdfc686a1eb7d08c7b8c892,0.5315104166666667
ee7b361c85dfb89ac502cec35b53ac14,0.4046875
2f67e4014174fc15ec54ae5c2cf2a222,0.19913194444444443
7b4da4cfbc0ebd72c9e37330f2bb7e26,0.29444444444444445
781a2e5884a2678a9de5b0392e412768,0.5052083333333334
e066317fd4d0b50556eab96efacfed41,0.5527777777777778
7a569dd547d2588b25a8d2542e8b9dd1,0.9425347222222222
a6af7219e8619cf8fe985ea58e4a85b6,0.5140625
21292051fe501fecb17c7dc2da426978,0.7743055555555556
036f9cbf26fc636a591502d5a3e7e3d2,0.9777777777777777
d0c5bf14bd2005748b3b46a625e387e7,0.30399305555555556
39047da14df0f4bff1436f28e801135a,0.40225694444444443
a8922c8ac8e430e65fad3726f05417b7,0.37118055555555557
a5527af767eed3a1cafd0dcaec4c5626,0.6790798611111111
2cf7edad0d2d627442a2e62e3a326827,0.49149305555555556
52239892b8c094c688579294341950b7,0.6560763888888889
5d3f82c31b46ed5087c90cea3f19727b,0.7407986111111111
0dbce0759362802a3f4564bd7ba70613,0.5572916666666666
2119cf15c6864afe28dd8d640cea6965,0.32977430555555554
5f003a873a7a522163491ee9b04da8f6,0.7203993055555555
626abd827f5d799ee52d6b0e685a60eb,0.16493055555555555
ab27387b381fe32c06b9f80e860400d7,0.71015625
4c27ea192f9626de1b82024f081d7caf,0.6410590277777778
e173499347764d716e824ad505cfe0f5,0.4440972222222222
a5b07aab40a8163fce4a31e4c8cf0569,0.08081597222222223
22f352f58c9befa07f489899b595ac0c,0.3572048611111111
1e907f5a68b4349c20764ed0f5faa5da,0.45069444444444445
7c0455cf677fd9488b596ccc1228541d,0.2534722222222222
4b8c1403038fd2d18455eaca9b1efd4b,0.1642361111111111
f619d9e0fe0f94fb399f9ba4dd64721d,0.007899305555555555
ed4dc7f5e71328fcfb5072b9cbf731bd,0.016666666666666666
fe1dfb99ee05c60e38d0b6ac3773fc47,0.10182291666666667
cb49a5ee0f8425c620d2b090f40ae05c,0.10182291666666667
6b3241119816000a8dbc8f1859711f89,0.016319444444444445
ae9c50c9261b6f73d6ac78acc5003087,0.006423611111111111
b96839289d1f5ce1133211abac53eb96,0.18220486111111112
dd0781cc11557f506595b586aac3e9ce,0.2782986111111111
93d80f3eacdeb98b26d0ba2a943b6e68,0.06267361111111111
5f565a8c194f4ba471806cdaee9612d3,0.27005208333333336
ca5053cccffef98ef11446897fbbfe4b,0.35234375
472cfaa885fc9f1b2ca217ff6928f909,0.4546875
a049b38e63ecf28998abeac8fbc75dee,0.7457465277777777
b1b3cd0ab9078e27665b57089519d5ed,0.80234375
a91d38dffaea5b60da9bcfb70a6a7e30,0.6721354166666667
ef648ec2ba848004890f46ba40586c42,0.2921875
ebaef5f7631ba1ee76371be9ca81f776,0.5555555555555556
93e0827acfcf8ff42be56de2a942f0e3,0.80234375
9988abbad701fee56bd5f086c0cb958b,0.9444444444444444
a38fb76df04a4b58f7d59768d4ad2716,0.97890625
dbc43dcc0f0b029a0bd21d6202919109,0.8784722222222222
92a67c548d89b0593cfaaa3b027b95e2,0.8065972222222222
90bec0ae69e318a63aac2b30ba7c0d55,0.996875
b05875a4ac6512f97d2754c62d9eed70,0.9444444444444444
7e591526b2c13a160f3a4a12a3fb0252,0.8333333333333334
4eebc5e7fd63f9fd684a5c0dccc0058f,0.5802951388888888
58fc0848e8cff1429fe5438884a622ea,0.9138888888888889
d5b7c7cc471aa359469da2bb7e177395,0.010763888888888889
0b0307764a78ff3ab1b0212535de4071,0.6977430555555556
9ab82bfb081b3f3b484dbb57b15ba355,0.30520833333333336
5a49fdffbb375fa65e6cbe2903ba10ad,0.7560763888888888
dc7cba423ae93cf4e88014c7f815499c,0.6256944444444444
b994099ab951951b2161dbaccaba8f4c,0.6810763888888889
6a83c31e71597eae00d18fb6c4631ca1,0.8685763888888889
da12928a7edf59b1455e1fcfb97e3d7f,0.8802083333333334
fe47c40531dcb6e3af93023fb7fdda6d,0.7474826388888889
06bcc5063f324dfdd54724fba57f8aaa,0.41024305555555557
adae6757170f4959cc91a1d873a8ac1c,0.6659722222222222
43711c29218934157c5b6ccd477b8dda,0.4730034722222222
6c8ba69b608632fc6cbc6ee6e0a8e119,0.5430555555555555
162e9b02ffdc9902bfc8cb3f818d1f50,0.7944444444444444
f926a32768934fe73c2a298416e3a168,0.5538194444444444
aef4037646fec242815c887a2e222fbe,0.5146701388888889
d292d9a24951d09e90c4fe0effae8f1a,0.4918402777777778
5f8dd69cfb751212b4ec10ce39792955,0.5723958333333333
5d1b20f112465453d385c2219d699398,0.3237847222222222
482bfcc9dea96e19b210559d2b863c10,0.40069444444444446
551a3a056f96f15ce8575599eeb6ae8f,0.46163194444444444
231acf5e8e1aa7d7bf80daab9db60e3e,0.3951388888888889
05089d65963a351f9a7f3e9c45685b5d,0.6118055555555556
35623648f3d4d2de50e3f3d54f993d60,0.4001736111111111
d25c7534e20df82c83d5c140415784f2,0.4864583333333333
cd47a71d48a409e8324527232895b968,0.42291666666666666
240eec175eadeee23a0cbe75dcfe65f8,0.4253472222222222
041f1ca3b36cf6d6cd7598554af4ea6c,0.6081597222222223
2e89a52ebf32635a76a8f5aefbf16591,0.6706597222222223
10bc4dcedc8f267cc8d8945e7f1fc642,0.9063368055555555
9ad559064f23d20c1269766b83ccb0ed,0.2743923611111111
60f9b0e15a5d7b2609c311f663fb7f4d,0.3223958333333333
98b0c9328cbea74a8dd4f3e600f96ce5,0.48098958333333336
ccbbf562ad44672731b576945ffc1c3e,0.12395833333333334
d15f74493b4a0954662e5e84cde46e3f,0.03159722222222222
0a0f719646b024f4eb60de61a178f68c,0.14947916666666666
de4c1aafe394ddad621e4abb5a426299,0.23819444444444443
e94782e020b0acff040c2ae7ad615c40,0.08854166666666667
8de15885b9e113189833b7f081f0c9df,0.06987847222222222
8be12523bde3616f17f0a8741d295f4b,0.6732638888888889
9c2399348c1fbb431f919004116b48c2,0.8119791666666667
47ba00f14dfdd0ce5700ce082aae0639,0.8056423611111111
277a21a2065c96dbad597f04536cb916,0.4953125
9f51137890cae19cff32c69c8ff2fdc5,0.8791666666666667
6f749e04ef287fa506ed9e64d944a157,0.7536458333333333
4d01db923a2590347c06c104b7d9cb95,0.1519097222222222
eb1dd1c2e55ceabec58b417748c21033,0.30694444444444446
3543c52e5afaed5fa85000ac48311bba,0.4015625
e39cff9ce26c16fa099875f5d0a9ed96,0.14878472222222222
766fb167e67cbb6034511c78be2a4d4f,0.3095486111111111
aac026bc1ae2dd99b0e21e3e6544c98f,0.19027777777777777
a8aa92474b031a8b3b76f5bc0c0f8e64,0.36553819444444446
4ba7f30ae54b613a34cbccd1c9704d1b,0.34427083333333336
a839d05f3f758f63a9068d0811ccd080,0.43645833333333334
93444e2de25c125e4543ce30a0449a6f,0.33576388888888886
3a1d894d413d2157343ea00a388455c6,0.24131944444444445
1cf5c6a96336bda1efd4aa82bda2f0e3,0.2581597222222222
ba60c2bab4c1eae04e8111506ff4682f,0.3637152777777778
a5ee7353b06b5add29ce844e8e7e7a55,0.34479166666666666
68dffc5c548b3f7ddb316846f2e0044a,0.2586805555555556
744016709c3fe2b2d18e59292a973e22,0.00920138888888889
5c16d4835ecccef2e3510bcddaef0533,0.175
3ed90aeba4225ca295a6a2105cf88df7,0.4354166666666667
d1e904873048a437892c85a7265faa66,0.7503472222222223
0c3e3e49d542d7157a786155e997a338,0.7872395833333333
2a4b4e719d181d79539335780fb8261f,0.7987847222222222
e71dc8a2fd917fb5f868ee4dc0b68373,0.57265625
bd87979ce52d325cd07a5179053dd788,0.6388888888888888
05047fc5d9c9e471c3da41b0c58387ca,0.5862847222222223
48e6413eebeb31abe99f4f457e1ef208,0.8975694444444444
b397659c140a49632858432c8df51dc3,0.8458333333333333
d61462ce75581c9c924d48dd2ae94e37,0.9460069444444444
3f049efcf042269391fe897f824312bc,0.9439236111111111
47ecfea33369484029d17bf99e574091,0.9358506944444445
9d1f61e8bcf7abc7ebd68c6a4ac4df60,0.9855902777777777
5099937a7879ab85a3db1955ac459bfb,0.6375868055555556
703784487e120f6a0f51078174ec8d2c,0.4251736111111111
546a67dccc9b6d49d9589178f6bb3a96,0.07795138888888889
90d6e5b683e15e34bcda879f5328b28b,0.3107638888888889
303257df3283ee5faffd68cdff8523da,0.5168402777777777
b47e8a0fce2d7dfe46374d4aa0d2338a,0.1359375
21c3c081b019f03bc13322ada27122dd,0.24357638888888888
df084a72a1f1c7b7d4e9ef47efaaf0b9,0.005381944444444444
0a82226a78d46ed381805f608a7eb211,0.00625
7f6140f6b0380a2776f2c2bc34940e5d,0.017881944444444443
62640f50ba04a0559693892d772f1f40,0.006597222222222222
e4309398b0934d79fe16fd5d95d908f7,0.01423611111111111
acd30c8c6f0913f91e68f5c58eaf0d24,0.4152777777777778
0086ccf6312563302c1395ab61a0019b,0.32890625
497d4cfb9382698637c0d0acd0f2ac96,0.19114583333333332
9d2d7f761c68829b77c662abccd37e36,0.45390625
af1828c951989d6f31cec0a709c98855,0.24513888888888888
d3244a2f1feed12b3fd508a0c4e5406c,0.1857638888888889
3b16d45e95b88e54d1a73e33550ccfb2,0.5270833333333333
c03bc425910043621f0db5ba79f60b7e,0.9508680555555555
4b6b2a0f4e92608a855e9d8c3355bb25,0.5678819444444444
0ad571bd4f3705c93841f2b254537b1e,0.4560763888888889
ad82f3dfd1f008abaa9e5b6e85927a8e,0.5185763888888889
a8dc3438bb3aaef609cbe9e39b90e957,0.47456597222222224
a208bd883cd33bd1a740d165fc5131ca,0.9058159722222222
6b9ba84391a3ed9a7924cd4fae205553,0.7706597222222222
8f5eec8800ec95fefefc293709e2ba7c,0.8940972222222222
e4d0bfb7d81a1844c812fdd9b81e49f4,0.8505208333333333
0cf6a32eb310b9762020067f2a537930,0.9625
f3c01aff5c8f34ac1ba3bd4120294b9b,0.7146701388888889
defd258ef6594c2ce3a184b9809ba8e2,0.5237847222222223
b72a0756ce3b6bd4469355ed59a33f68,0.35381944444444446
d6eb7ae8b84decc2d41e250601da2c14,0.5848958333333333
c7d910c553d0e71842d84c0f7d6850a3,0.46631944444444445
a1db63485b3fc61f6d3ad078816ae095,0.2545138888888889
095bf7fb1949552b8559cc0f53eeb388,0.13854166666666667
92d42f66ab7318df22c11df32b774045,0.9253472222222222
1020676110bec680ccd44581fda06929,0.5404513888888889
29988eedf865ba1836ad8fb279913888,0.8111111111111111
c96a0156ee49b0c4e35dab55fa1eda71,0.15876736111111112
47e1057698f9362978fa53fa3edacd14,0.7043402777777777
4339e033bc0c8f2f38325c4665711517,0.7471354166666667
bec8b7d5fa02c3b2337cdd35feff3e5f,0.6678819444444445
93cdb6e86640ad4aa2b80191d5cb5628,0.44973958333333336
ef91fcfed7f817c4f5cd956acf1745a0,0.2623263888888889
e490cb44db0c2741bbf3fb973bf97ae6,0.46041666666666664
b1b367279a3c8d98d5519ce3bd5162b5,0.27239583333333334
5e9af425e3dd2832d0876b3acd43207b,0.44973958333333336
2a8d6a96cec76dfe27178bbd457aef62,0.3131076388888889
7e88e9326f383dbb2c74a1737be8ce93,0.025347222222222222
481517a84eb932a76c92b71924415a79,0.44947916666666665
12fd06e46ef762a7a76025ea01de500c,0.23333333333333334
9b17ac2d1826744db8264c324017e150,0.5670138888888889
f2f01ce3309bc3ce8c5e4aeb48c930ab,0.6255208333333333
3f1b661171c2543d5be3a175321faa93,0.8868055555555555
91a509202ebe617a4917249d46fccb1c,0.97421875
4103f595ffdb907feb6c36acc4393237,0.28715277777777776
6a16d929201f9e4d551ae055cba47bad,0.9491319444444445
51a2aff40ffc5e46d7141855bd591581,0.6288194444444445
dff284ff1b90132ab1c6b6e77cc15dd3,0.878125
a5de0e2ea6bfe76fe34f1e8969d34ef2,0.2861111111111111
750d08c33d5d660839810b2008239b2a,0.6680555555555555
017ed65bf80d62b6f0c0d672ac02ee64,0.9098958333333333
ae08eb96dbcfd210781cc2dc44017f10,0.0328125
99b15df02f2a3c6e0e21cbd15bb5369d,0.7715277777777778
7b3f5e580fbb107e053caa920caf1009,0.125
316f9e3dc06d344d8d5ae6268fdd0228,0.06510416666666667
4c937bf28266bb0b1e69c8597ab78c79,0.06987847222222222
e158c1863bd8646bd8b14f548f8715be,0.003472222222222222
61cf43cd3cced88c174affdb868707d6,0.19340277777777778
4fdb19d051bf1ce97c219cbdc1cf5c70,0.3454861111111111
583055f77cba7c75700fa80575b5d601,0.06987847222222222
0affeb812e8f83c3b59a831a750c81dc,0.9145833333333333
90955db4827bf7641edfff2af49c741b,0.8602430555555556
d4beec4bb86bba4c265fca54d70a60a4,0.9128472222222223
00958818d774200e9b40b2847d37c3d3,0.5532118055555556
acbb7f2cbde752f8bae71ad8adf64a79,0.7889756944444445
2b81406112c415483037f0716ae96f0e,0.8393229166666667
fbd301d1d6227c038c92013a2c7b0577,0.42256944444444444
e9d20007af8f4358ff594d96b026b7ef,0.21163194444444444
a8eb2cd19e64010b2a49bc014531229f,0.3480902777777778
74278e68228b032d722c2472ad47f544,0.3918402777777778
11c797476a66c9c5124a3d256c55c949,0.5293402777777778
f013a6c513eb2eeabf1b1363aea93341,0.6072916666666667
037c323f824b6b4cf79a763fc0902f14,0.2720486111111111
ac9003c21a0563d3d65584afadd5f78c,0.6486979166666667
2162ccab37907fd9b9dc8dffb7bd7789,0.6673611111111111
aba981ddeb72c040f982f35759ee1631,0.5510416666666667
b9a1b698eab130ce1147617e4488a465,0.5936631944444445
fdbfc33db1b886bdfbc0b9799751d129,0.39600694444444445
23f763a1971cee0457631b7bef562597,0.7603298611111111
2169d4bef191583cf1c1f9d87ee92618,0.059027777777777776
ae172c8497da80eaa80885268a7c9b25,0.3723958333333333
70f928e8a75d7f1aa44ff8587623f962,0.3620659722222222
158d047e5a3f18b0b60df1cac1acfb56,0.6578993055555555
5bdd7d7f1eb18c962b1dce874b6e253a,0.5515625
7d366417f708050ba50850d47ece238b,0.050520833333333334
d2ddd2da0ae747707524a6171466d38e,0.2573784722222222
052f5c9485fb2275b03c1d4a04ea15f4,0.051909722222222225
f23cfb633b725a0e4a692f5ad00892bf,0.04670138888888889
1ab8191bae9d151fd941e40df3734a8f,0.40399305555555554
1e288ee3dfd22b17459bd60c4073acbe,0.275
e8bbc34504674e6b46f0da9b8bf7ea4f,0.9877604166666667
5c92b1cb8f11ac0c06b10a339b7e9aa8,0.98828125
5a4d213dc7198058627f6b1171f6ec0d,0.9977430555555555
a083e739e57baf52d9fae50a5dc4036b,0.9904513888888888
c799eeb6e1afd907952560bb1a5825df,0.9967013888888889
edc7479cf56243a6799e07be1d7c96e1,0.9405381944444444
1438bd592384e64316de62f4f8832726,0.058506944444444445
535155728a70e21a006fc97fd0278e55,0.054600694444444445
5de26b74a51ec873adf2c40546f715a2,0.04609375
0eb543ffb2a8d1a9f5d4e43ba9ce4fcd,0.058506944444444445
ce13bebcaa4c2e950042a4b124662194,0.3697048611111111
229df4351cf418dc22e2a85575465a01,0.2896701388888889
1226ccb6069275c9b09ec094756c4fb4,0.7769097222222222
b3d3117b82a400529251b463a7c6b273,0.5586805555555555
b5b7433cd24f1e554f99b2293494a2a4,0.6987847222222222
a40b8072f8de8769b17e2c5b0e37ee12,0.7366319444444445
4e486cf1d6407f16085c94604af7f762,0.31961805555555556
7504c7bcb1a0b511f058613198fbf7e0,0.8578125
4f7e9d2472435d4be35637026fdb16ec,0.09149305555555555
928e1f0651775e6fe9e471d539ac31d1,0.012847222222222222
f0e0382ff0e27dcf238b7c1c021bbf48,0.0012152777777777778
b0ac4ecf2ac6540ca6377c7e5794fab1,0.003732638888888889
c3b2c36f84cd79e4554a5fc7025f89a0,0.003732638888888889
f8087e2eaa400491272273defcce32a7,0.0010416666666666667
cbf8198f26a13c01c5a88bbb42a24457,0.9756944444444444
ff53798764650a16b770ab2452b13367,0.9371527777777777
ec0bf8b7ae61f1a039da659075cf4c1a,0.8311631944444444
b8517f60cd1e566b92b2adf5dd7889ce,0.9353298611111112
a8e8f0bfdc477b094113edfad9b0e617,0.9930555555555556
17b25b119961d0affdbe64e0db06b178,0.9608506944444445
0828387c6f703aaa66355a8de527a66b,0.6998263888888889
c8b40ad1658f5d1100ebe7ea06f2602a,0.7756944444444445
ca97272ec5976496c5d48c8cef1acfbc,0.9729166666666667
fa8259ee45938ad903b0bc7689965ed6,0.9328993055555556
0e01b22e350bc12239746c36ddcf932a,0.8749131944444445
a2c86279d65763a80a2b6b591ca7714d,0.7370659722222223
c01ba074e65aec487fa1de446368afcd,0.6421875
f55c2d90b5a6d5dcf5413a8c5be7077e,0.35260416666666666
902d4cebb8e94927ac54e1b077368423,0.42552083333333335
dbaeca00752ccad22f21228e355d1d98,0.0265625
21457b5af83acacaf75242009d5e3371,0.04704861111111111
140d175738240a241c241aa035950349,0.48038194444444443
be30c079c62970ac76da782b457b4b5f,0.6114583333333333
6c30f2b1259eb18dac3803547a341f1b,0.5052083333333334
64f244e1a63883a5614f61d8542bef5e,0.6238715277777778
34cd1ccea8844ee03a424b506386d2ab,0.6173611111111111
7e47d0cf41e6cbf145c13b390662931b,0.6350694444444445
b50b912274b01d181061c17fc392f5e2,0.15616319444444443
fe3e78d8ebdf85ee11263bde2c94a44e,0.3998263888888889
1e0071924c8a49f38a87baff87402548,0.4661458333333333
2745d530a8e1785402ebf538b31d4cff,0.4404513888888889
5c734b08572e0891f4a00990294f2384,0.8375868055555555
257e15343495e839a70100c8dbda1924,0.40677083333333336
c4593b9c80e4999de2e7a0b7022c0445,0.40121527777777777
a0372f0a74025c334710b20f607ab61d,0.7901041666666667
b9ce29b18c50c664bb93b7247769cb99,0.5129340277777777
c5d01d1c8af3fa56d271ee827c6fc459,0.7926215277777777
1254b31a07564448e439d39a0164542d,0.6194444444444445
8fd51ab088ea4e770f17322db738efb6,0.5434895833333333
9ee68b27a33289344f9db6f0c3df6ce8,0.8401041666666667
bcd4808b8ca6e8f58fdc85edf3682969,0.16102430555555555
7b89936433df5a550d3524e1b35dea9f,0.09652777777777778
f1eff76a6d5b55ca6524c4db0ff9369a,0.1564236111111111
fc43f96963d497ec8fabc05bc01bcf34,0.16354166666666667
951480f48cc406c27ed95ff584e71e8c,0.5553819444444444
90d1597cacbc8abc55c7731917c44908,0.7421875
d9a4f27dd61703308e8124f17339ed40,0.5116319444444445
0ec71a9449f346c1438392599e591507,0.5330729166666667
4a704c4a37fb4b08a3189832cd29e861,0.5272569444444445
513bf0f637b84b0c9b251237e11c3504,0.8912326388888889
f92c852ae28fcfcaece188807b2a32d7,0.70703125
aff9456e9a26350b9a7e531b8032e27f,0.9008680555555556
792a1e25bb9d1df2c98707a4d33ea732,0.390625
f0107fa5eae5b7003cb0501f557503fe,0.4652777777777778
a50e9d2144cfbd032835a8a0aeb0862a,0.8493055555555555
3d1b8a12e2a56d2f94e0181054dde168,0.7012152777777778
afd9329babdce5ffd43a8da85a90332b,0.6799479166666667
f4413bbc52a56cb972fd89d57370f0f7,0.3953125
6a43def5d4b1934aad8d8b817751e9c9,0.012847222222222222
9f48ccc2fb711f474b66b8a59cfb302f,0.14027777777777778
c06fec1bb8631ae6890ca7fe23cb3f0e,0.014496527777777778
1308b805b7e5ca3ac893ff2b097ea438,0.35625
5fda96be6ca31a41741673f4308aada1,0.012326388888888888
717c21fabb79777eb73e3e0fc69d7b7e,0.25789930555555557
ca44356061411766fbbb3b1f96e0b274,0.10425347222222223
34ed796d81b289a0cd56d4f727ce71f6,0.17803819444444444
e970427cc4d726161e24d28b9d4be785,0.06267361111111111
fd338943b777d0f86addbbff3e082a37,0.20824652777777777
a95abecfdf468a4971c517a9b3dd31b2,0.18697916666666667
4e036b96f93ac15f665cbf6dee9a3558,0.3697048611111111
e13b46de147b5b9ff02e7d47bdfe8016,0.007638888888888889
34da74458fd45ecd381ba205764bcfd4,0.27630208333333334
891e524ae360ba6e4fee73718780ad9b,0.011284722222222222
eac2ba8efcd230c4a53e3047b8e452c5,0.22013888888888888
6b39a68585e5001752c96596749c778d,0.1078125
41676f72455f08fee7052228225e88b1,0.11796875
984da838d39a2247de3b0dfdc382521c,0.1296875
b0d1d2b97c11f5e5eee28ac4da4a9ea7,0.013715277777777778
b36fb5dc8c693a66b57769ec5ba07555,0.26059027777777777
5ae3df0d1e8dc9fe885ca684230d4b7a,0.18776041666666668
d3370bd09e31cf6d05d5be9c0953f91a,0.08177083333333333
4ddc4ec08ca190691d18a132bbd508a9,0.12118055555555556
8058565d7f05116a363be59be3bdffa6,0.13420138888888888
56961036ca7dad52197fc3b476741cc5,0.13923611111111112
6e76f2eedd39836964d3dd9b0a0ab7f9,0.07326388888888889
6a4c6cfea8955b13612a6cfd71b06695,0.11553819444444445
54f8fb47e09850d1a47b8eebdb41acfd,0.3440972222222222
29c4121e42df5ee745905587aaff5127,0.21588541666666666
52d88433b68dc432bac0c7a4315cef62,0.6265625
247e2975b302e4267130b6cc992b90e7,0.5389756944444445
5777ef2b7cd787266412ae701b8e5c27,0.7217881944444444
d1c1685000d42659a96961960d6dce45,0.5333333333333333
33b6cfe905763317bec4853694a69192,0.7824652777777777
8e21134e3515aefe859bb5758db18612,0.6427083333333333
2aafec6159ba8cdd99330f544d73f4a0,0.18897569444444445
c06ed69a8dcbae39c3fa4fc72b14fbbc,0.06684027777777778
e0d143bd1fae3a16204509c8d96c9d82,0.21710069444444444
1ef71472f804ed470c66b4800225735a,0.40989583333333335
06b2e2c7f56aa8de8757087744e93713,0.42473958333333334
26aca3668ad256d10d05d1e7cc1b9d50,0.28072916666666664
a0452de0bfeea6331530ac83582597c3,0.7416666666666667
f54a82fbcc1f81435483a0bc91530113,0.8572916666666667
e93f107b010241fd3ee5f37427e46d79,0.7397569444444444
cb6356e38d5e4ce6f0bc710cff7bbd6b,0.7375868055555556
088c88fa9a9b2e4bafd5d3d8594edb8f,0.5472222222222223
34d24c90d57c753be840f77f0d24ee00,0.9521701388888889
72e13da175c7c4f2a3cb171ba86b9b90,0.9293402777777777
266dc9aafc86483cc6dd2f5a79ddbef5,0.9315972222222222
b2e3fd6b69ad50d7eb0862f5b4b753ef,0.9480034722222223
56a251cad2543459ba60392d341e5b11,0.8112847222222223
ea874aa3267932cb5086235c25bec052,0.95546875
ecfbe2f8c746bae2fc0aa67d040e0ba5,0.4859375
05a6e254af89d1bbcdde0dde22405b88,0.7756944444444445
0cafb5f1548bb44460e77a9e66b19b4a,0.12708333333333333
e0acc6ecc9f7b4a8bc806557c87a003c,0.4948784722222222
653d59b620eb2d478b48dcbe983c1f91,0.7585069444444444
791e773e08946cd3043df4b96c30db50,0.29791666666666666
cf315b052478913822a030e63392679a,0.3966145833333333
0fd85e2f03c623c725ee013c56f6559b,0.36666666666666664
59a5632d2584406269c3d093f39f663e,0.07508680555555555
9ab1c9540348c0b2a2261f4682e55d1f,0.06545138888888889
ecfafcd407732e55068acd0fc93276b7,0.11180555555555556
22ef9c7298822af6cf56ee8cdd1895a0,0.7107638888888889
5e6306b96cfbcd30c370125eacabdcd2,0.25885416666666666
64bd723317293e3af0c234b275fc53c4,0.5916666666666667
0136e22c3c1801e4932535092449b1b9,0.15824652777777778
25014d37789dc1c46ad00934ac39c2b8,0.659375
76487f8a35a17d76731a8b606ef55397,0.8536458333333333
73746c20cf0ba537996a73a34173dc52,0.7835069444444445
97094af22bf374337d2c6ed7aa6dabb5,0.8123263888888889
aec99d90ce17f0f323ff4b158a7660eb,0.7711805555555555
115035ec364e42dc578cf22ea7706ef4,0.9364583333333333
6e776b37e168b25eb5e1be2e5d534f4a,0.8291666666666667
f3a69821ecd531866cf406b546036a86,0.8762152777777777
59a8239231f7957dcc797a53d89c93fd,0.9642361111111111
d6f32205d22967efbedbabf1cfaaaa85,0.8914930555555556
e1b9066deb8c9974a1474d965c7b1f0b,0.8140625
1bc94ec9f54b7f359d3f154d40d7eca2,0.6164930555555556
04f3c057610f71e4e492998ad05dc559,0.7579861111111111
a8ac3daa07789ae5f8806946fa6ce8d9,0.7319444444444444
56f47be9658265c809de7e0a94e84b50,0.8912326388888889
11c180a67509b561891d5da06fac51ff,0.5330729166666667
b4fd278a37be23130d5740fe5d364194,0.96484375
f346f88d9277722a126687dc68f9fca7,0.9310763888888889
6383d1adf8c5018dd5cdb03263fa437a,0.8449652777777777
d24ef782d5168a5174861d2dcc0f910d,0.7255208333333333
9940d07db00c5b7dc2a5809f1093bde3,0.7291666666666666
90e83c9aaae445271c2f6187077c784d,0.9688368055555555
4c55dd28eacae3548e13257fb1597925,0.9713541666666666
a7907dcf9895f96d476c966c8f5e8a55,0.1640625
bf4f2e66e514ab930a60390e00a4e2e6,0.10885416666666667
5cda78fdf4fa295a2c6d4a6c33c8f794,0.04392361111111111
abcfa63f5ec1692e05b86d2b4c465a09,0.02065972222222222
5ca92e6b1ac466bd55aa5c7d74c1747e,0.09175347222222222
58a6c6ffec60517a4e94970a1088b3a8,0.4027777777777778
8830d24e1e102698eb53be53dfcb0fb9,0.5730034722222223
db4f1441ce5c177e97ff05d95b05e37b,0.22057291666666667
91c92d60f2ada3edec2e4a4b1e6717be,0.09079861111111111
acbe5708d0588b54e35c99ad974a899b,0.3572048611111111
28d569267fa272ae93ba4bead9ede50f,0.22664930555555557
142f4804752448381158b87ab1cec3b0,0.4939236111111111
a5e25b76ad6d42f03e4a81b04d440100,0.5815104166666667
69340c8f06c6f102c8174c176e7b793f,0.9340277777777778
79a65539fd25137160287b586e5ebfa1,0.7717881944444445
ed3bac09c1427a95ecffcc76a3b9a99a,0.6835069444444445
3e7cd9aa93a914dc6369f633337364de,0.48680555555555555
4ac67967d09f3043f8e646a573a2c889,0.5340277777777778
0f61946313bf36ca86f3b95f5d834d62,0.9348958333333334
73d6c4f74fbd9a05922aea22cefdbb6b,0.9678819444444444
f6461244170994f26e4257a4531918d4,0.8196180555555556
0434a7f50ee2d083db1455ce1a8feacc,0.3423611111111111
60ac107b73f399f5e91123a1d86a3a15,0.8053819444444444
91d08fa5f60c48b8071302d9ea694929,0.41215277777777776
f231b90680410a47feaa2324feb2db71,0.2339409722222222
66b271cf74a7f9c20d6724a70a4a3b8d,0.2400173611111111
92f46e6356419a684b0e274dfb61b46b,0.32760416666666664
54224c64f5d35bd66ef1e3c9fb74da0d,0.32005208333333335
be8d64ecbb9453997c06a68878add258,0.24375
281cf420ce61fa6fea7fbf6c51a6ab1b,0.7155381944444444
6b174e376ac2a4f6eef92acfb918f47c,0.6243923611111111
34a27de48373a7a968ba9d1a9d778a74,0.1790798611111111
2d2f07ace9745c7f5f1f06b300aaf7fc,0.6355902777777778
d6f45fe79ee9506f3f26b0034b4950be,0.4214409722222222
970ecc32bd4c37b63770aca747394043,0.915625
e48b31ccbd445d3158ee54526fa1a47e,0.5457465277777778
f2321ba32663b6c82d38c81abfcf1636,0.2640625
7ce014fe2ce6fc1b2af61fcc60ddadb1,0.5442708333333334
571aa6bfd433e5ecf297d90fe423040a,0.8171875
bc4c2e6c703f8491758f35bd08c8986b,0.7663194444444444
19a4ec9068714713834d2c96b0b31f85,0.6547743055555556
5d7344dc961a9eb53269d10651b6beae,0.7809895833333333
522f23474deb383fe708a96694687641,0.3506944444444444
f01a2f21cc545d6a600cbc2b5bf9336f,0.8340277777777778
a00207dc35bc08f68fbb541100e2e981,0.8552951388888889
3052e8092cb7edb4ba626be5fcb4926e,0.7375868055555556
1ed9068994bea0f8891ce3cffe6017de,0.34175347222222224
5f6c2e965502835d2d69dae2f7ab2206,0.24027777777777778
486fa57b4098f44469855227445c4ade,0.2309027777777778
e5290771eede8c272a9ddc5951d6dfe8,0.12899305555555557
05812e8e8fd97dc12f75a1284f478a7d,0.07777777777777778
4afe3e27fe83f3542c169d8f4010b018,0.19756944444444444
62fe1cdde8b82788afa42c50101cc81b,0.15659722222222222
a3781db7221af996cd64109be530f5b8,0.090625
ba33b997f3619cb29cd6b396eac2a7b9,0.013975694444444445
adcdfa18c3ff59ff7396e5e4bce2a1ec,0.1282986111111111
bd950ba158994b3b840d92d2c02356bf,0.009548611111111112
0b2f74a655cfcf4b14cbaac6055e8bb1,0.06510416666666667
df379e454c739f45d0b368d934b9552e,0.17569444444444443
beb6cddae48e5ad1bb8acc37aa0ad20f,0.74609375
a84060e51a318329b6f00564f531f762,0.9521701388888889
7ea9d6ad7406b0cec0e32b8c5146bdf5,0.9560763888888889
0a4c65ca29026281c8de740bcd3f76f0,0.7930555555555555
136a08cfafa35e5685fb97bd48fb5f6a,0.6935763888888888
89dddc82e575b28fd6facf4ddc117687,0.9542534722222222
041ad5446e4391f949e39aa476e55103,0.6983506944444444
0dc98d7c00127af421929eb1f8ec8be8,0.7064236111111111
b8cef6c4cf3533cbe876d5cbb1ed3d77,0.5260416666666666
da3fc5a5a5a5e7cd2a230f15d587f56e,0.49887152777777777
3e30a27ae44ab2eacd9be1fab5fc3367,0.8302951388888888
f01a265506f0fd7921004c03cdf3e6d2,0.7024305555555556
637c8df54e8bed1ef371bce6839b8b9e,0.3411458333333333
f22466274fb5be6996cea432569f9f43,0.08229166666666667
ee0930b929103b876cd39cf5c1434518,0.8612847222222222
43e298ca56a727092fcba40759a135bf,0.5543402777777777
5d1f84e927acea4adb3cba1f5b8b1049,0.14444444444444443
8ba3e5c7a52cd7d83039a834cfc10a26,0.3307291666666667
ac0e2809b5e977d5d05c630eab93e00f,0.7626736111111111
9cde0026e323d5001142e51460d3d92e,0.20494791666666667
7a871faed6cc49996015fc7860c28dc2,0.2981770833333333
8f899f9b3acace10033af7da90483d9b,0.4184027777777778
3379fd62c609b1ea5ff14ff876fd0687,0.5776909722222222
d539e2a89c4ad445b85192bdb1a66fe1,0.23055555555555557
640985b64a89e3c7cd820b72e6cb774f,0.3527777777777778
a48ff54f42fd29b22c35265d6b1c7b7a,0.5414930555555556
2b41fd03244fa28b296b12b9e5e960e0,0.26371527777777776
a330dadbff459e7371a6025ecd898474,0.19262152777777777
bf0af6839381f7656a76530a610a63a1,0.6252604166666667
7e5c1c27937d19b28309c3ea3d899bea,0.4513888888888889
27003b67c411c1bf1c9e493333fb740f,0.21961805555555555
43c52b353e05904fe5869966287f16f4,0.6362847222222222
555ea6e6559339b06706e5fc32bce635,0.3065104166666667
be46a4b6c6d5beb00b74ee04fb9dffe9,0.6939236111111111
a16d02baf00ea66d290249cb9085ec81,0.3501736111111111
beee6b452b6b68fb6c9712c67e11ed98,0.14322916666666666
1dae89d6235ef4438987d18d017a47e9,0.303125
b8d0fbaaa5c66454467bff2582d24332,0.3073784722222222
7d6d0461cf095f3fae0919ed64d605d5,0.06336805555555555
fd38075b8cc53f4cf7d3fa044fccc411,0.06336805555555555
a2106cf23a80da671c17ce182dbff35e,0.1814236111111111
7ccc9f16228e49ea718897867733c00a,0.20755208333333333
b9476b0adca33f367a1d94d9a0282853,0.4675347222222222
b1361350b958ca3c85df067a7ebfe92f,0.5571180555555556
dccbbbf566d4369ecbff10ab656bc38f,0.7111111111111111
1b62f476e41d9408b792fc5322024cbb,0.60625
01d5567eb7a0a2d241c162e274a86723,0.5701388888888889
6d0662417ac226b9a27377afd6571fbc,0.3060763888888889
12b80f39057fa6af0b6e0c9178bc0405,0.7454861111111111
025bac4d82503272c13089343e3399b1,0.7381944444444445
94bf00e9710dcfdd901bed5d685747ae,0.7484375
2d540b309f9cf241e58f5953b57db00c,0.9763888888888889
113ef3937947e52fb092de08d4dbd843,0.9362847222222223
50cb4919f03629fb51c99f572f242759,0.909375
34d0cb77f7063df18c58877dac629d4d,0.4484375
38d58ce9488fe8a91bb431ba7b9f4ef8,0.9871527777777778
791c18f9001a0f67835afa47311ba7f7,0.3692708333333333
d0113fe767af1171adb80812646de816,0.8711805555555555
ca77442f68227e479dfece30d541e968,0.584375
17a17675f86bc5ec8730d8b82387cbb2,0.6506076388888888
564d8dfd2a9d1047c7a17dca3c57c276,0.9361111111111111
5926a731f4ff7ce7fea248cf2134cbe4,0.6151041666666667
b52f61973217871ab5b620b5cb29bfdd,0.8533854166666667
c31eedc44439275c08fe7169895b92d6,0.7394097222222222
24d2e0a78980b3506b9b79bc915a5fa2,0.4723090277777778
e55722cde18e23f14023a8cbfdf2af6d,0.8743055555555556
fab2c2c665a4f7d61ef1ccb4f9b41e60,0.9927083333333333
696f56460b75fad89b3203c28b647f6c,0.7894097222222223
1fe119ff1409326854fe2585804445bf,0.9203993055555556
2568741f100fbc80f5ef194c828d3275,0.9973090277777777
db80bca22c1ea9955713b1480f2a6e97,0.88046875
4c9f41d50e994084470e55ea7cf319ad,0.9701388888888889
7fd5e57d6ff8496d81a3c3aaab3f43e4,0.9739583333333334
c59e62ea4dcc8bdbacd5e4b9411089b7,0.9791666666666666
c2cf23f641fe1bc55a0f52bf677446d0,0.7657986111111111
43070e664b04261db3ba9ae462bc1880,0.921875
2adaad7ce3ab67a844b4616f4b0a8ff3,0.68046875
a37c3b27897fe4b74561824d0de62b70,0.7770833333333333
99c97690504bace401064d6481ec6fed,0.6581597222222222
a1dd49ffdaa16a820ae65beef938c78b,0.5159722222222223
6d7e6f538a4ea7c81398280abd535c3c,0.146875
6d682c30261dd148015fef5e9ba95cc9,0.85625
8c64bcd5ff1dcf06dc436ea685f7521c,0.40902777777777777
3570b48b82e905558a2af75acdaec9fd,0.3949652777777778
7f55dc6fffed305b2b30a2b7c37dd636,0.36258680555555556
e14eaba978b952deab943f38e22b078c,0.7637152777777778
58e0e3757806d4a3aba1fd858b103831,0.6454861111111111
e26c0565f3a0cc9357c0ab8d9f06253c,0.4796875
643b5c476f3d823bfa59d7454a14471a,0.6324652777777777
6811bf35df6a32a8ea9280ffaf1f4468,0.6095486111111111
c633038ac86deeaac1be54531e83d6e7,0.5397569444444444
f697ad8c8a192c85f94f69696e4de220,0.5927083333333333
0f36775ed8977a946fd3361f1dfe2828,0.3597222222222222
5372db393943ea36271aaecbaee4d151,0.4771701388888889
386d1772bf2b8971278ca0ffca0686c2,0.8633680555555555
f6d85a0513d98aecbe2dd4d235232b41,0.8529513888888889
9ff5729b9a198f4d6582e2a036314335,0.35920138888888886
548cc3aaab623fdb19b5d50aa8db1674,0.5564236111111112
08ec2e4d0136c0331168741f2f1087ac,0.6973958333333333
894a4e6e144e6de3a61c1ccbf0abf025,0.775
045c5d2206171770a3d1991e07be8597,0.5213541666666667
b7d690d67ae7ee49778a4b2375c42dde,0.8884548611111112
beb956ddbf28068a39adfb3e5333cf21,0.9775173611111111
83f2330e63c27f45135b0d0750463637,0.9822916666666667
bdfb80046a70ef143ea1692f268db8c0,0.9521701388888889
ee923f29ee2217cdb3e5c507fd3da7eb,0.9982638888888888
4b7bcb1d048a01824400f57d9c0de97f,0.9861111111111112
e7dd125bf3165c597936670a1420a41b,0.9751736111111111
f63787a287bdad96230752a2af6e418e,0.9088541666666666
5f920863f5a5093905a0116b7be93b12,0.8598958333333333
a9f8891c1a62c2178cd31b96a7a081b7,0.6119791666666666
a4eb70f436f817803251186ba9381176,0.8840277777777777
6eb5ebb345a8c1bc9870d47a806fa7ce,0.8892361111111111
aa4759a3fd07a9aeedc422186cc2c7fb,0.8838541666666667
93f4bb365ea267ab173210d72515b2b2,0.39288194444444446
e2a9c4e26ab437f1504b6e39a98e0fc4,0.23229166666666667
08682d1044aaf5b80fda52ee24968093,0.18541666666666667
70acd00e62dc7990238caf95d35cec6b,0.46432291666666664
c10589081465e217b2d19d14bf5e5b29,0.024652777777777777
2b4d075c379e0337042f71060b4a7eff,0.5864583333333333
ec9f3e0180df84f45f5609b7637432b4,0.8250868055555556
54347f771999ecff9c557340e1435d1b,0.4150173611111111
b1ac3912d43c5a544b84b50acdcd2567,0.32864583333333336
3a5c1566563e450437e71d0c34d86685,0.23463541666666668
06b7b2fefdc69c09a8703564c0eda216,0.5095486111111112
2002373e7bdece36dcf70d7293831c3e,0.8250868055555556
c64b5cfc91cb208f73b5427386d27559,0.5402777777777777
f113d57632e888065dc3ab6f6f3c159f,0.8234375
a1aff296a6b919c9db157fa32be7c670,0.9458333333333333
cc6b62173101021c34792222f2cfcfa7,0.8565972222222222
014b6d6826faea7898596a130fe7d2e5,0.7355902777777777
10fd239450c742c969a036fcb71493ea,0.6614583333333334
6af6665c80afd2d7a135cb79f103be47,0.9081597222222222
f10e55848ebd9091a332da6103a91249,0.6765625
60c9f02aa30616fc272bdca6287f5fc1,0.8787326388888889
c6eb9203f9153aeefcd42e0e79ddc9f3,0.6057291666666667
278d46d5c8cc2d11dd0fc80997d5e96f,0.7668402777777777
9d65d413b3ca5f0e84ce2aca291f5c70,0.9612847222222223
cda0eb93b82f9da45bdd573f68ac3f30,0.33350694444444445
baa20c7630dad49caec9c3ee2f23b0e8,0.44131944444444443
04daa3780f66e5f5f28bfcd8eb66ac93,0.296875
27201fbd0d09e0f0985d59f7cca33aa3,0.35520833333333335
6b2d1ede7e92ef3bae2ab456db22f139,0.12864583333333332
4aea9521ba901b64043998c0a3bbdf81,0.3701388888888889
82094f630dd3612c243cce31db9edd2c,0.6838541666666667
258ede2c9824b6d6c5e8c12ccf8f394e,0.8597222222222223
b7a9616d1639cc1bc515daed100225d6,0.6755208333333333
db72fd9a40839680bd1551199e730a1b,0.9338541666666667
9c09d138e383b608e5559e9625d20c32,0.72578125
66af5db85655927dbe43e23ff2944958,0.7419270833333333
14a1f27014ad6954007725b8c484dd43,0.6545138888888888
80ee2dfcfc4c235ede95cdbd075b7d86,0.6418402777777777
b7deb8ca721da8eb8ede39fc2700a227,0.8413194444444444
6e71a27bb2eea007371bb4a7e18f8d0e,0.7410590277777778
1b141b84eaa7004ce410e957df40bf5c,0.8480034722222223
b0b2b5e98014bcbf04eebb165438bec9,0.8977430555555556
c27b3a53b5488088fd33b298c02bf6aa,0.6889756944444444
6bd10eb1503630088e9c81a092c0e17a,0.5033854166666667
a17b841b53fe3ced146e65aebcaef444,0.8506944444444444
2b7972d3e66490b81fb5643bb0680ef1,0.8409722222222222
8a35391a2b6e65f5ecbaf8d5574eb8a7,0.7140625
bf6758379ad433d8f99143316418c477,0.6141493055555556
7ee8897fdd8095886d271485ab0e31e3,0.1673611111111111
96cc43e423e69a2eb13c37bc66b84d1b,0.28402777777777777
9565299db2999a47fc72b9edf2442941,0.1763888888888889
19442825a5a3109628132a3819f05aea,0.2938368055555556
ef75e7e91f075ec39bb737caffc13141,0.34618055555555555
23638a83f2c030f97683a7d4f5c6e6bc,0.06510416666666667
346d8222178feb623ae36846fce819bc,0.8085069444444445
d46384a201b8995eb295b215280fb526,0.6670138888888889
5dbdf5a85f4343e7bf743f7b6ace9efc,0.8185763888888888
1b97a5c5c57fe56434c50c2b0647c9df,0.8221354166666667
f964a941a2783949217c55ea6904c544,0.9868055555555556
3269db53a34c7ceaa472b1c1ab5ad16c,0.2923611111111111
06e8303fe06aece42e28004c9d92462d,0.6350694444444445
fed0e629a70a393ad661bce8e233ce72,0.5552083333333333
17c37e0226af0fe61fa269ab7e0a668d,0.17690972222222223
5a9599fedf09f054c5fc864b58e83e15,0.3818576388888889
23fd3fbb62947ff5a88375f9d3fb8037,0.21649305555555556
19335cb605f2b0b54f795e5d705e84dd,0.5274305555555555
8e4e1754d1ea8f992642dfc0b75ba3e7,0.6647569444444444
cfae31564f94fc045175ae36bbc0351c,0.4622395833333333
6630c87b321ae7f56e2198f03a076471,0.3646701388888889
5eace30b94a8f5a0596ded02b04cf1e8,0.6647569444444444
32e56534a05913936954348cc3992715,0.07300347222222223
b3516ee57abbdd4de47473e7f2d82ccc,0.5234375
f85b235c1aeba7992eec80cffd96dc5b,0.5260416666666666
e4e11bddae60847e46e467c783b98e9e,0.5802951388888888
d1d4321930ea7811f40254875b66fae3,0.5756944444444444
123b0b1439b49183346ac5f4fe501df0,0.3078125
5aa56619a7d07efa97f8e25ed09cb6c0,0.496875
a8d28a6cfc59028bfbd25e0f5661470d,0.6902777777777778
eb922dfc4d3037cb2e413fdf86f28771,0.47769097222222223
700fdfc4cef80aa84f2ba4011821e060,0.6796875
e65155483b45d5cb94ad3033281cc8b9,0.30494791666666665
42ac62e1f976cf2d743a8bd94fe2b770,0.6996527777777778
657fe74f744eb67299ca06f3d668543a,0.2829861111111111
d0aae96973ca1473c80471656ecb7468,0.5707465277777778
64210cda6cfd7b2890f0ea8405f21d78,0.42777777777777776
56023ad35ab709429aa12daf044e2637,0.6307291666666667
508ad6e7e7aa98b48a69e73b1c9fc761,0.9780381944444444
28ab606e2d4fba3467d126583a7cf0ac,0.6088541666666667
6eead404350364c4124139dc1eb1abd9,0.7725694444444444
58b7a79534b59b0908458f51c4bc5a72,0.8980902777777777
f53b5546ac76f7bc685d760c8541d6a5,0.014930555555555556
eb9067a7d73a32a36038fca0f7a84a31,0.45815972222222223
8e9ed4542d455ac0c2c8a598501f7175,0.09965277777777778
58659bb5519b6a61d1832b54a63ad231,0.01953125
0169c98454b8a0acec0d2ae01a7410f1,0.4459201388888889
72422e782ef02bbb7782fb541e9a3740,0.26631944444444444
58ff114051d89c53a8032b6c3de2ed50,0.20347222222222222
17ea954a42a84457745ba3e7c0b6215b,0.21944444444444444
9b7db11de7c74e5553a4faf983de416b,0.32734375
80076d87f048e0684296a02b1339f419,0.13645833333333332
f443e20017f067d48fa85010cace4e40,0.34791666666666665
2db60cf8498b99c74058373f0fc14934,0.015625
cdb77bd9a5e87d2299c1a584098856d9,0.3697048611111111
57886f1754e8167b7ac632a2bd220fc8,0.3714409722222222
f9277b17beacd10df68cf672cbd110c6,0.18220486111111112
6f03635cbdc4f302599339f8d8728e98,0.26197916666666665
9f2281115de860d07e8306b66b473404,0.47942708333333334
7f4decd67a5db02f02b861054aa0bacf,0.2551215277777778
0429ed2b2142a5f02ba1bd86703afbde,0.865625
fb7438bdb3c2072dd0eb7a4a16d2aa3e,0.8121527777777777
b505b6c49635576dbf70f53ca8bc9395,0.9133680555555556
5375222b824696884298ca928be790c0,0.7680555555555556
c3925fa4047f765c9aaf6fb1d5522062,0.7538194444444445
fdb2d66bedfae4aa9685e0afe2cb1077,0.5038194444444445
5dfa2e24fb05e152169e54b5545c4c5e,0.1467013888888889
aa48b60c3263bff53ef03da12d153e0e,0.09756944444444444
cde056596e10ba037c61f67fc3ac1849,0.06059027777777778
9abeb0813efc3546f16ed58be42e58fa,0.07699652777777778
7c6b8a70b29f6615a34fc605a34b0eb0,0.04739583333333333
bbd5ace88d9f4e329011a9d60fcafd37,0.1529513888888889
038fe2a671be7cba441e259133f13e06,0.6114583333333333
1ec029e7f57ffecb783ff0248cc47f37,0.5465277777777777
5f001befd62fd7824766980f40c79883,0.5631944444444444
3efcd61fc9a9252790ed2af4163dae15,0.6020833333333333
a63ea9c5f72e8c2cd5b0209c8ca7e2d4,0.6402777777777777
31e749cf8e48d1ecdf3d7b17176bdca8,0.8018229166666667
843e50bf6959a64fccfc970f4fbd7345,0.91875
8b9bbf385b066e804789867f0259aa81,0.2427951388888889
034600b55776450b1ebc6cb410a5958a,0.7737847222222223
ccaf49b0a0db14d722a0483bf796f6a2,0.5525173611111112
7c9e8e74fe51df60f3f9ea18d13d75e7,0.2427951388888889
8d9cadf35bc84babec59e2641bc668cf,0.3489583333333333
c9ed0dc94d6b4edfe4580fcf0357e8c3,0.4605902777777778
0489a362fce65d1a3a1db50d993fa7b7,0.22942708333333334
e2c84e6ef2e10ba6db90071b81bfbb33,0.34097222222222223
7807997b1e9f2424b265a69a928feec3,0.6519097222222222
17022ce5b89e0622a382405814d85bee,0.7545138888888889
01e3882d614505805857fc7964d90887,0.2520833333333333
87bf28016796fab6085198349927663b,0.6542534722222222
83b9e2f53a161eedda5c5a1b9c909753,0.5599826388888889
a216a4be2f9244fe010210d0603cef45,0.38871527777777776
9c6bf4a8745ea4c75f663d9ecfcc7fb9,0.5599826388888889
b5451fff653d866a7e150acb6af2ddef,0.38263888888888886
2f060be2d970e77bc78c6fc049e01c24,0.8100694444444444
408b4351c179a2c5e86d6f5a0eec65c7,0.11197916666666667
29a55c65bd143d16edaed445588f513d,0.018836805555555555
229c8c285d4379b522807d2db32ca20d,0.05998263888888889
7a5970e43ba14c5f0f04392121b98263,0.4362847222222222
ade046fc685028de0bc891c51a2cba70,0.10642361111111111
dfa7b15c8bcdbe285dbc1dd4a3a32c8a,0.33663194444444444
8aca147d8b868542ed401c95a56a7927,0.45555555555555555
d1fc56a7421eb53ad74c4936ef65df56,0.36328125
dd9587d9f63f7a12c89a70823f01a7dd,0.6931423611111112
0a5d7e578c1f1c1e9d500291eea639e3,0.34921875
12396efdf766be0b7e0f5e99cb3f1db6,0.4488715277777778
05973c93cb86356f8bfca4537db199c6,0.5469618055555555
efd10cf16df556a05a28b06912c3d509,0.5087673611111111
108576326b774b1baf637178da3ccdb5,0.02309027777777778
dc4b99b2e814a20051460d42cd5df80e,0.40824652777777776
8488574ffe2c48ffd0906e6a520ee030,0.5755208333333334
bcb3257d69b996cfa9fd81f10451b3d7,0.3338541666666667
ffa7a2da9773508581c3ba64a681e994,0.42178819444444443
6671767d7d9806776f0c3ebb0d73bb7f,0.6817708333333333
ca98e8d78892105ba7bf5b9f7ca27aa6,0.6638888888888889
293b73ac5fd3d71c4a02267ff4f7a9b8,0.09375
4123e676a0aa30ceb3d64edbc8b24633,0.6717013888888889
08bdf33c6521c17c1f50198bf6c512bb,0.8774305555555556
985d1294350ff36f4df062d7f5e82d18,0.7543402777777778
7a66a2f5188bbc8eb6bd64c3b7b86a21,0.6532986111111111
537eaf1dbe94712c269db1d23f2c9af5,0.3890625
9709b87e987fb49ae8f2b607c4a73f03,0.19670138888888888
971c655589bf62c3e521b54d513ae114,0.11996527777777778
328c6f82b19b75d5763b52da9cff893c,0.3059027777777778
582b4e407e58ca8f3f6049142930dacc,0.2984375
91610917afa9a2e09e6ecae7a9802084,0.5602430555555555
4603b228bf85b82d6024c597b01edb1a,0.20590277777777777
e59ef81a52e9ab0f4d3e8d4ce7dba204,0.3015625
26487ce62d726aa071ca233d0d1c3de9,0.0798611111111111
fe4cda64d6b4b649fe466ed22a2e0fed,0.1842013888888889
afe8bcf56ade70a8e208e26ee610d31a,0.240625
051235c8ef5c9b10d09895f396015379,0.8624131944444444
68489ba0b7dfefcc5773e9e6c2f3a21c,0.08324652777777777
60cbe3c9a0030a27f2518567bf4fa816,0.14574652777777777
5bcc40af0cd45ca6727e85c619718593,0.3511284722222222
b4c1cf98f00d1b9633b18c9b55b1a075,0.3572048611111111
4c6c60e84e0d9289efce614186c4a570,0.03671875
c5cf492da2bd87f7326dfd776638c9ea,0.9932291666666667
75441b45bb2d137a41ebcd9e9b09cfb6,0.7671006944444444
6ecf71cbd903a6da30471b54074d6fc6,0.7295138888888889
bad6131983b09f49348c3b019b24ea1f,0.9118923611111112
4c558e87acabd699c10fbc48468cdb5d,0.9782986111111112
101086d4e13c299f2e6cc47503649499,0.9279513888888888
d799b74a095ec754ac51151e8e483858,0.20225694444444445
12940252157ec4a66c1d954fa3a49b36,0.021701388888888888
7f83bd9f5731bf2b1983bb8017b8b39d,0.020833333333333332
69d0cbc1d6fd9342d656376706d0833a,0.20225694444444445
e9d60f1e2cb290345be7de5285e2ca01,0.29270833333333335
c98c862808b78c8c329f795c5daa7536,0.10572916666666667
8fb10717c2af20e07f6bced4f1b283cb,0.6915798611111111
89d7870a95cff21a9e4380cff9351a06,0.6466145833333333
5f6c0724dbd418c35e1130a096451c5c,0.82421875
bfa404dbca97b496edb926f89fbe948b,0.6020833333333333
d856179511321bbb7589d04982999ff4,0.6402777777777777
b6a487f8a25621921d49b821cd1cb98c,0.8311631944444444
049a497509cc197dcef906c57b1c3ff7,0.6498263888888889
237513ba027dcd619e1990f1813bed9d,0.9586805555555555
09edd152068cb2183b14c07e2c2111b2,0.8496527777777778
d34e6d4cb1cc8a7ff8f0f05189edaf28,0.9588541666666667
485233aada0ae76f7beba7d4cccdbc81,0.9877604166666667
77f7f3c474a9b4f3875a5e00414842ed,0.7125
65db3305ecab656aa370c82e15ae4e73,0.5690972222222223
acd9f663930f5e3bd77938df3ac62d80,0.6440972222222222
3bd93bbf7aa434b87ee64a197677d321,0.13576388888888888
a444d8a44d5a64c54f31c246b8474803,0.46875
5c908d025f426a74199fdc9977d0e316,0.9227430555555556
f9f72497a16283cdae10203e49c3e14a,0.2659722222222222
f0e07f75b2059a4ceffab6e11e057798,0.5508680555555555
bd802179460bbf57637424e1a25961df,0.4708333333333333
43a91b955037f065bbfdeb801f6fc56f,0.43741319444444443
c334c1e58990424c01cd9598c9d457a7,0.5350694444444445
38cb90da6c0b748f2e119dc7237dd0dd,0.5614583333333333
db5121187ea2b4dcbd9ee0f8e3cd7e6c,0.7210069444444445
5e2d7a7ea5cf10005e65ce8f25d1de6d,0.534375
57b0eff11e6164803d9817f4d83e9c7a,0.4701388888888889
c0a6cae91adaa828cb175374edb34f1f,0.19826388888888888
47175f66d648f3a3ff44312eb91e2270,0.8442708333333333
14ee4f475ca0dcbe0179d9cd44dc45ee,0.9569444444444445
adb553aea741087f6d084a40728f08b8,0.9725694444444445
81d10dc877e03ba43373f412ce789dfb,0.2454861111111111
2eb47e73f80be615d605f4bcfe343d0e,0.19175347222222222
b3ac037ef42149c49b721413666745b3,0.5204861111111111
9547722a79bbe8e2e6b948fcda2927a4,0.34652777777777777
b4e83cf4976e0c13980b17ce5a840220,0.6527777777777778
fee50259e1230c9b3b4e5fa4fa79b530,0.5077256944444445
749af4c47824aa87bba7635dfd17dd2c,0.6915798611111111
bd2c74101d7dfbaab15c46397e3d6e30,0.7663194444444444
ec02ad3f2b969490f393924b0f8c7278,0.38602430555555556
2ad5597e3430d5270a43db099ae101ba,0.8630208333333333
fb920b8aa3cfaff6662db2bb6a0953a8,0.4948784722222222
1523c0b9a5491130cef841ca9ecbda7e,0.5766493055555556
0529dd796725da65668e22c4e33734ba,0.09227430555555556
a6b5166cfb2798faabc66297d5cf9900,0.1717013888888889
445ee27b8567a749e044f603f8c626af,0.25164930555555554
b597cc84a8c8cb7bcd39724c970c17ab,0.26336805555555554
6e66e9f5baeb0a160d2047c2c7e9caca,0.09227430555555556
f29ce568fc267865a66b0e93840f4678,0.019270833333333334
d4d6a35943d17fc36a4c006fd8b791f2,0.9809027777777778
d4b24397bdc7271dd98b4e40ceb34751,0.8688368055555555
47d9d8d4956ccecfc4b16bf92cde2315,0.9272569444444444
da5658a0691309fe94522b082fde6946,0.8688368055555555
ea89c66a16192a4e64d536b72ed2e0c6,0.2713541666666667
3af0fd31acb197897b4b6e0140eabf90,0.9321180555555556
1937af4a245d4d0c535a44bf65f87464,0.9199652777777778
59478b4be39144e455941396692eeab0,0.9576388888888889
b9fceeb6823b14f0526df2fee1823c7c,0.9496527777777778
11d0553bf655a22d2e518308ffe84200,0.9600694444444444
74d579bc81e817fe2f6eab9ae280ed52,0.5736111111111111
22a39e745998bf931fbc0e81645cdb0b,0.8586805555555556
22a73786473d4f94f6b601ef434846e2,0.5653645833333333
d5bf051cedc041fbde7a1147d88f40e8,0.5920138888888888
0cc14c28bdd6b033a186700cf1467aef,0.34270833333333334
55bd72f3ec04b744d678686e0cfe1867,0.7441840277777778
ceec4896a58435383e6010306e7bcfdc,0.41458333333333336
d158444ea57e87bdaf8d8661d2938f9f,0.04201388888888889
55042c24095722f3990c49bb2419462f,0.3620659722222222
208bfa2a699a1e0a5918bf8e2fb93420,0.8533854166666667
4476cb13e84b7534bb8f624978190f5a,0.6347222222222222
264f769cf90853fbce571e20ce3befce,0.3079861111111111
67c88760dfff98547831e7399b8810df,0.4467013888888889
fcb3c2cc3dfd270b233e361ab1a01848,0.10234375
b7fd07cc23795f11f63555c81625c6c2,0.8881944444444444
f4cb1d9addd65df2f9f76a796e636f6d,0.5151041666666667
a9f86c8745bcbb40f83b0959eef54ea4,0.5188368055555556
b45fff9446b0db544a0b224aa49ad0cb,0.42421875
10429ae38533f7157eadaeeb5e6dd744,0.6947048611111111
35192ddfee1c4a8a9e115aa13fe8e4c3,0.44331597222222224
d24de88bd02873dacd4ed4fd0501cb6c,0.9165798611111111
9ad23e7aa2fbab121487879eb7838ab9,0.9189236111111111
ec591d74228b2f0258f721309aa9e31b,0.8362847222222223
283b7d381a591ffdc909dc3623e725e6,0.6960069444444444
194d8a34f452446005858d7279bde989,0.9178819444444445
b44bacd0e41f29c38db5462a90f3f527,0.9897569444444444
fe3be65248b13cd46c570ae763318fb2,0.1684027777777778
f4e132a946542bac38c8d57b0bed424e,0.1892361111111111
3be0ce7b03d56ab441ba3ac24e7ff7a5,0.09253472222222223
9158b913707a7cebd702ac58387f1a39,0.09583333333333334
72b1978f769fc65ba4ba784fb6579228,0.18020833333333333
3887c7c48cc902b05c10fd9be1cb265c,0.23732638888888888
1b8676961f796bee77fd1552d6a00478,0.6941840277777778
84c331ef8d7bbcaf2dd811440ae59daa,0.5198784722222223
ee97d56c22ef84b41823a6eb89c8dc04,0.6228298611111112
87dde85dd56cfe36db0f7d9a608f9a32,0.4284722222222222
d48eeb9d4372463bdbcb0eb52018d30e,0.6899305555555556
409da10d704d846fee4e660fb24a7ef8,0.8380208333333333
c7f1715cfecfdb488ca0feb0dc0f4580,0.5975694444444445
97102ead3f3edca7a3f7b88648322ee6,0.06232638888888889
36107f531ea20768313e43830727f9b3,0.39383680555555556
5c8a1f0db8ee4af546203dc43158ea40,0.18480902777777777
a0e646c62a60c10fff555f82a81bf64d,0.0008680555555555555
89a87a38bc070fceea04e3403c114b9c,0.45069444444444445
828312dfb45fd6c5f1236f47ebb0cff0,0.40616319444444443
6f81dce5d2e91f0ca1412fe7f3ce178f,0.17057291666666666
b927c072d969bd0c512413c4569d712b,0.6618923611111112
5dd1ce3a6ffd77b611e3ccab8888cd9f,0.7915798611111111
1042c65710cfeef7c2c956e427b793bc,0.5688368055555556
2a46870fdaa3ee1ec91bec73726ac898,0.16692708333333334
116ff568a47345ad78fd0a57201c1e69,0.7777777777777778
696b4bcca0b20d5b73523e35ca2103d0,0.8772569444444445
aa772ce29c0cd9da492f8beb516dc063,0.5986111111111111
1e184ce8c237ed2b7c4090db69504a72,0.5142361111111111
3f15c2b4b329fbfa2bbe9755b468b1c2,0.47456597222222224
af997fdc4332a0a0d1f3ebeedd95181b,0.17881944444444445
1dcf101cf864255035775388acb60101,0.16892361111111112
ef718d129a8a54c6f237956b57cac46e,0.45303819444444443
8e97d730de49828ed9e490b2edb5ecbf,0.6380208333333334
13fb0671559c41c07ec521c532fa5ba8,0.6472222222222223
f7c14014d831a0963c7ee4e7413ee4ce,0.2685763888888889
53b3340e1c4a4b3c452e96f3b9a194d1,0.45303819444444443
0aba44ecf0d710e07641d80decf402bc,0.08246527777777778
6ed784dc51ba6a089eb519cbc1bdb800,0.9224826388888889
339cdd80e6f8a3a985e6cfbe0888ace8,0.3704861111111111
0f35d658cff01522dffebc4dbe10f640,0.0203125
ae7f0dd668cf0b6c0220fc687cebe6d9,0.23836805555555557
fecf5c4c4696f4c3f48d4418b5798480,0.16128472222222223
ee26c3175b4bc4e9fdcd93f6429a40eb,0.7467013888888889
7344103c6280961368721580c8c6ea2f,0.47855902777777776
a7abbb129ca226044d3dd304cd296675,0.7979166666666667
6ea5254ec0f0170b66e940f10166dc52,0.8752604166666667
1a61300519b4397f8202228a233aee36,0.2964409722222222
2d387469d4102a89f72db39a7ab0b9ba,0.4847222222222222
ffe61e3b6d269bed62e4c0534c47a5de,0.8470486111111111
98fea90b2736013735d5c7cbf21a2f53,0.27760416666666665
ae5e2f8a44db86ec7ca312cb873910df,0.07864583333333333
48b1c8c094c4205191ec303cc03a948d,0.2838541666666667
790f96c8142d05726db09070337476b4,0.3605902777777778
561eb3c9287be05551a88bc710766342,0.10902777777777778
6bab437a2ffe859f580e031b3e76f885,0.2546875
7ac2e5be9caa94716840ed0cbc1b53c3,0.013368055555555555
cb461c3f2c0f904cbc2c6ef97a833378,0.024826388888888887
f8b93e016bd0cc16d54e49530062ce4d,0.45555555555555555
877cea324c7a5dbc3aaa1821072854b3,0.05520833333333333
f67d9c189d0e1433c1bc89840bb07b02,0.1329861111111111
981aaeaff03f62b346817d52f63d95d3,0.8682291666666667
8917f557d2c4f30bdd2d40758084c82d,0.9991319444444444
2c4a51708c328132fd77525083b43ca5,0.6576388888888889
a7408df723f00de8de5e5433a95a96a0,0.9407986111111111
2eca09c6ba3b0ee7ef7b0167ed60063d,0.9796875
235c123b4703813460888e57c626aad2,0.9710069444444445
b488e088b51ab05c6730bced69639f78,0.7840277777777778
b9fe4ed8c558ec915c4c8ad8b9369ee5,0.15616319444444443
a0f474e8996307f267e35634208fe480,0.3815104166666667
767cdb7a7c089ce9d53807fa82f88658,0.29305555555555557
15689679b68f39f2b475a649dc7d96b7,0.35347222222222224
bd417ceb30f8870c11b300c2516d9556,0.4732638888888889
fd9e0cc8b8374ceefac5b1f754ce4771,0.5661458333333333
f3a9289591cfd6b70c37a69f5ad3f5b8,0.5059027777777778
28287fd016f6da9a48bc999975c6bfc6,0.19262152777777777
281c0ceb8ff8ab6b862f9785c42cc047,0.6848090277777777
0b30d10dad5ef8c0ea361648d25e16e0,0.46475694444444443
3882b94cc3496c441f0462d13502599c,0.7155381944444444
f2689ce28576615382f75bb62334147c,0.5146701388888889
00246dc027ab977b0d00174520f0c238,0.6201388888888889
3bd4ec07f47c90be3a1faea4301888fb,0.9385416666666667
ee93cb21eca93b086c6777ccd78bfe19,0.6536458333333334
fdb7af8d76c887b4cb646dabf838c821,0.440625
5cc653ae71d7b738273657afac2a295d,0.2977430555555556
485d1c7e1359b1922d799503f9bda51b,0.35572916666666665
87e09e3d3a8fec244186dbd47a4563a1,0.5381944444444444
3c1570f998f5231c1d3b36bd85040a30,0.10677083333333333
6b15c8aa6012a79c5632bb8f9386a9bf,0.19644097222222223
79b486f6e99df162ca8540ba5af52957,0.3831597222222222
1380b610b6587a4b7606e0f4c25e18d0,0.12760416666666666
4e957ab71927520af0bdd51dd4753c46,0.2592013888888889
6ca20050a26223050a55c6fcacb15450,0.2828125
135d1d74e1f0f3ee37bf52dbe4e0ebc7,0.7083333333333334
41524751283da6b34bb4a64c3d7dc7f5,0.3034722222222222
dfea752689b27c27fbce79d6fcdcc60f,0.24722222222222223
89b83e8ba1f10d4dad130b94204f10c6,0.5090277777777777
f5a81839adbab59e484e37090a699c6d,0.5255208333333333
1afbff4771a3be54f5f6c88922be2300,0.22743055555555555
f19d0cae6aeca11dc811dc8e78ed20d1,0.34600694444444446
2ce1923107967f4da28c539ce0151cd9,0.6760416666666667
4891c84d0edb782a8dea919bacfecc23,0.22230902777777778
51145ac8b4612196049cf878499fe6e6,0.7907118055555555
90d9ac2ca5fa008431a05301af771d56,0.3776041666666667
f6cf3015e20e0cdc44bc49d26eba27e2,0.27890625
902c9ea0d72dbf3d5f59e6697e5c6519,0.4890625
b655d426e39b23267ab1f4bd10eeebcb,0.3784722222222222
20c84ae4a224803362856f7ca9a69637,0.27890625
4d573895e79dad2e34d720d7ad8a1a9a,0.28489583333333335
0790179489e7bed4fd4e150a7d591e3d,0.9604166666666667
0483cd6d56211c40046bfbdd2a6830de,0.8739583333333333
f5243d46537870438dd187143c6dbf2c,0.9664930555555555
b6bdf4579f750670460afad472997f05,0.9375
1a3e840f4b3c6133ac6e51111cb130f9,0.8223958333333333
3521df674cb8972ac85ca8f8dbd58df8,0.765625
a05ec5a76710f988eca95c3e06ec7fdb,0.6921875
42379c3f077237b3bb45e12a27891092,0.3451388888888889
5f82de4ae758248449716628b2f38484,0.46458333333333335
e6aa1321c4a86543f66d1a1a03199d77,0.5618923611111111
7f63ef6bcdf94966217ad7bd7f879731,0.5618923611111111
a19386975f336927d87a32e3695f6ee9,0.4982638888888889
5c11cf47588ecfe3f7cab34cac75af98,0.36527777777777776
b95d25c9ff0ecd56e166c5bc9ef2bdf5,0.2920138888888889
d53f969fbcb85e502b7a391fe127c17a,0.49583333333333335
cbe66d42ec2d5fd255efffa66ff0f69c,0.7741319444444444
ddff36903d447cbd1712789df43f1be4,0.9469618055555555
205b2efcf56ab90d4e16297fe3e2042f,0.5277777777777778
b0f86da4cbe30134216b1697a6849861,0.6634548611111111
844b83d6b2f5a502c890b7486dfcc223,0.25078125
b12520d58b75116dea9c508dc21b4af6,0.26154513888888886
1b11eb1a20363c3aefe8500744debfc2,0.10555555555555556
cc2df666fc8784620b0aa00e25474491,0.36710069444444443
966ddd6cb6de57e3cee20f66df6ce9b2,0.33220486111111114
7622980356883f0bda2e262b081a4a33,0.2974826388888889
4b70d9efaa19c141504318f0170f6144,0.540625
102270a92d4b59b709dab043169ca030,0.01597222222222222
fb4ec031e006112f4a147e5af1e924bd,0.22942708333333334
e82f2daf62eee5b428e6a6b68b6249e8,0.13463541666666667
f27d17f7622859df033e5a4488150699,0.2388888888888889
118f522d5c7f900ebf40fc4cabb8a03f,0.165625
ac3b6f763d69ccfb65787b60fb779edb,0.08055555555555556
8ebef77b699cf762c04644910a9f7f44,0.34375
e7624a261e1dbd8dad871e5b3b6e5e5e,0.1421875
99a1a715d575303d16967d583755130c,0.5671875
1d471ccf29dc401e9bb3710e25f99686,0.22847222222222222
2583511b032a6bfaf077aa20d06e20da,0.3315972222222222
8832527de2fb5aa86c6d511339efe48a,0.6317708333333333
237814ed234460e78848134f283f93b4,0.6204861111111111
db97e87a395488cf07ae2d11165cd434,0.40868055555555555
6161ebe0874017ce8b50871e94e7b987,0.9111111111111111
9189cd87706d993129009b57f5dcfed8,0.9435763888888888
8745d04f916cb829c24a2d4ca8e1dcd5,0.15069444444444444
55eba7ceaa75c5b66b282a70e5214dd5,0.16875
3fb2e79607fb98999ca617f7ad786d97,0.035069444444444445
0b8ce696a12ef2a140fff8843dd09e8a,0.12795138888888888
6b33650e9c557c63df51d0cdd284999d,0.22447916666666667
ada598c86e9f07ea3690cd0ddea5660d,0.42421875
d4fb7f8927317fa6927b27eea4289aa9,0.5432291666666667
3a415ea1a18ba978920af7822fe18a63,0.9615451388888889
3a56eccb0c7e2a7df95d20cc159841c8,0.8425347222222223
f975f41c06bb2550f6b62132c3ad4759,0.6799479166666667
4049b698229d77718207be391cafe695,0.9241319444444445
8435caf918879c2dc4687932f7222228,0.37482638888888886
4bf034389969f47a21a4d1b8058b79b3,0.37916666666666665
75c2f67276d7bb4116e003e01906adcd,0.8671875
1a197c61d2dd0caa3384653a5c73d873,0.6704861111111111
8720ad2c29bb772e12b7759bd5fde8ba,0.09809027777777778
1c94b24bfdaf96eef042094f1f0682d9,0.45243055555555556
c607fba177a9ce5e51192e262fe5d040,0.8008680555555555
7d27b0d3e2cc5720657bb6367b3a72a4,0.7300347222222222
bfe098bb2ca13a461ff04fdf1aaf0f5d,0.67109375
4d4cf44e3c6927ea198ba9f002e43ee9,0.7954861111111111
52171c0a8b33665410a323b5e4fb11e6,0.5597222222222222
1e072c25ab91e2abab20e7f2d9e0f6bc,0.6567708333333333
93f30df89562aa35d0991dc1f02f5375,0.8503472222222223
fdca90d20fcf90adb2dcf21510ac9c45,0.18993055555555555
b0756332ceea19e71a8b039a81d06ab6,0.7350694444444444
593270f4b3ac126f15d32142d973325c,0.2015625
cde3ff9a9774e576c4e57b00af1d7252,0.5675347222222222
63618f7afa13264535418627f1b93531,0.57265625
3cfa360aa70f0767751f3ba530c6d10d,0.065625
8dddc698dca87ec7f22e49a6a7ae5449,0.38229166666666664
8813ed7d6584513710c20121372bb54c,0.8489583333333334
e9d32b81e94767bd1d3bdcec6bdce901,0.884375
d87e49045cf6bd8fac977881d306c45b,0.265625
e391ae38d92d8be604b916df8d68cc94,0.36163194444444446
e2051a8d67a87eadb74af1d470228a85,0.7013888888888888
9375ef665ae6c127d799c41f9b1e9a56,0.234375
f6f05916a96bcb1727f56df55e846ee3,0.19756944444444444
d305a1fe767f7decddb0bf72ece8d992,0.4418402777777778
c53d63f87e2b49a6b1547147aed0e5db,0.06918402777777778
ec4b050083afbd03813690fabe8f5de8,0.2185763888888889
be30a02796af2a165bae4959862a532e,0.22569444444444445
9a4fc8bbcfae43ed093ac90943ff4dfd,0.5641493055555555
338f1242912219b125fbc56f42eed827,0.5204861111111111
7f756a6616c35c4075f4e8072d03fe9c,0.2454861111111111
3fe1bba66a70a4d607054befbbef7994,0.4837673611111111
3e6f3f89de1f8964af79fa43207df7c1,0.6145833333333334
babcfc53bfdddff155cbdfcfb3840969,0.34652777777777777
df019fa19a0100db2810e651f748032f,0.1970486111111111
52ec57f7791cd50546820a9c29f79efa,0.55
50556f407b11504e9499aed318725fa6,0.05928819444444444
7a492c6400f132f75f353dbf2f6b7ab6,0.024305555555555556
d396385d847bb857fd9ab78312b1fe0f,0.16770833333333332
0686466ef746e6e6b70b53ccf7751430,0.65234375
6a3efafeb297d750de43b0a29a7d95e3,0.4
da6affdde902ee073584482299b4154f,0.525
e8a2b5bc45a95258230413fe8864fa23,0.6756944444444445
dd67b1f0b94537917d6c9b3421aead9a,0.40703125
4fe9d840065b29e7800718b491e46ff4,0.3302083333333333
2dfdf7b5472a82a4d4236bdb99ba9b38,0.8237847222222222
c2dab0046a37b73bee03ce548178ea07,0.15590277777777778
b09403905ae67e0404e05b3a7d98b0d5,0.001736111111111111
924d5de903305d9c4d85cda00108962c,0.027430555555555555
83f909d8939755f206474abb22b2aefc,0.04244791666666667
eb70f88fdbf965694a9014c5e1ea13f5,0.011111111111111112
01ca35a543ea85efbe05f0a4f4d2e1db,0.0125
c6340ca7e944d81999d20cdb0c58f7c0,0.7388020833333333
ad6cc54e5b1bdc82b3f8a0fec410d1d0,0.6657986111111112
687ceb5e88cae4efd68cad9cfb2c9559,0.6574652777777777
b06a1b1f8491b5d643796955ad44bd8d,0.8385416666666666
f69ad526cb00442e93e30e4812eed48d,0.8651041666666667
ec99dab6bf51093e7e2554b3ae212010,0.5582465277777777
8f794a6a741743b1bab03c63dd00fa18,0.4638888888888889
fced302dae878757195b446c256e61ed,0.5342013888888889
afbbfb196e5e84139fd4a4a519b9e405,0.6213541666666667
60e88d11c620d581bc9d75599c41a5fc,0.5733506944444444
d9e7774a35658218736238497f5e87fc,0.22708333333333333
b81aa281b05c88d2153e54ce3b185052,0.6663194444444445
8d6773059956873675979163cdeb545f,0.9899305555555555
715d558d23695f429f5614fb754631ca,0.8244791666666667
146fc84b865208d75078b6706766b94a,0.6293402777777778
81dad735c4f2a20d02c20d1ce117d384,0.9996527777777777
f3e09c7de2362090248228976c94eba8,0.9662326388888889
6cdb8e530b43d6dbdb7863d1a605f781,0.9401909722222223
b0d4e5e239061cfc358ea2b06832771f,0.4831597222222222
9a1dd43bc7faaa8c3f30e05cd8f33b2d,0.7133680555555556
56ca54f2c6940f32ef79ec952fbb92bc,0.6822916666666666
9493557ba795a4bed8b9f4d33df035c6,0.8743055555555556
fb85dd4e0bec95cd61ddc15d9030b6c0,0.8834201388888889
a1c5722b50de1f98792eab1cd012fad5,0.6770833333333334
524d74d2e6cc7740b7ee6cf26edb73bb,0.3373263888888889
7adc0c92953b23909a86ac8c949daf31,0.228125
f3424d127464b44a1222c84020b4ded5,0.3458333333333333
b53ca8809ee7c12921bdb90b55b6df84,0.25008680555555557
c28f9fc6167171231652715d136f8b8b,0.33663194444444444
5c96fdfb09901eb8f3c8f2c9e4e53c10,0.44539930555555557
c2345f28ad7b924a3334bef5703d4ffd,0.6300347222222222
ad9ff6d0e3dbf85192c9ed5565f85c64,0.6993055555555555
c5005b75141a8e242e18a15b74b33d20,0.7265625
d770a96a4ea7760c969fd2cee3403631,0.6542534722222222
262ea85c2a6a4fd29ec609914fbcaa2f,0.7211805555555556
1cbb3196b8497f91e3097e326969139b,0.7361111111111112
cdcad6e30224bb7c218da684fd18a46a,0.9852430555555556
396a79618bca4ddb3c25e12a6f1a4b9a,0.8362847222222223
5d5a1b16213253cbadad8feea059258f,0.9959201388888889
f746b6d84602e6eeb9d309aad324a607,0.96328125
07a108a2f4065abe44d314a1cc36f2af,0.9784722222222222
b8b8cdc582f7d0b9928a0082e864db6c,0.9640625
b1db411fc3cab95abb8d6bf2190be273,0.06753472222222222
2491175970ed82694e9d5ce5ee955a82,0.021180555555555557
4cb005204c91204adb1ddaa0cfab419e,0.34305555555555556
599caf297ce44f23c119319f8cbdc996,0.06449652777777778
503fc28c31bd50d3c117177993aa84c6,0.08697916666666666
7329a0f98c2d739051f2b91b75b591f9,0.1111111111111111
edf75fb7bdf50cebec638812b1e4c6a6,0.48940972222222223
5849564668b20cd19894dcc7fa173a93,0.8164930555555555
dda0fd13a700ec12b72c5ef39659edf7,0.8428819444444444
55a1c742ffbdc75d0398acb421ab009f,0.8190972222222223
5bec8f25cfcfcb2379297e5345efa2e4,0.8269097222222223
dda330f52347402b6c9f897f1e55b6cf,0.5680555555555555
4b2b0fd2a8cd0bf09fb32602439c396a,0.9592013888888888
f938718b2a1be8d2c72b65283d7f1a44,0.9602430555555556
fa957a1e9aa33777fa181ed58e044d5a,0.9112847222222222
ef9dffc77fd1070aaf5982157cad18f4,0.9939236111111112
73cb6786dc571e81f0a1be8e47378a02,0.9455729166666667
484faad28bc627723b466386af2cdba5,0.99375
5bfb44d5b0880e6caf53197ac6284dfe,0.9032118055555556
75f99e58773e766f1f4426ea5619b750,0.646875
349bc4cad477938a9e93372e7461ac96,0.9174479166666667
89d9368b7254c03dcd67b7c75ee4ad70,0.7934027777777778
b5409b438f871582005e3fc10e1c4c64,0.9267361111111111
d36065a1c3fd6873e97bd11d2dd602ca,0.8861111111111111
c322f627ebc7c2388c1e9efaeb358967,0.5496527777777778
7935160d0a3e189d5acf11da51437e55,0.7817708333333333
b7ec2252421f03cf6f4b4ad99aefdf80,0.3347222222222222
01ae83ed6d7f35b90253626f7de887e0,0.21822916666666667
b11bf1b68535da664d17173bbad0ea8b,0.4486111111111111
f871f79d9e907c1a750d5152b00c83d2,0.3853298611111111
83473d1f124c8fcfd59e77ddc3e3d67b,0.23315972222222223
35679b66be56a21ca9a13e5d30f96aab,0.18940972222222222
b2b0862212068cb63a33b96a70a3ab86,0.5422743055555556
ee513ddc8a494d8358af9a52e29db88a,0.2847222222222222
cdb8e3409c60c1b3e8755855d82b789e,0.18802083333333333
48be2d206e67e716fcf84207f1787000,0.6826388888888889
512a91f5c980e7327524742f3c82f8c0,0.10234375
7a64bbdaa9d78c39d1c0992bc123f04c,0.34565972222222224
57f81a2de263d11f5e35898d494667bc,0.35538194444444443
6510d420caa82c4db748e5eb27509f4c,0.6220486111111111
d4f6eee1ecf31f0b23de01194a792be6,0.26840277777777777
c22a4d1bb99daff058521578b34d1910,0.6969618055555555
b4dae004dce75632adaa8ee3a11ac6cc,0.9734375
79be286facdc4c10bafb2b4f4de8cc08,0.69375
851e3081aaa33e9420fe5fd7560b7070,0.5295138888888888
be57707c52bae0f8ec15ce535df76e13,0.4831597222222222
8683667cc683c247d9b55129becce111,0.5098090277777778
afd506e61212e3d9cb69e0484cd71cd6,0.9920138888888889
021cb6dadd81c6de3f702cb14df1a8e3,0.02013888888888889
042ca52725862842e72fa35e84183bf7,0.1556423611111111
2801bc6ebdd8d0ab905267b3eabddc00,0.00017361111111111112
98683c3d973ac1354bf971cd745404c7,0.009027777777777777
265086d0e0a06f7fa59637a5c0fd432f,0.2815972222222222
6eea982ceb80b18cfe79c7c7ed1836c9,0.055815972222222225
051ac8f72fb99d57e8e76dccd898c9ae,0.10078125
1f748c1640f2229b9f21bc0e17a139e4,0.13723958333333333
1fb99713db45fa91c8079a2f1cb7812f,0.2421875
48a6733dd194f14033169899b814156b,0.17291666666666666
c977d61e455c0d18763a08b416d84342,0.6432291666666666
b8a9577b70923d550c41ff24b0584f53,0.22369791666666666
b04ed9b1f6d7e80b91e3dcb5475c9002,0.9004340277777778
df6fa90d461b26c6f426ca77bb7b03a5,0.5135416666666667
bab1e785ca5ddcc58ff3d6db2f1bb036,0.8354166666666667
ccd956f768fc5af2003fc5c2db6213e4,0.7614583333333333
b99186b55717feb18d3f503079deb7eb,0.6083333333333333
52a3ac546c49b847b996f499930ad2b5,0.9026909722222223
30fd6b10aca4009dfca93d3903f2d576,0.32838541666666665
341b08b0b717439664c3bec662ff4889,0.0046875
4df34f223a7677ff80afa71942151d1f,0.23272569444444444
4cbab184bf11cf2c97b869b54f8f4c36,0.25980902777777776
15bd8cd8ae662fd899fc16629b428343,0.036458333333333336
e9c8dd0da7441f58f1d32352df6c332b,0.0828125
1bbb44364d28842072cf4758965d4522,0.46857638888888886
d99d5ab7daed3dddbd4651049104117a,0.16380208333333332
8647394a9c92eea4f56148fba786cb66,0.24973958333333332
360d9ab8b8b186ca8b92af72289017ee,0.4967013888888889
9c2c76123e3464d92976cf199f4d43b4,0.18628472222222223
c807ffc84b7985871d686464dfa6ff51,0.27725694444444443
019a539d14b3f1d0c2362d7fa0a3f7d4,0.39895833333333336
4a9196e37b0d752397ca604dfb16cac8,0.010590277777777778
95de3b01479a95793ef461b4631c5684,0.051215277777777776
94c8d584cb0b035a3846b1f00fcaefac,0.2046875
96a60f85371373ab600d67a83003a762,0.5074652777777777
adc7621553b2f952e9bbc4c973fe0fe4,0.1125
cb9372e50c1639dba0c0f8f71a52f9a4,0.44427083333333334
94fc35110b912e695572d13c853b8092,0.14487847222222222
81fb1c6fc1dd3a52a2db88cdb3941345,0.13793402777777777
584eda092071089d5f308756d7336906,0.8348958333333333
b2f116e83905f8fb6fccbdc90f924fc3,0.47899305555555555
39ef8999cdb75fd5cccbd86935bb47a7,0.08723958333333333
ac083ae8b6f36865d8f7042d604c50e1,0.40729166666666666
10b10732fdc20619842e7e6809d01e9d,0.46684027777777776
a31a5879f2c15e2a62404f02f76c4b16,0.7671006944444444
f4ddc3ff6316e1d15219422d9e09b131,0.6980902777777778
04e0d5aff8a888c5c78d987a32c7e2fe,0.9074652777777777
83d9b62e649575181fafbc5348dc58e9,0.98828125
187d245e7bb98c9136fbe992496e4f98,0.3640625
b9ca1e3956164c40a646d3f7692915aa,0.23802083333333332
900f28ac6f9f3a80e49adf95c15f81bc,0.4134548611111111
329739e40a69066e4ad02cbd878bae36,0.24331597222222223
1b5919d1de8541b42bf442a9eb3c0612,0.2564236111111111
39ad0274a03d44cf6c789a3a92c4b230,0.33576388888888886
0e7e23b7c8ca7d14082bcdf0e0d9b1f4,0.9564236111111111
cc0adb36005a65a4a392c0aabdec7f6c,0.9515625
3656b8ef82aea8e6a2f7a1b795a55563,0.8126736111111111
8574ce7dd6f8344e4224785db4f4b9be,0.8107638888888888
89643facdb6af91a3e74242e8b70ce42,0.8654513888888888
3ae76a935c3d7ef72b2a3fe4839b0329,0.8765625
d1bf3b60fe156f30007c3e8ecf365d86,0.14357638888888888
ef5400f087e1b08aca9acb833de0c722,0.23272569444444444
ebb04249f7571cfdb0196be0c6df3652,0.42118055555555556
ed671a55f74e3b38af2792be3da21c8e,0.2465277777777778
140aad5df01ee5b4fe5ccbfee7db490f,0.23272569444444444
0c2c97de3c20a22123ac129151540df8,0.08559027777777778
6702e522428a09ae145045cf7671cc10,0.4192708333333333
e7e5d885e5b52f12cc1e8525e126e6d3,0.23203125
1e550675c47013f7c9ead048dd591ad8,0.30885416666666665
857dbbc7cddbb978b2dc57f323a4c9a6,0.3168402777777778
e3f2e5f63b644e10b9335ae37a62df05,0.403125
481a2461ecae81150731d8695275c42d,0.3211805555555556
95a261d30ea3d6853b30f6f9a7a762b3,0.6015625
8f25e3c328783757738fe18cc50ae0a3,0.8472222222222222
47dfcf4021f1ce113197a8c9e2657904,0.6853298611111112
7bf8c8b7f831e2676683fbca38fa06e9,0.8299479166666667
e8a7db44c9d5adee15b4283f22056616,0.37335069444444446
a25a9c1d5227624164284cb0c9509350,0.6086805555555556
8128665c7d11f8b2d5beed31b6d5f4ba,0.33350694444444445
9c9ee08cb1d2bbd509f1e02cd1c9cdf5,0.19236111111111112
f2a54617b85c030f27d962ed387c4bcc,0.38993055555555556
b37353b3f517912f338183adf30fa5b1,0.6841145833333333
a32c992266ecd2820325709960808e5a,0.5355902777777778
935d40a9b1e6175acbe592528629d3a7,0.4223090277777778
5c066c407d440dd6e1b0f08851b8e08e,0.09305555555555556
a8cc635b7e3b14c03deabb08e117f9c8,0.4236979166666667
99c18508662a131a78d1959d0fca4d96,0.08402777777777778
1eafd32f9b41baf238116b74aed7f900,0.4041666666666667
3cb33c143ee0893e4e7be02339364a04,0.6295138888888889
272b1f0e7cf1bf73673251c1a64e0519,0.7815972222222223
f0036d9ba324cb81fa32c9a10835cf6c,0.5260416666666666
fd1afe78a9431e325fde5fb9d8d9d0ed,0.6983506944444444
e7abd1451b6eaaf7f8f07640a3cdeef8,0.8302951388888888
101184dcd24c3c403387baf16dd1233c,0.7024305555555556
80d2eac6606b0a3aaa42815acc738ddd,0.49887152777777777
4d8c8aec35a4528f96985425d4b19175,0.7064236111111111
028f78f74b8f6e98d2e6dee047fd30d5,0.12777777777777777
4740fd1305380919c11e83e568824da8,0.5306423611111111
7817de30496ab1d56c90873edae86799,0.5198784722222223
04db1a283410c3ea93997a26fe9d0cbd,0.7701388888888889
ab6defbc619b5b614f055ec615afece6,0.6177083333333333
01dd164401f98926af7f78305411cc3e,0.6127604166666667
a50ff50649e8dabda77cdd466ecbde6a,0.3984375
bd3a6b0941acb938e37c3b190ce69273,0.39444444444444443
9ce8d8d86ba6164516bd9716ac7a3789,0.5178819444444445
d2615b9d984bc8c4a862810959d3a207,0.5225694444444444
397e6e72c2bb42f4b12410415c45c982,0.6197916666666666
d221a1b6dce0e57808f4755974fd072b,0.5422743055555556
feb1b9d92ff8af7efe009542771b77a7,0.5796875
1c97de81900868d5eb76eb46af635af0,0.71015625
e6139d2cf55b7e4fedcc34df8bf42947,0.9511284722222222
14b47fa11a09eb8390393c646cc4aaf6,0.8466145833333333
7b5376bccfd8e1ce8f0631d08a4dba1d,0.8919270833333334
579def996a12a5a262fde240bdc117f4,0.8701388888888889
95a07da23112f83c34382fe466fc71b5,0.10920138888888889
c7b33060cece62c324f8ffe0655eeb88,0.1150173611111111
b3996c5ca564dece3abd76cc15338391,0.18524305555555556
8d27867dd6665a2b8b7893f9b494f1ec,0.059722222222222225
dbb9bf6bbfd403aa164e20c55e06a365,0.16987847222222222
cc73a6070709a8f8ad4b32afcc2568b7,0.06041666666666667
60c30b871e6f75c575a291c005328c87,0.8729166666666667
9398ea7615dd5e8faed3fc0dd459a5ca,0.6137152777777778
84438f5be90c56cb18f8d56de01010ac,0.9060763888888889
cac940f3a89d8e8dea1964427f210b16,0.6977430555555556
0ffaff9d9fdbc7b08daae8723b39c6c9,0.6171875
7c289e64628da728055e077f5f2979e1,0.8178819444444444
565758c836fd7dbd1af71dafa29bfcbe,0.2604166666666667
3a7af49eca2432701673f6f8475f3389,0.2203125
02ff9d5c9d4d7e0409e6e41dfa6f3561,0.5125
b86eb6bf85a0a669027c3a910deded70,0.225
fd1794dafe501c27842db94834cae702,0.2467013888888889
4109d784db3227a178c096ca7f6a9a20,0.5119791666666667
d2fed32e8386f74a446f24c159763301,0.7413194444444444
b0ae58bb5918ba8f8cb9dda97e638d4e,0.75234375
f770c5084236f9bb2c03e2568ba818b4,0.8206597222222223
d55302ab1b7af4d998a1d8789186567f,0.81328125
2456e119ac39f8255429a66c84f74a40,0.5815104166666667
cd0a4892285ef5510cb4f71cac34fc9c,0.6609375
12eb8c61c496a5f6efb8b8908f3a8862,0.23550347222222223
7ba7ca43905f53b0efa42d0e17c7f0c2,0.303125
054292e55fdaac0e9c321099020f78d8,0.31171875
5b7c5a49361dbca1b8e6ed60057d3785,0.67109375
04d80addfcf6a3d0c4e2bd97cecea793,0.07118055555555555
e2b1509385f1c3ee068c9676796b20d5,0.36710069444444443
8170d150d2c0e8f063cfc6039616ecfe,0.5284722222222222
cbd543257435c7df6d7eb7e27e2885c8,0.38697916666666665
f6be035d0fd419cc2c613b6026b2a430,0.8253472222222222
8ad91adce198b1569c6e6133b923923e,0.7630208333333334
806ad4ee0763b8ebefd0b9440b0bc245,0.8193576388888889
be9781c6823556d20e89c22594dec5ef,0.5487847222222222
a5a5b8ac4e592929aafc5667c4a99567,0.40824652777777776
ee3fe28d464877d2175c8c6f672805ee,0.3154513888888889
caab4cf85c1a7656c77493c903dc0dfc,0.6941840277777778
297068085c51f406b4c4495f5ab4a39c,0.11163194444444445
ba6ccd833186ec14d9218124a522fbba,0.5087673611111111
232681c2a0c09e33c7ba5764786fd33f,0.42178819444444443
50f39f8f03dba61941f2bce01cde13c0,0.8511284722222222
060e88f0acc60c95ea36ff1c53b64d53,0.9467013888888889
b40c54c99e56910e01c4e958f1b925cb,0.9260416666666667
1fe18b4096ccebb03902f4386bc4ce9e,0.9821180555555555
bb46883f8b579efd7b18a3eab7ef3d0b,0.7381944444444445
048084ae50994d0c5bce5efaf40b7a4d,0.9440972222222223
79d21fc9cabdea87fbfa2958f392dd91,0.6065972222222222
51d93e57c063bdaed8b809b7fffbc16e,0.8834201388888889
7e9f7dcfad62547f668995ffcb3f5ea6,0.8807291666666667
08bd89445fffd4410a1d48990e9551ff,0.8299479166666667
f587502d29683c9b9ded88ad84155e84,0.9105902777777778
48e0cac114438c867f29f44ba9e1098d,0.9645833333333333
ec572a75496a2220a1146fa115371bca,0.9039930555555555
7ba5149f43831b4a7a6f6ea17e519a48,0.9621527777777777
389abd9631baac7a7cf6816505fceb15,0.8582465277777778
ff6d2ad612660b7e78701b59033c4fbc,0.9769097222222223
3964abfc841cffcaa45888a95a7ef3b8,0.95
2a14c1177ff8eb4804a44a7ae0536316,0.8564236111111111
adb547ec4cf0f9ac22c2da7fd0f9afbc,0.013975694444444445
125c18171a4bc2102baad4ce2c434397,0.5454861111111111
2729c050c45c58cbe5a76a9af8278e5b,0.22421875
8231f986e295c18c9a64788a739b74e2,0.22421875
1d82032d6ed6d2b605762fbac6e0ff2f,0.021527777777777778
f875e6a0dfd97ea6684c908331f24a7a,0.035416666666666666
e8a2b3500d4076b9284c59c24bb63876,0.03107638888888889
d82790dc5348b10e959670ddc6b91f7c,0.18697916666666667
ea77f8cded9600fe2d1f44b61862a578,0.4678819444444444
feb9137939b19ea10988e17f420707a6,0.18220486111111112
356a740a689d311dbc7bf9d25de8b700,0.18220486111111112
9fc78fa7ad2e3b17dbbee17dc08dc04a,0.20824652777777777
05eccd00181b5f82a0ce751486421831,0.6479166666666667
869266aacbf7cfa5e393c9f7f66b1190,0.6297743055555556
ffd01d7912f02d59c9c99959bdd534a4,0.7184027777777777
b7fb92e68eb542515170605e7641389e,0.2609375
0e2ec4847ab06618fc4790af0792c3c9,0.6393229166666666
9bbab58961b98b03e6ec0e3175b9e018,0.8047743055555555
b881168723d2e6713b556e0aba1c9dd2,0.4546875
be5e6c9d2dc4ac6a3125da78bbca986f,0.12083333333333333
bed04673fb258e19e385f361a23aaf5e,0.17803819444444444
e6cbe884d64cddaab3adc941237bd202,0.39913194444444444
01a8a4efd3078628420c1100222dd42a,0.04357638888888889
f178f3e31d079941ba2a609f59fe7add,0.17803819444444444
14204485a918cb9a793d14969a24cb05,0.6373263888888889
e6c9841cc75f7b10aa3a48b063515f08,0.7963541666666667
9b84278af315da8a507c8cff41e7b01b,0.8907118055555555
3cf80fbcfdaefd6a1546c84e28fe026d,0.6583333333333333
898562aadc84d5f0990d03cbd4391343,0.45121527777777776
211a99594afecb0c7707c0f13e9a0f34,0.7220486111111111
3fccfd56db893231cb3d9d34274fe604,0.671875
be56e43f7e26fe02822e9862cd517a4c,0.41006944444444443
86da51e7a68d7c1432a20f9aeebc2cfc,0.8798611111111111
3c495a5cf2e56533eddfed29d1eb1012,0.6371527777777778
d623157d49fae4c7601b213812884955,0.052083333333333336
5aaf19d44ab17459d6e60030a0d0ffbf,0.3902777777777778
bd6c1729ae0aa386539d9332bdbe4931,0.3236111111111111
c2f5752d9ee5d55932dcefc64fac50a0,0.11475694444444444
5643e96b6599a55103a3ccd6d079783a,0.05138888888888889
1beeaa6a02e40b0fff16355e05e9bec0,0.16336805555555556
1563c7dce6dcd63cee0556e179c429e0,0.10798611111111112
a0b78959c70eb629eef969ac8924aa6f,0.028559027777777777
f74ed0b8b5a94d0d5837daa9ddc0673e,0.9807291666666667
4bac80dde8e764cfda9e5c1eb86a6a86,0.6517361111111111
1626aab0bcc654fd38097ce0d76ca98a,1.0
7330243fffc315fafc45de101c6ba1ab,0.8487847222222222
7eebb08d0cc8abec8bf1e3dc5b42725a,0.9762152777777777
96f672241b631a0991f8c2bfeca96015,0.94375
139d07da8f9bd6c408b23d7e0d7e83b8,0.2551215277777778
3c72ffa22d80cb739357f9cf1c817d78,0.03107638888888889
d8491ee8ac687a7e832d2ddbf070514f,0.2551215277777778
843217a2b1fe9ccb9e7d497b4f94773a,0.11076388888888888
69a890a8a77a283aa1a1a55984e9bc2c,0.3587673611111111
83e0a9bd010d5ab22feb5822f56102c8,0.5763888888888888
a474b23eb7fe044d337661f6a552eedd,0.026302083333333334
78faee34b957f518e07250bb75ed8b63,0.20069444444444445
57fcc41c6b5af88908d13c60e2152417,0.4801215277777778
b3e4a4c6cb887dd3eda5cc444a317d46,0.09427083333333333
e135db55d63c5c4297f9e70cb6cac51b,0.22256944444444443
db676dc97f5ffd3b1574f6994c1e1123,0.017621527777777778
55468d8ab11a00b72af95be0625fc9ba,0.9006944444444445
3be6b9e5c38ffb904d3fd366a41dc02a,0.9721354166666667
4923d84cc94fbb7a47f58fffc3218796,0.9387152777777777
19e5fe669227f2c42f73ae1e0d5ccd6e,0.9243055555555556
1652ed9f6d0969548690819c512732e0,0.7776041666666667
24dfe95cad7981b8a7137f7130d38320,0.8461805555555556
3db9687515c18dc4d5a94660135864c7,0.4612847222222222
cdc72934aa5e5bcb79fda8eb91914b0d,0.6909722222222222
66f300968bd63c3e06a9724306d8ea80,0.45260416666666664
c25039dba743767146629394415923bb,0.08524305555555556
4b51a0697588f7038ca9aaf96d488d90,0.3145833333333333
007c785d675d04f3959bdd9819b62bb7,0.7510416666666667
7b9f6a1bd41a50214fbc9c189f4fb44c,0.4583333333333333
e83c15304189f95f297bc45add819311,0.33663194444444444
821c2d9406e142a7f2d25794be94f64a,0.2799479166666667
f2488bdeded244230d92287214605da8,0.018836805555555555
b7a1050f948f979e7da6ec9585405ba1,0.43993055555555555
aff0c4fe7b4c8314ef935783bcf8369e,0.10295138888888888
88802defe6e46261ba1a0717025caaeb,0.5972222222222222
f68d6d490b976c4491d77880fe9339b1,0.5306423611111111
d2ac3fb7933db0e2cf872bc2c3c67208,0.6177083333333333
01c6dd5755182d97515fe580f4eeafee,0.6127604166666667
c00cd2fd4ce1f162766ca683cd878817,0.24461805555555555
ecf63dc1606ea7c8518f4b9565dcfa34,0.4717013888888889
fc3f59d542ddad48af00905a4b163cfe,0.6828125
7c4922e934ecde5129a26a63a9618481,0.56640625
8df18c2225a304d1f1b2aecfe001e5be,0.7327256944444445
fc6708f736494e5a3325819006db6f41,0.5707465277777778
514edbdd8b74001e3fa819d7bb321c52,0.5940972222222223
d43982d83d050bb8053fdee75a0e220d,0.7433159722222222
612cb590a8cf68409ab57a979cb0ea6c,0.6763888888888889
becadf2084f44223733fdb1db57da3ee,0.66015625
462f261fee250b0d1d1a1f4ebc121fa0,0.5967881944444444
4baae83a54e112a93c4afa58748e28ce,0.67265625
e60e39a6cc6c48a6447345bd7411a8e2,0.3780381944444444
ae36d9d622bfad0c2ef1e1ea4fcd45f6,0.6076388888888888
ac015595057507d32ab3e6e195b3d936,0.24973958333333332
3d62935b6ccd16e46255a73b17f3a6fa,0.3263888888888889
7df50438e3bb0e0b6dcaa96185ac46f9,0.6163194444444444
aeb69012ffd00073efbbe5153f73bb5b,0.4627604166666667
9328a9a1c6d8561a1c06c694d5801836,0.33828125
fa002c063e60758ba2fafc9c3353bb4a,0.153125
765da92dd1789a9caf25101597c99cf1,0.48055555555555557
6f0ac407c6e1401815bd9e9ed7d5541e,0.2584201388888889
736516a4020be3f8d1f4722b9d3a8ce2,0.04479166666666667
c8e541a4f33c39219dd6b8d053b3d333,0.36128472222222224
cee08ad618a1069cd04eb04c0a4e99e5,0.2107638888888889
5b167b15533da58772145319fe27cca5,0.2107638888888889
7cfffeff9745a6501cb8f2df0200d48d,0.9953125
c6336122c5a9791853390c9fdce19a94,0.8708333333333333
f55dd090c438210250fe38b0049e2add,0.39340277777777777
b3bf5d248453ccdf2cbe07526051b95f,0.3963541666666667
3bcb5de995a60bce4dc23c28a77698bd,0.5071180555555556
5ef66b5bdc6f01669fe0e24f686febd8,0.6708333333333333
d50933ee46fecf562cd9ef42c40ac742,0.2826388888888889
2e15e0f467b722214d3804b25d7d0d62,0.609375
2f0e2bcdb3d7ecdf36a3248d9d500441,0.15711805555555555
04b515c1eb0adc2d79325bef1136309a,0.3104166666666667
8fa2771677e316c6926738d5bfa36f5d,0.43802083333333336
dd8c71ba62067d40ba7f5c4a4e6dbfab,0.06215277777777778
0358dca594d9ad64388cea72aad1a6da,0.11918402777777778
f45e2fb0be3c6bc51b208dd82e9cbcb4,0.05538194444444444
95be88e131c172732aa50f6a3d1c9980,0.5368923611111112
98007abf1c673241aef942c55bdf4296,0.1427951388888889
a04f9005f18e6aa448d52ca76f65c8ac,0.22291666666666668
96aea5c851c9f5cdb31065258d2bb468,0.050868055555555555
b42328ebc62022399b98a68317137c7e,0.39774305555555556
fbcfc5c27f0c78aab832796b703092d8,0.5825520833333333
2fb32812a0c59d1e27bc1130fb833232,0.6215277777777778
5413c27e25fda729f47ec25072fdc038,0.12430555555555556
ea78e07cccae4a9906c70c2dcc93e1f1,0.38055555555555554
3b17d1c3729566378497eff4ff8114fe,0.5934027777777777
5229c79811b659fcbf3cc0e02ddb0fc1,0.5482638888888889
df59d7ad1d44f70f794bd706f9c9cfd3,0.7116319444444444
74e54f8dce99d0938cd48788741356ef,0.9637152777777778
3c525955848359346c7e792f79514a73,0.9956597222222222
bffc0eb8ee9f9bca7d6cccd31016e35f,0.9765625
cbde8af4c3eed77457a4cecb65eca95e,0.8956597222222222
0cde330bacc62e76b9bf1b5baa1f71dd,0.051041666666666666
54aa37fcbf2e01feb7a2b7629a687c53,0.1765625
7e031ad87e2379d0d3810682b57ee39f,0.1140625
4a50c0af53617ca46b1d2c559fc2e39a,0.37256944444444445
f5615b941e23c6cfae0ad05f36f8b31a,0.4814236111111111
ff1dc4f515be01e610b9578efe5337ef,0.5749131944444444
526cf54fb7ac394eaaefd84a8a114dd0,0.5605902777777778
04f9dc8909ab40a9ede77977606f4539,0.6721354166666667
31f0588e838e1c362b9c92cb6edcc636,0.8401041666666667
30a2dcd6a530b3a7249d104acbb66e87,0.6046875
429a1c99529b42dc926937aef95c76b4,0.6651909722222222
eb3cf1e4ced25fb733ae72e7b9c418e7,0.7926215277777777
ca2352935f4186c3853ad95dd5f7a9d9,0.39470486111111114
d701c23c6401ede421a3a7e64c6fabe5,0.37395833333333334
d531fff82d69333ca1baf6cfa220363b,0.24904513888888888
9f7b416239e05d3cfdd95d2c475ee602,0.1921875
c0d4b350d4b02365b16fda09a0f017f8,0.23506944444444444
77bdf8ac2d2bcda102485bf464f98a34,0.2964409722222222
bce261ef8f9eff5a4504b260f2b7fdf5,0.3157986111111111
7b9ac1890effb552b6801a19c7eb45ed,0.6238715277777778
26068bb7e4ef4789bdbc24b700a62cc7,0.8311631944444444
1ea7e6d8e56316b8f870881fc710b181,0.7798611111111111
03522bf52dd29919a055d66ca6171e01,0.7224826388888889
74d7aa90756fd202ee0229789bc4d2b0,0.41779513888888886
eb7721d0c6b1abc5fcd2d379a468c149,0.8527777777777777
39ebd9a96bc5ee35c4e6ebe57f9ca6a6,0.5502604166666667
63a35ba993adf9b2bfb7e762c0d30f6c,0.7293402777777778
1dc36755ed165e2c5dba5fd3805ff438,0.5502604166666667
deba06e1e6a484b0b599947d7ae83bdc,0.8118055555555556
01bee4aa5e5e8598d4bc4b4c44d8ca8e,0.9571180555555555
5cf9536363c80003bddb8ed0ca7a3286,0.20555555555555555
7219ac888eec5efa1179929fb7c026d1,0.07048611111111111
260296ce880ebb2ea66fde800fb5fd01,0.41041666666666665
a374eb5a5ba45fea1af6233e62686d41,0.14635416666666667
6900c120d92795f550a595e79361c19a,0.49201388888888886
d0a61c9ec40e8a4c0b0fb6906b1602a6,0.22230902777777778
5d703da3082180bc1bd44149bede79df,0.04010416666666667
af172829ce8fb61f4393dffe5eeb29f1,0.017013888888888887
09210267351c2db1b068bac08bf58754,0.041666666666666664
76be83295f3e7f71b456ffa2a3357cc0,0.05434027777777778
cc3d5dca1923ededfbb7f3ba9e02f7f4,0.008506944444444444
acd3477d57c1dae293d5cddf93616fc1,0.04010416666666667
0db5d1763b8b72078b5da994fa6957a1,0.5993055555555555
da4350d93a45bb645e7820b5b6ae2f18,0.8270833333333333
267e959389e5ea6c4174f2ab9b2c647d,0.6092013888888889
6e759a142da01d61a65b69d940a4a2de,0.6041666666666666
a6716c0bc8bae6800bd98acefe4fa46c,0.5912326388888889
498c4d404dbc2b23ca2b9e05f9ccb55c,0.7651909722222222
1c77ecbdaecce90d2f36b801d66afa5d,0.8822916666666667
5f259a203eaee9185a240c47b287c1b1,0.8289930555555556
08c0d19da4b325c1570df146a57179f0,0.5364583333333334
2e9d70c2b71045c6573a2e25194eb074,0.8960069444444444
4f3d5753241fe0559b9f043645050313,0.8078125
960a19367312f76f5fca28a145e0cd89,0.7296875
49378c58022d7ece275bea197e98da41,0.88203125
8a8d910c4ff544ff75c0bc7788ae014c,0.5873263888888889
9f8bf471ea38a6a4a0b58559345f8027,0.75
1fb630d8c66204667971ce86041e0492,0.8071180555555556
4915781730f50788ac4a6b2c386a3daf,0.6782118055555556
4e4ce223fb8d87abdeb8c47881cf140e,0.6782118055555556
26ca9326e1df62bcc7afa0bb29774e69,0.005555555555555556
e939ac5ac9a61e8397523d887d7bf8f9,0.12013888888888889
1e4dd8b6d1aa34563558adc7d7b8e743,0.008854166666666666
c5359572947d0c3bebfa2307965f0e4f,0.026302083333333334
26e353340858d9d5c48f24a17d68c339,0.017621527777777778
69ccb6757565bd5bbdd7789e5237f02d,0.1796875
19840dbad2c6a31457332e2992840f99,0.04565972222222222
daacc6e4073ce3c919b2594589f30f96,0.3125
f4a8c52c048b625b4330b5976a1c8dd3,0.03888888888888889
e8a2407064f46586636016b424019c0d,0.5901041666666667
01efbdbad6a4bba072b7dabc9eedf210,0.019965277777777776
2fb054034c9b36f9881070705988a8af,0.0050347222222222225
